Category,Published Date,News Headline,News Content / Summary,News Website Link (URL)
🏅 Sports,2025-11-17 17:00:35,59th Aqahuto Area Annual Sports Meet 2025 commences in Kiyeto - MorungExpress,59th Aqahuto Area Annual Sports Meet 2025 commences in Kiyeto  MorungExpress,https://news.google.com/rss/articles/CBMikAFBVV95cUxPQlJfMjhpRXI4NHVjWnBZNWJnTk9FcFBScU1SemxzWURMcU92SXJ1eEw1c2lOSDVfRGwyRl94VzBTMVgyNEhJVlRxVXlCdDBKZHJ4RzdTSERoVV9ibnJtcGlYNk01M2JCalRGQnJCM0I4R3JlSUROSGpaZlY3MGo2LUE3TEx3aGgyMzA1R3dRTmM?oc=5
🎬 Entertainment,2025-11-17 16:07:19,7 Actors Who Received An Honorary Oscar - Times Now,7 Actors Who Received An Honorary Oscar  Times Now,https://news.google.com/rss/articles/CBMiswFBVV95cUxNY25XSjMyNDAySF9wdjRmdzVSOVUyeXdsdWRkT3FRbEhTd0lzWktuaGlCMkdNVk5kak9HekJCZEJkZlRZQTBjQVd3NktqQ2JOek9GU2RlLTlrcUxTdjJBRGoyam1TNjFSU2dDVTJLQVBOSlN1ZWk4X2R3b1hYaHFmY1VtQkhDTk0tdXJTY20wV0dFOTA3Y1hkTl95MEQ2S3dsX3ZraElwZGhZbnl4clpMVG1aVdIBuAFBVV95cUxQeG1wYnhIVzJsNlNuOGRpdWNkNWJlaWdaTjdRRHlScVIwaUFJbDVyQWR0ZWxBSW9VMnlLTjFkMmxWYkFkQ3ZaZUNqQ3FWSDkxZ01WQjJ1ZGFpd3NxOFlvY09ycWlqSmZRdEdUMHl6cWhjcHBSc2ZpNFl1U0RuNF9aa3FjbXpoVThlOHRBeEthOFdQbWlIRFpPYTdNQjlWa0tCblJqaG14d2ZaZ0R5MjdXcmhiS0dfM2Q1?oc=5
🎬 Entertainment,2025-11-17 15:56:00,"Vikram Bhatt booked in Rs 30 crore fraud case by IVF doctor; filmmaker calls FIR ‘misleading’, alleges fo - The Times of India","Vikram Bhatt booked in Rs 30 crore fraud case by IVF doctor; filmmaker calls FIR ‘misleading’, alleges fo  The Times of India",https://news.google.com/rss/articles/CBMitwJBVV95cUxNbWtrVFU4R1ZtcUtIZWsxRmlwZXZya1JwbThNWm5rM25XMVFQSW1BUnZDMWVaRGJDYjZWdlNJMmVrVEdBZVl4Z1VlS3JmZUd6THZWOUFRUXZqTmVzdFFfQ2tmQ1dJeEhjU3ByOTMtc0JYSWh6RWxyYkVGUXp2TnBuUE9fakVTdEdpZHFBRks1Y2FzbFNKSFRpRC1PQ19kNDBEcTllckkyXzlXYlBBQ0Zlb1BzV05YQXk1cTc0MTFYSDJRZW50TjFodlNIV01RZ0d2aEhMczFxamhqejByV2R0Qnp0S2JtTENkbmZENW9ZRzBuV1JueFhGTW9XM0d3MVQ0RmViWV83ZE1EanVPUkVDSU5TODBXR3dQd1hEd1dvUWVBdHR4aEQ0bEZ0Rzh2N0tMQjR6NnJONNIBvAJBVV95cUxQQVlyV1M1dnhad2ZrcXpJb1RNTW9DRlRTRmJXeHZob2t3V2hJZk43dkJtZ0c0T0VTdWlIbEZhLXBBRkJEeHNoOGdtRzQzTVVITzUxaXVseDJXZXUwMGtSSExhUU9PYWRSOHJmbk9YbjBBV2VSUW13QkxtQm5GT3RPaUs5ckF5QTBTcUgydDAydWEyc3pLYU5KWjRmOUlVWUZfVDA3QWdpRHZRMy04UUJZNlRLQmcwUU1nZVVWUDE4MEJFajR6bGtfb2JYbGsxTkdQVjlVUWFDRXVwNjE1RFNBa1RzdjFMYVJlU29xS1phRUhPMG5sMDVtY21DU2hyWlN2WnFzdzBnSF9FTnRxbV9fSjJhbkVGUzh6X1FLTGF3SkNDZFRQSzhvTjhkWmx1NkVUYWtrOFFqOEVxNE1p?oc=5
🎬 Entertainment,2025-11-17 15:52:32,South Africa: Screen Talent and Global Entertainment Scheme Expression of Interest Period Now Open - Fragomen,South Africa: Screen Talent and Global Entertainment Scheme Expression of Interest Period Now Open  Fragomen,https://news.google.com/rss/articles/CBMi0gFBVV95cUxPSWhCLWFBSEh1LUpBTWtyNXl6OEREM0FucFg3TjhFTU9FeWxrYjUyTVBYajNvZHJrQWJGRjUxZ0hhUEVELXRQTHE3NERqa3hzOGt2Umpwb2sxQXJtYWVWam9pcHJoLWQ0T1REVmRIRGduT3M0N1lQWWRjbDhYU3VHa1AyYWVKeXpQeEkxSTRWZEQ5WWc0WVJ4dk1udjJpUGpBV3lJNU11Ty1GamhNQWJjaVFVYWtTTUNZczRuaGZGNlg3RXhYZjMzT09VcEVjeXZadXc?oc=5
💊 Health,2025-11-17 15:43:03,"IARC, WHO Academy, and other WHO partners launch new comprehensive learning programme on screening, diagnosis, and management of cervical precancer - World Health Organization (WHO)","IARC, WHO Academy, and other WHO partners launch new comprehensive learning programme on screening, diagnosis, and management of cervical precancer  World Health Organization (WHO)",https://news.google.com/rss/articles/CBMilAJBVV95cUxPRXNGQjEteGlzUEFPTXBGM3FVNFplZTNIcnBsUko4S1pieGtFb29wUnhlbWpCUU15SjZuaEZRUDN0RUFzTWo3dHNzdmd0bDdLVmN5RDlmTEVta09Fb1l5OWFST2gzMEt3Zi1TN0tOQzUwbHBCbW1GZzB4WjJpeW52cXZuMGVMN1BPSmlpY25ONExOWkI1WTlsdC1uWmxZeHB0Nmc2aVU5WDQxeVppY1Y3VE9neWhBMWdISDFla3owYVNrUDNJb3IxektsQVUwNlNGeGIySVZzdk95UHpKRjVuLWhVR0duRUZDWGNvcksyd25TbEtQMlFsUFRpcE5FTzlIN1paZVNSMUQ3NTA5ODh0M0RIRXI?oc=5
💊 Health,2025-11-17 15:39:00,Low institutional delivery rates: Health officials instructed to take corrective action - The Hindu,Low institutional delivery rates: Health officials instructed to take corrective action  The Hindu,https://news.google.com/rss/articles/CBMi3gFBVV95cUxNdlBJRmx6ZElZTWFmQXNYWng1TzM0R0FVeGRRcFk0Zk1OaEdwMmJwTm5uMTNocHJKOVY2ZzV3VkZZWW1ORW5nclNBWktkVy1yWThBY0VncjJmOFUyZm9GX1JQeWtWMVgxZmctR2hVR0stN2pQUnFVWHVJT1R4Q3V2Wkc2b1hrcTc5S3cyM1JKYllqTGo2Qnd5Y2poSzhzM01RdF9fQzFTQklHWlZvS2FUeTNscm5WMGxYdVBmVlVaUnVKYWNyUkNYOE0ya2dad0JkMU05anVKWFdwQ0xRU3fSAeQBQVVfeXFMTU1ETUplSEFZRm9lVVRDQmlMRmZ6NkhBVXVKaTR2T1hOV21HYTNES3QzMFJpYTVCYjNXZTN6QXZVeXYyZnFlR19wdE1TWUFVTjNRR0Z2MWp3UldrZWNZSVlwY0VwTHllYXMybUFCT3V2R1ZkclVLVGtPVEZnSUY2Qkh3YWNzQ0lUZXpPNHVZdXg5MU1udFNkSDdzSWRuckRyWkJZSkYxRjExVFhLM3NEOWszNkYzRm1GdG1UbGxGUDFPYlY1dEdLVUtTZ3NPZnBrYmNqX1duSkhRY0l6ZnRib0pEcjVf?oc=5
💊 Health,2025-11-17 15:35:19,"WHO Director-General's opening remarks at the strategic dialogue ""Healthy Planet, Healthy Future: uniting for tobacco-free generations"" – 17 November 2025 - World Health Organization (WHO)","WHO Director-General's opening remarks at the strategic dialogue ""Healthy Planet, Healthy Future: uniting for tobacco-free generations"" – 17 November 2025  World Health Organization (WHO)",https://news.google.com/rss/articles/CBMinAJBVV95cUxNUFJPLVE5Yl9yYUVFMTBPNk9VYWNzODlLWnpiSzRUODY3TE9mWWVqdlpkNjJ5bjZ3Uml0RWJ5U0VJWnRtZ29uYjdCWkdlSFpMWFozQVBuX1Q0TGhpNjlpdzZma0UwZFZ0RFBxTDB3ZzZZRXhUc2lHUDNPTTZPSm9Qa0txbGFyM3RKa0tiaFV1MzViRlFLdHBpd3BodjBPU3h1Yy1jR0ZaOWpTSmp2RlpGQVhEM0d2UkJraUVVYktHckVydUE3cEdiRjExcldKXzE2U0IzYWJGbl9fWDFTRFBZRUdoeUNDWlBlVVJjNC1ZYnJtQ1Rzd09kbjZyVjc0cUthbUxHYVpmY29td3JWSUNYYmo4OFVRT1lOOFZPSg?oc=5
💊 Health,2025-11-17 15:18:57,EU Clears Path for Biosimilars in Diabetes & Bone Health - Medscape,EU Clears Path for Biosimilars in Diabetes & Bone Health  Medscape,https://news.google.com/rss/articles/CBMingFBVV95cUxQTWVLeG1CLWVKUG1VTjMxaGFWN0pfdFB2NlpQUFdiZ3pKeTV3QWFyRVdFc2dmUVRXU1RUQlg1ZWxmSFJXZFhvWWhsRTRnYWF6RjFzcUo1WC1Lcmx6N1F2b21Wb0RFSTJVeGJpUmVleU93V1pJYXNQdFZ2SVp0UHdOdkNGN2VxYmNkY0lhbmZObGV6U3c5MUZrSllYNEpLZw?oc=5
🖥️ Technology,2025-11-17 15:06:00,CEO of America’s second largest ride-hailing app Lyft says self-driving technology is not entirely ready: - The Times of India,CEO of America’s second largest ride-hailing app Lyft says self-driving technology is not entirely ready:  The Times of India,https://news.google.com/rss/articles/CBMipAJBVV95cUxQQ1RnOTBIVmFZMmM3d3g4MFI0NGhkYThua05vRzc5ZHBLdTZ3cnc3emllMlZwMVVlN3VPdW9XeDk1TmJtVktvTzdJWUZwYmxsZ1AyYWIwUVI2U1hEM1hCVWg0eXVzR0x1OWMwZnhXN081cnFQOXd1RUlVNm1PRTRNU1dNLUFzOGo4LWhaVUVXdk4tRWd5OHdvQ3EwRjVoQ2dmU3FWNExpUU00U2JWRm50Ykg0MFlVSnE3X1NDVzFJUVNsa3VkWHhtel93QTExajFVb1hjemhVTEVPVGFSb0tzZVQ1TV9BcmVKZElXZVZGTlZxeDJHa0F1RVhEUzZjWko0a1pBaldyRjdoLWhGdjhJSmhmQ0pOU294bHdYRWpELXd4dnc30gGqAkFVX3lxTE9RX2Jnc2FYbWlfUUpCdkV2ZnhNTjlSQ1luLUhDOUI5LVJfUjRqR2M1bDFzTUo4MFk2YUlLNkU0MGtkeHcxS2liS1l0RnEtU21GRVZqa1FybVEyQmVZa2tKbk53eDIySFlHaVFGNG41R2xoNGR0U3gxVklmaXRLSzlqVUUzdV91WWJQU0RSeS03bnVmNnR0Rk1sbG1MMl9YeGhNemx6YnBxRXRVVmxHN3RVTm95RUI2UFp3dkJ0R1dQbEJ2ZFpyaGdLZ2hvUEw1LXJqRjdTWmNXanVXU3BOVlVWbERGZDBWajA2WHBEaklpYVNMZlB6MkVnT1FwVFZIdFJZeVVzUlIwa3lBSi1Ncm9YQnI0Sl9hdDYwbTA1UllJT21LOGptcDlMdUE?oc=5
🖥️ Technology,2025-11-17 14:41:32,"India’s Best CEOs 2025 awards: Technology will be the great leveller, says K.V. Kamath on the next phase of financial services - Fortune India","India’s Best CEOs 2025 awards: Technology will be the great leveller, says K.V. Kamath on the next phase of financial services  Fortune India",https://news.google.com/rss/articles/CBMigAJBVV95cUxNblk0UFdMWjFVS2xMT3hjQjNOdDhDM3hQYmFrcTRlaXVNZzFCY0FCNXhsdVU4QS1kWkp3MFJCTV9hQlJBVkItSXJITUstVjhSSHBkcjliX2dWcW5KRGJMZ183Q1BzVjZkZUdpcmJGLW9kelNhSmJNbEVSVDNfOVUtcUNISVp5eDNDVWNjM2FlNGllbFl3enllTHNLcmxyYjFqT0xCNzJPclJsVFdib0g4REM3MjBXdHprcjRwbVZfdmlpTm1NVVpXUnBIZ3NaNnl2N1J2Qi1wUHVWcVNtM1g3TVdkUTRmc1U2U0xCLUVhNUdsN3l1NTlBOXJYZ1l6bGRh0gGOAkFVX3lxTE1iXzYxeGRZY05GMXhaUFZxZ1d1cjJNaExObGN0RF9TR2o2d211R1ZkejBiLTJqcElHQVVQb2hQY29LUzQxQkxPNTF2UVA4X0VIZWFpenRHM0sxQWlkSFpMRWVXLXB0MFR1S3RSN1FfTXRQTFFVSXFsNXJwd244TV9SU0pyOWpsQ3NNZmw2SlUzVzM4TFp5Ui1FV0ZCQ19NMU5EYy1OTHlHMFYzVGRFYWtqdVVPSXQ0dlpmTUVfOHdkTnN6VGRvcmI1ZDlrWk5IeW4wb0JjMkE2Z3VuLWRMUWxaRTBKR1NpekVBQ25VX3B6WkdBTGVxSmo2NWlVSVlHMzJQWWZyZHN0U3Rmem50UQ?oc=5
🖥️ Technology,2025-11-17 14:31:06,Methane pyrolysis technology - Exxon Mobil Corporation,Methane pyrolysis technology  Exxon Mobil Corporation,https://news.google.com/rss/articles/CBMitwFBVV95cUxNLTVzSFJsU3pwekVxRi0tWG12Nk4tWlh5OGNCeHI1NHJvMHhBc1J1cld1djU4aWtKbFkwZm9saVpHbDV4aEFIVE9GVzRNbmkwUW1zTzU0anp4TTI0NUJCTDFvaE50U3hqRHcxWERkSFB1Zjc2OThSZjk4eVVTN190V1YtN0gwR2dvanRldklpdHY0SXNqRWNqbFplWktERFJXYmQyeUV5LUREdFprLThBdERzdzNiNms?oc=5
🎬 Entertainment,2025-11-17 14:23:13,Starz Entertainment renews CEO Jeffrey Hirsch’s contract with updated compensation - Investing.com India,Starz Entertainment renews CEO Jeffrey Hirsch’s contract with updated compensation  Investing.com India,https://news.google.com/rss/articles/CBMi0gFBVV95cUxNN1pmTVhIX0NNY3Z0enBZVW5PRHpMUG9KZ25sOUpNVFlWY21PMkI3TWdyeU11cHIyc3NtLTQ1M0lWQjIzUFNsaUljQ1N4SmVJaGMtb0pScThZQTl4Z3EtMm9VYmlhM0J2MFJISjJrVlp0MDVLOUhjcE9zdnJuR0VFQmhORWduWEpTb2F5WjRzRjA4UUF6ZVlrN2FNVFlzd3dkWVBacjJkRTRUakxaZnhZOER2N3FIeHhNTE9zWVBnVzA2VklTbnV4SHFkWUZPMGR2Z1E?oc=5
🖥️ Technology,2025-11-17 14:15:52,Yudhvir Mor joins The Times of India as Chief Product & Technology Officer - afaqs!,Yudhvir Mor joins The Times of India as Chief Product & Technology Officer  afaqs!,https://news.google.com/rss/articles/CBMiuwFBVV95cUxNQWc0bFd3OG9nbmhJRG5XdEZFQTdhVW5xRmdmZk12a2k4X2hYYk1hUGdsTHRIUjVHdFpidmlOT29XTDZUa0VZb2RLeXNnaG5Ec2l2UUU2NUxQSkhDUlgxZXlsNVgwV3NMbF9Neno5TWEyTGdwQnQ1Q3Ffa2toeW56eFJXVUpMVHdhclgzV1ppa003M25SRnFjZGNGNUlzYjJhajJLMFFqelJGQ1JCYUdJOFoyODlfT1dVQUU0?oc=5
💊 Health,2025-11-17 14:14:00,Mysuru hosts global conference on sustainable brain health - The Hindu,Mysuru hosts global conference on sustainable brain health  The Hindu,https://news.google.com/rss/articles/CBMixgFBVV95cUxNNXJPYnlrMUZ2WHpHT1Ywcl84bGtmbW9lTEt3Q3ZaOVk2NFRaaVJ2WmJ2eFdDREgyZmFSaVlqak9SV1RfZ3JZSDlwVU1BYTExd0Y5MEN4ckZRMmxoUWViclI1cWhBRHZHM3Y2THhyNjhFSk5IS2M4Y3lBaFNsZjJQc1FpZHVYaUszY3FRV3diQVI3Mkx3MXdKN1hMYzVTSDhRaXoxc3ZseF9lOF9kclZ0TG5mYVZvUFVWbDBSRGF4TUphUmRhVnfSAcwBQVVfeXFMTmJibWJ2SUN4aVRFVzlKX1drczhJWXlFRVdjWjVBTDY5eEJLaTJiRElIVzAyYTNaNXpIX0t6WXhIT19mTl8tLTY4OXFtUHZrSzZFY3dQTE9PazZvS09mc1ZoanU5NUZlZ3M3am4zQlZHZURlRGtJOXZIVF9ySHdmUUc4eDc3ejlpakVnX1VkT0ZySEFNVDVCNDY0Y0lUMk02eGpPemRYb2RGbUFsUHBOTkRtR0R5SENoLWpxSkJJdDJTMGdKRHA4QV82R1Ix?oc=5
🎬 Entertainment,2025-11-17 14:02:00,Tiger Shroff to lead Ram Madhvani’s spiritual action thriller; Shoot to commence in 2026 - The Times of India,Tiger Shroff to lead Ram Madhvani’s spiritual action thriller; Shoot to commence in 2026  The Times of India,https://news.google.com/rss/articles/CBMikAJBVV95cUxOcHJuYkJzN19kLXF6dVRaU19WQVo5QkdaaVhFYkliVXlFOUNCQ3FKY2hNb2t3d18zZXh0UXp0ZXQ0c1lVcHFTSm5NeDMzWnNBdDFBTUliempzazdFRWM2RlRDVkh2aHBXRFZTNklPcDhDajV0dzVhVFhXcm45aEh6WUlWcVdlSXJyUTllbGRvWGNqVmtYMmJHVUFQQzhIUGphVjlYOGNhRS1EYzVGZXRIcW0yYTBROG1oVFBnenFwRjhrQUVBazV4cnNzMlZRM1RYU0VyS1QwSHpKcU04NERON19LM2MyQ0NwNXFwajEtVV81RDR0M3lYU2ZiMnV5eWV5cHRrQzZRZEtSQ2tqRmt2edIBlgJBVV95cUxOZFgzZFR3akRCR2Jpdk1aSm1xbmpaOWg3V2paRDlPUU03TFJsMGNhUjRTWnQ1RjNSYXp3dG5FeVZQUE04UTA0d0swYl85b21JNUFOaDNrWmlxQkFlNnVFSmx1WnJvMWVCMkp5dXRjck5oVk5memR1dnh2M0t4Zm85R1RwRzlSTlBLRWV6UUJ0d05DaXdmTld5QU9LX25ZZ3NWMkJGVkMwUUxvUXRTSnRzR3BReHJwUFRYN2dva0hmczdLUUFwQV9oVkNrX0QyTGNXdl9UNVRCLVBJZ2xYSG91bmlUbVRJY0ZTOUY5c19UTXAtbld3TjU4alkxQzJsdEt1QzZwT3ZRSEJucDY4Z29Sb3htRmh4Zw?oc=5
🏅 Sports,2025-11-17 13:09:00,Nagpur-Chandrapur-Gondia Circle Finishes Runner-Up At MSEDCL State-Level Sports Meet - The Times of India,Nagpur-Chandrapur-Gondia Circle Finishes Runner-Up At MSEDCL State-Level Sports Meet  The Times of India,https://news.google.com/rss/articles/CBMi7wFBVV95cUxQSDdDX0k1VDAwZ3dsTDd2Vk9CVWhaeG9Gem9wZ0ZEajBFSHVwd3BYcGpLT3hrVFRwZGVnSmR1Y0pjU2RlOXpqSnJvWTZ5RGt0aWRJX0xOTkhwdWZTNkFkdVU2SkVydndqQmRxaVJLdlVSLU9OdTJuOWNOV01DQVBLZERTUXZTSWlMOWdfbjVWNzRWX0FTSWw0cUxDaUJvZWJtQU90M0M1VlNtRFNhQkxLdk5LZWFRbDRZWGlfemhwemM1N1BHaVlBLVZHaXRxREplNXhuX3FXVjJwU1RaMVFId293aW5qWE4zZkc3d1Foc9IB9AFBVV95cUxOZG1RNWh3cE5NQkJzSURJVzVrbjB2MGpEazBZZ01VbjJ4Y2ZKNnFRYmZUWTRSRkkxRWFqelRJYlB3M0s5SllKRmhYVEQ1Ym1EN0U4b3hUZGRjMHNGRHJuUDdHTUxSX0dnUjMyRTZ4VS10SHczTkNZekNKWS1GVXVzRExneDg1WUNxbHFsNFE1RnFjN1pMVXBmMVFUV3VJbVNsVnVTVWM0aWlCMGgxUWF1QXpKODlRdk5sMHdhdnROcS03UVI4RnV2UU1IcTMtYjQzNkppVWx3UEcyeUVBUDRlMlEybE1Vc3BDcTBtVUlCekpGeTJX?oc=5
💊 Health,2025-11-17 13:00:00,Improved scientific advice for medicines for public health threats including antimicrobial resistance - European Medicines Agency,Improved scientific advice for medicines for public health threats including antimicrobial resistance  European Medicines Agency,https://news.google.com/rss/articles/CBMixgFBVV95cUxPak5QUzd4bXp6UVVJRFo5X2h6MWhBcjFKazFDX0JaV3lKTDFHYXlzWUtlZ01NZ0pwVnJzbktiSlV6QVhDWjQ2OHJRLTFfWEhKSm5RanBrQ0UtT3hzUl84Zm1GS1ltMTF2UUhJMEplV3FWRUtIV3RyN2N2ajNzLVJuLXZsZ2ZMR1VtRi1EbXRobTFPQVE0NEwzUDkxb3ZWU2QzdVQyeXkwcG13a3FuakY1eEdaZlh2TTE4N2NPS2FhRXdnNldQbkE?oc=5
🔬 Science,2025-11-17 12:57:37,AI for new science discovery: Researchers create first Milky Way simulation to track more than 100 billion stars - livemint.com,AI for new science discovery: Researchers create first Milky Way simulation to track more than 100 billion stars  livemint.com,https://news.google.com/rss/articles/CBMi_gFBVV95cUxOM1dqWVNjcHNTSWZUZWlxTzljbGtqckF2OE45bzZmQmpmMndjdWh6TXFlS3N0QUhqWVJPUGJEQWdNNDN5UTdEc0UzdUJicnRkeVp0elFZMEt2bUNaMkJvUG9ULTFQbnBFZ29RSVNjby1tcjBOckJSOG1fQWZ5T2hTeGRUcll5eHRUSzAzVkJJMDBWRWZPb0p3YzQ3QVVpZlZGZWtsb0h5ZzlvRzMtZXNhSG9ocjhQRUYtY3BObXJoaUkwOU42OHhhbWx4QUpnVzlEbzBzNjR6ZV90N2FuM2JxV0hEakZBREQyZjRQa2RNU25XYkpReXM4WGFURmFQUQ?oc=5
🏅 Sports,2025-11-17 12:50:27,"School assembly news headlines today- November 18: Top national, sports and world news curated for you - India Today","School assembly news headlines today- November 18: Top national, sports and world news curated for you  India Today",https://news.google.com/rss/articles/CBMi5gFBVV95cUxQYk01b0dER2R1T1dGTDBrdkI2ZlhxenJ4b2VZaW4yUTdQMDVEOW93alMzT25ZdVhaR29hdmdNbDQzaDUza1ZlbElYNzM5SndodDhidkJwZ1dvT3AwcUZxX3BFUjY0dTY0bjNaaDRpVHNwZzhQWmFKcFdJc1NKcXB0X1A5ZDQxREJQekx0SS03S3pQSGJqRExsbzJQY0paNklfbWs4REtpbGd0M3VPNlFXNjRfU25EVVcxZlZqUURwZ1FMSUFjX254UmZ4QnNVd09RSG9JQ2dkOUd6WlB0cTM5dmpSVGNXUQ?oc=5
🔬 Science,2025-11-17 12:50:19,Science Task Force Paper Spotlight: Why movement and connectivity matter in conservation - IUCN,Science Task Force Paper Spotlight: Why movement and connectivity matter in conservation  IUCN,https://news.google.com/rss/articles/CBMiswFBVV95cUxPZTVnQ2NjWkF5TUdSNkhTaDRVWExqUTduTWhMQTg5OWxFaUZtR3RvMXBnQ0N4TG9aRTNZVWxqampHSDFycHJyTGZyYWltb256aWlyaWZIbG9HRnpFdnBuTHBYdTBZVUFJR2E2blZYQjlWNjB0MEVnNEVpLTlENUJFMDlWaEhKSkl2VVJ0NEYway11aTlOdXBDX2lKaWo0ZFhiSWtsbzZSZGdmNzNGY2pBLVZvZw?oc=5
🔬 Science,2025-11-17 12:48:00,The Rearview Podcast | Death of the Indian Science Congress - The Hindu,The Rearview Podcast | Death of the Indian Science Congress  The Hindu,https://news.google.com/rss/articles/CBMirwFBVV95cUxPVFAtMGZtLXoyakc3ODRnNEI5MWVxcHd6VFVsLWR4eF85dXE0d3BZY0I5TUNhRXpqVXp1WXdVeU9fTzY2aEJTc3UtTmVzVXc1SzUwOG84UDdBUzdyYURITzlpY1ZqR01acWdLZWVlc3JUdGJLVjQ4TDEtYUdzLXBFaFpPZzdGc0JaM3dGcGpVQ0M2WFJxN3FjWlkxZURvd3RqNUt6aGcxUXFqbWx5V2RN?oc=5
🏅 Sports,2025-11-17 12:47:25,"AdiGroupè and AEx Sport to Ignite Indias Sports Entertainment Revolution with a Power-Packed, Bharat-First Approach in partnership with Prasar Bharati - The Wire India","AdiGroupè and AEx Sport to Ignite Indias Sports Entertainment Revolution with a Power-Packed, Bharat-First Approach in partnership with Prasar Bharati  The Wire India",https://news.google.com/rss/articles/CBMilwJBVV95cUxQTUxDckhmZjg2UC1DNDhINmp6THc2cmZQRGFRMGlWV0tfQ2FCaHZWMmlRU05DRGpmbXpMMXFkMG5zYXNycjd6NGRHMTBvSHp5eW9yX2RlRnBkcUdLeUNqNW5Jek9Yb2xWVENGOG9pUE9taEZ3YVhib2ozeVNGM25XaXRhSWdUOHBoenN2QkdKTkRYMlRfbm13aHhIakw1Qld2VVQwcFBUa0IxcHRZaS1lQ3NHNDA0ZFAwYk9SUUgxQUNFcjJ1cTB3VzBONmtiYjlmMkE1T1RHS2ZET3ZWWnFVR1Jsd2RhNVdYQ2I3VWQ4dHB4R2tKTGVBU1Btb1FyX2NmWkwtclFBa1lNY0JNbmJGMWpISHdWLTjSAZwCQVVfeXFMTVh6cUlNTG1UYjBPcF9wWDZvWHpmQnl0Z1RSWHBZNXBBZ19mUTZDMDVYNUx5MEd6NFVSbkg2U3hGeVJLY3RRYkJXbFlhSEVHRjlJcG4xN2hhMzRhaHk4SE94Z0d5VTdmSEp3amNySjV2dmQ3TlJGTmVUdl9oaENEa0ZHVURaeUt0UnhERkN3eWYxMU9TYmlRQXZrTmhQS1B6WWFyTVd3ZjBEbDhIczlQeHlOa08xSmlLcmx1bi1zeWMweE5nUm5IcS03TF9PLTBtdHVEWWRJNDJwTldXMTJ6QUFrY3gzRVBnZFo3WWlfdVMxMG8xQXVtRmRpZUE1SUdWT0UzV192S0lmLThKTEIwTnRUdm1rcEc0ZUJIek0?oc=5
🏅 Sports,2025-11-17 12:37:34,"Toyam Sports Ltd Forms Golden Cross, Signaling Potential Bullish Breakout - Markets Mojo","Toyam Sports Ltd Forms Golden Cross, Signaling Potential Bullish Breakout  Markets Mojo",https://news.google.com/rss/articles/CBMiygFBVV95cUxNYlRRM1hHLWQ4bVI5OGt4MmdpQlNWVDdrYmRtMnBxYmhRdHkxWS1sSVJ5QTdCZHVXcERUZzJjYXkxRTJmMEt4QU1aVmhJRXYyQlFLZ1pCUUplNk1MTHdma2dCMzdhbkxuUTVDd1hTTkVkV3R1enc2Z3l4Ymdld210bndJck1UQUlwejhFbzdDb1IwemxxU0tyUTNJTzRILUs5bUtZSFNTdU9wb1I1c0UwU1NfQldxNWJlSkUzWmxUOW1KcXlLZXpqd01R?oc=5
💊 Health,2025-11-17 12:25:00,Health Minister JP Nadda Proposes MoUs with Norway to Boost Health and Drug Regulation Cooperation - Newsonair,Health Minister JP Nadda Proposes MoUs with Norway to Boost Health and Drug Regulation Cooperation  Newsonair,https://news.google.com/rss/articles/CBMixwFBVV95cUxOX3hXV052M1plSWZEV3hDQVI1TXk4RlAyMC1STFEwU3pZNzRYN1pfY0Y3OEFiSnpkZGxOaXBLUjhQVFFpSi1KTUtfVHZIMWpXWl9aVVpmWkk5YnJtY0tWQ1NhckRZZWJtM2tSdHVoMHJyRGE3UmVVVE45d1lXRXVEQkQwMG9pcVg0NV9xMDAxaDQyalNsc3hxZG1sOW1xNVltd2R6djVSeHdwSkpscWJxWEpVXzhLN2pudjd3elA3VXhkclljdmRj?oc=5
🏅 Sports,2025-11-17 12:12:24,"School Assembly News Headlines, 18 November 2025: National, International, Business and Sports Updates - Moneycontrol","School Assembly News Headlines, 18 November 2025: National, International, Business and Sports Updates  Moneycontrol",https://news.google.com/rss/articles/CBMi8AFBVV95cUxQQ0RuM0xtTlFuZkhhalZXMEd0Mzg2TkUwSFFIV0NLcnk1LUhrN3QtaWhFMU10ZVREWHRScldOeHRPbGMyQ2g4enNXRlo3bW80bzVybnpXZGY3OW5Xc0t6T3MzU2c0TFVZZkRmeXFHb0RaekNVbEs4X1VEdDU0MVdSNDhfbEFUNVVzZEtoYWh1RTZsVHpNazlFT1hpMnJiZ0NXY3VtQ3JDNUVWdUtQd3RYalZTYmJfSjE3YUdGTlowWHpDN0lsS2RBLTBJRXZmMS0tNEpHRzlIeFJtUWM5V25iTGhma0pnb3NuTEpMd0F6VTHSAfYBQVVfeXFMTlk0UGlHZEU3S1RES3pONDNITXJjb2lBRFlaRzN6MnFoaElsdzQ4a1RCaHJmWk5jODY4OWlKejdZOXFTWjhER1gzUDJGZll5ZDJ6bVdEVWE4Rng5VnJLQ0RzWUtLa2o4dXFkemVFaXJKbUY2YVR2cTRZOUhES1BuZVpyTHE4SjhCSVBqMDVBMEtycEtpMi15SnFfUGd6TmE0TndOYTBkZWd2MzNDOW1YTkM5eHVwY3p4dnBDalFSenZqWjQtVjQwQ0lJMVR1ZV9YRkp2SnRKaThOTzVUZXNBVlpHT1ItU3RWUkU2b3NDRkZvc0R3MVdR?oc=5
🖥️ Technology,2025-11-17 12:12:22,NIT Rourkela patents green technology to revive India's black terracotta - Business Standard,NIT Rourkela patents green technology to revive India's black terracotta  Business Standard,https://news.google.com/rss/articles/CBMi0wFBVV95cUxNRXM1TmJHSlFIZWl5MnYwVDUzMkZkcDAxZlpCbG5HYk9yVFprcUNJNko4alZMN3hKYVZldFhQc3Rrb1VpNlI3SjJEaXR6M3RrOTV5ZF9RQlRpOVVheTRLVVFGb3BmemJtX3I1dU1Od3BRRkhDQTQ2di1OYWhkeFNLdTB2akExZGZZNXdKbmFKVDZZcHp5TW90Zm9aRGZLUWk4eHVJTEhBOVNGTlgyWDluM1VTZFluT2JUWWJzelBnX3VkMDZzVUQzaHBneVBjTWFsSklj0gHYAUFVX3lxTFAtX2hWcXVJOWlyMnpRM1FRQ3FKY3RJYkotSzJPSUQxdWVjOVdOelN5YVVOOElieDYzSzY4U3BIS2lhWWFUS01maHZkRUh4Sm9KLUtNcWJ6OUVSTVdWWHBsUVd6Y19KdEp6RnZxN3VxYjQyU0lYbDN2V0pSUjFVR0JNdGd6QkZvLVVGc1RCNW05d3FPUnVFUEF6SEJzNG5uSUgwbzhWenluZE9XNXB6RnBqNTFyUmw0NUpWZk05M3BER21CbHYtTWhhbjd4Ujd1b0RPalQ2OE5Mag?oc=5
🏅 Sports,2025-11-17 12:06:51,Delhi School Students Move High Court for Ban on Outdoor Sports Events During Pollution Months - Moneylife,Delhi School Students Move High Court for Ban on Outdoor Sports Events During Pollution Months  Moneylife,https://news.google.com/rss/articles/CBMi1AFBVV95cUxNMUxDVV9wX2ZJbGhQekR3QUkwZ0dBNkxRdFpUb1VPY3c4aHhRTm5JdS0tcHJhQks1LTJrZnRHV3l6bU9nalFCQWNJaExsRWpwX1ZfMkMtU2pjUHJTSG5LN243QjBqLUlhcDdlVFY3R21XSFMybWN5eE5jZ044QTNTNV9iem5mYV9ONFpuZkJaUG5IWHNWRGhLbFp1Y3ZEQWZZM1NuaXRZYVBLazlzUk5nZ3dsdlQxUzZLQmI0czktMW9ETjFxaXhPTlFFQkdUODdxdEFrOQ?oc=5
🏅 Sports,2025-11-17 12:02:22,25th Sub Junior and Junior State Yogasana Sports Championship 2025 begins at Srinath University - The Avenue Mail,25th Sub Junior and Junior State Yogasana Sports Championship 2025 begins at Srinath University  The Avenue Mail,https://news.google.com/rss/articles/CBMiugFBVV95cUxQQzJKRzlKWjFRVzVpSVp1YkQzQnNqU0k4Y3RwamZERTlBazRZRy0zODgxaFhfNGN6amUtcnZSbmRaWGYwWlVDa09PLThjTGpYTnNCeTR5emJKMjJ3QUtLNGRoZ245QldsUndoNGx6ZV9PbHFRakpWbUZ5d3E2dkpoNGZQdG5hUjZrc3E1S2ZTM3RXX21aZ1VlVTZwR0paV2V4MTdvZk9xWEpuMG1fN0Q4R3ZhaV96Y3BQYmc?oc=5
🏅 Sports,2025-11-17 11:36:17,Global Sports Pickleball signs Zee5 as official broadcast partner - Social Samosa,Global Sports Pickleball signs Zee5 as official broadcast partner  Social Samosa,https://news.google.com/rss/articles/CBMipAFBVV95cUxPYi1pMnlmdzlmRHBnaDU4ME9uMW5OYkNLUkxrZlpwQ0R2S3NYc2hmVzk2aTFOYUlITXR0RXV1RFpoOGdKTXlJZVh5OGxqMU40Ym5VOWd6bGdLUEV5bnhKdlZ5OHpXQmxaMVQwVS1NVnFtSEZJNGU2cUcyOTRySmFpNjJhM3d0bHFiRWIyZENEb0ZubkF6bmtvSnladzgwa1VVd0xsctIBpAFBVV95cUxPYi1pMnlmdzlmRHBnaDU4ME9uMW5OYkNLUkxrZlpwQ0R2S3NYc2hmVzk2aTFOYUlITXR0RXV1RFpoOGdKTXlJZVh5OGxqMU40Ym5VOWd6bGdLUEV5bnhKdlZ5OHpXQmxaMVQwVS1NVnFtSEZJNGU2cUcyOTRySmFpNjJhM3d0bHFiRWIyZENEb0ZubkF6bmtvSnladzgwa1VVd0xscg?oc=5
🖥️ Technology,2025-11-17 11:27:08,Why IdeaForge Technology Share Price is Rising - Equitymaster,Why IdeaForge Technology Share Price is Rising  Equitymaster,https://news.google.com/rss/articles/CBMitwFBVV95cUxQVFo5MVFtdC0zcndBYjBpQklXaUtJa2lmd3A3SGliT1VrTzRDTHl0dFNnRkRiVDhueXJGRGdsemtXdkwwbGFIeTFGbDh0VFV2LUd5SGYzZ0psY3ZWTGcyejF1SVowVmVrRm5Oczl2LUUyMmhnUjhzcVN4QVV1SlA5ekZFUUxPeUV0ZVduWVRaMjhNSHlUSHExU0N3RnN4Ym5PZ3ZVQVZ6a2E5eXE4VlZoUkJ6Q1ZiM2s?oc=5
🎬 Entertainment,2025-11-17 11:26:49,King Stubb & Kasiva launches dedicated Media & Entertainment Practice office in Mumbai - Bar and Bench,King Stubb & Kasiva launches dedicated Media & Entertainment Practice office in Mumbai  Bar and Bench,https://news.google.com/rss/articles/CBMiwwFBVV95cUxPNWRxQ2R1blZuVkZuU0UzZWQzQUwwb0lEQ18wV0VFbUxCRndsanVjSldqTURXcVRnZEJyUy13Qkt1T1EySklHazlHNVlWUEhRT2J3VHRVWnlJSGUxUlo1b1B0MF9CTnN1djFyMkNLS2JfckRmV0RJQXJ1UFZUQ05rWEtxUUh2UFJuQVM0ejFLUE9tRm1WTk9nUHVxVlJsXzBxeHBHLU43aWduVmpoaHhRMk5DNDZ1ZHdpX245ODcySXF5R2fSAdABQVVfeXFMT1BtWkJ0dVNPT1ZnTldKWi1oNF8xSmtvMGJFMXJMdmZhQTlGNTVMUDNvRmhPN0Z6d05Id1RUMGJQZVVNZjdVcTFyeV83bmZ4eHN5RklzRTF2VkdiRU02dnRGckdlOHMxdmNHTkZKcV96bWtvN3MwanRQWTRiNnFtVlhwMDVoaTFndEZoX3V1UWFfdDZLaUItR2JTSnNyNWlOaDRYWTNHaDUtbmowa1JZLTZMNGp6MTBnbWxwMm8weXkxZWpjZHU0UU9jTnpFMVRPcA?oc=5
🏅 Sports,2025-11-17 11:20:24,Students move Delhi High Court to reschedule sports calendar away from peak pollution months - Moneycontrol,Students move Delhi High Court to reschedule sports calendar away from peak pollution months  Moneycontrol,https://news.google.com/rss/articles/CBMi4wFBVV95cUxQX2dJcWV4VGt0enQtclE5MEZ4YWR6SlJpOF9Pem54QWJQV2tZNHZFdS1SemljUFdMcUVadjlmQ1NjMk5hOUVzc1B0eDJzcEtFV2dtZEw2b01WYk1SSUdiSkE1TlRjcXlkLWFrMnM1dmRFVzVKQnRLN0RzdlZYZFlyTzdKeVoxX2VLbWhfY0U2SzlRWE9vcFJEZG9fS280OVlGYVJRc0EtSlkyR3VsX0RZMzB0bm5NSVY3eWhySTJzLTRFa2J2c0E4TGtnQWZSOFdyTXRxeDRIYURqcl8tSEdZR3pRb9IB6AFBVV95cUxNWkotZ1JxdjJMT25EbnpWem4tQ195cXV0T0d4NzhGcXUtVGx2aFpiT3JRNXdNbTQ0NUo2Ykxxc2llMFI1Ym4tSUJSUmlieTNPWnBKcVpPY2Rsbld0bDVVTDltY0theVdwUFo2dm9qNW5KVFl1aU5feUNnV1cwbmFXVTRKajgxdGlCLXpvNTU2eHZDSEY4QktXaUMwZ2lzcmM1OHJYUzBXWC0zbkVrQnZpcUZPNjhPdjdhVTUzWVRVa0JhbEYxOUZhQW5OdEh4ZFdEN3RrYzBRaDdvcmNzY3NaOXFVNEJtZmVt?oc=5
💊 Health,2025-11-17 11:19:00,Women Toiling in India’s Insufferable Heat Face Mounting Toll on Health - The New York Times,Women Toiling in India’s Insufferable Heat Face Mounting Toll on Health  The New York Times,https://news.google.com/rss/articles/CBMif0FVX3lxTE5vOTJyZEhXQTJOVk5YTF9VUGR4VEpuX0ZVQUFlYzVVRklpeVBMdTNNNGFpbEtSZDdEZWVhNl9iV2UtV0NxVHJqam5jNEJHV2xkLWxUWGNCUWFYdzdHaE1MMDQ5VjEwTV9PaWRTLXpqVTUwY3k3bk9INThNNVZ1N3M?oc=5
🏅 Sports,2025-11-17 11:18:55,"School Assembly News Headlines for 18th November: Top national, international, sports and business update - The Economic Times","School Assembly News Headlines for 18th November: Top national, international, sports and business update  The Economic Times",https://news.google.com/rss/articles/CBMigwJBVV95cUxOdEZHTlEzVXVqZERZWTNzczdGcmtVMDFvVUZ1Q1dZUDZvZzlsVzEyeDUxbG43Q3AwQkZPR3JkdzRLcy1MSVBXYmNCYXZIUXIyV0dJNGJXT2NqeEx3eVF2OUpPUnUzUFUtaWVtbk9HcWVFc3dMV3JtSC1BNlRaRzBITlRwU1J2SGVvQnJxOGdSSnByemd0Q3ZyczZvNHBpLXFTMzdNQzZwMzJub0pIVVNMdkNOTGpnVGRlQ0U2eHNSNWUybEtzSnZVSm8wOFdwNlhGODR4M0k0MzZJVE5YVzc3NnExS00zYzliZHVSSmpUN3RLWGVFM1pQWWdaOGJudDVQblAw0gGIAkFVX3lxTE9CbHRRbDFySXJWa21qNFJHYVZWZlVnSnVyM1pYcW5UWkk0dURGZVBSZy05VDVYTVNzdDdndlB4dlhhcEt2TlFIQ09GY3pVMUtmY3hLcHNmNkNQU1htUFU1Q3J5aWhFS0JCSWVQRDVPQ29SQm96cExfeTBCYlF2OWFEaGNJbDZZM0J4Rkc0MkhvWWMxUjRPYVNqcUFxTnc2Y2hDcFQ3Q0oyTk5FVDJmcW1UZVIxWWVNRG9OZXdTNzFPRjZUWmI5Z1F5VTR6ZnEzTXptdF95amZTcS1CeXRkU2RGRnA2RjNCT2wyXzdreWRITndKb2FCZm9zQmJkVVdoN3VGdU9PbXZocg?oc=5
🏅 Sports,2025-11-17 11:14:03,"School Assembly Headlines 18 November 2025: National, International, Sports News - Getmyuni","School Assembly Headlines 18 November 2025: National, International, Sports News  Getmyuni",https://news.google.com/rss/articles/CBMipgFBVV95cUxPZjlDQ1JqNUkwWW1yN2Nwb2ttbnFRRHl0UWZrdHIxSzhPNWk3U1R1U1V5VEpvQnVCengzTEFNM2FZOTFpSmxDRVRobnk3cVpfRHUyaFZaQnZqcUxTcndkSEh3b3RFYm1RQldYSkZDOFRWN3RLNTIxeGF3ZGxjZWZoZXNySEZGNW12S1kwQUpRalFmZTRsTThvQkdkc2pwVUl2S2VoSWV30gGrAUFVX3lxTFA0cDNiTkVld0FRRzIwWWd4NVNOYnowb2ItS2IxYzNOQlFWM2QxRjJkUW43aGlicW9wRC1NVmtKdXVkWGE5cmQyQXFIN1ZTRFhycjQyY3BxVjVUMXJsWnZiSm9QYnhoYkY1M1UyUllPTnZrNWFlemwzRC10MlNlTUlsMkxYVnJfMjhUdkExX2VaaUFkc1VycjJGdE9HeGUzS1pfT0ZJLUQxdWQ1cw?oc=5
🔬 Science,2025-11-17 11:07:05,"Astronomers Detect ""Super-Earth"" Just 18 Light-Years Away In Habitable Zone - NDTV","Astronomers Detect ""Super-Earth"" Just 18 Light-Years Away In Habitable Zone  NDTV",https://news.google.com/rss/articles/CBMirwFBVV95cUxQSkVwcGV0c0ppaTRZOVZEQVg1bkFTc3l0ZG1YZTVMTHZVVTVpVTctZzJYUlA2Z3VsaHBySnJuRXptZVpIOFc0ZDJDMl9yZF9BQWx3UGdrT0VwTzRoYi1UWmFnWHZ3YS1kd2xXdi1jZkFoVlJXZWJLX3gzeTFDSnFQRGlMeVRDdVV3dm9SX2Z5SnlFOS1lYjlFS2N0bThLMERiRmEtNWRldXEzY3U2TUlF0gG3AUFVX3lxTE9td1BUODZsbTB2OUZfc0pZZzZoM1RLTFFXdWN3NFhpRTRxZU1HREZGblFGdlUtenZLZEMtVE5sSVRwbGxTR3NyOHlERXR0VDJsVVdubkVfVFVuWUZ0RnNTSm9idURqaGFQOVpmYWgzdnhhQzItYlQ0WmlsaVcwdUZDQnFYa1NVRGZ6dUtGS0FHbWx2ZnNKNlJBWHc1RlJXX3Y0SUt4VzNfZ21tOEZmMUZMTWVHTjBwVQ?oc=5
🏅 Sports,2025-11-17 11:04:40,Bison on OTT: When and where to watch Dhruv Vikram's sports drama - India Today,Bison on OTT: When and where to watch Dhruv Vikram's sports drama  India Today,https://news.google.com/rss/articles/CBMi0wFBVV95cUxOOG9pbWZReUppWVl2U1JEVGo5WEtLNk5COGJzbUVGLWZTSFRWMzFMU3UtYmtGc3JvOV9xdWRTazdXb1R4ODhHamk0YzM5ekg1QnUzbzBqYVo3ZFpIWmUzM2ZseExQV3hoYlNZSWg4NDNtckNlSDRicnBHeVdKMS1kQWdjSjlkUnFzcG9uRjdab3NJMTladGVORHZQV3V1RFpJU2ZUOVk1ZWFJNmF0WEpiVDBEQ2FjYmhoSXFYc0Z6Y1ZrdnltdHF5SnMyZ0Fxb3pKRnlj0gHYAUFVX3lxTE9rckliM2UzNlVHMlpCc2FqcjdxV2dfd3dEdVFabkdFQjVGYmx2eDFWbGtCcTV1cDNYbG9DR1pVajREU0xBVDB5RHM5TzEzTkxjTkhtczhOMHIwWjhVLUFiTFRrQ05ERFdOdXZWd1EtWGZjUGVrX25uYlptNGJqNU1sbGttak4zZGd0VDdkT1V1ODBrUVY0YzlFaVF4bGU4SnlxOE8zRUpmZlUteF9PVWN4Vno2OTBkLWJLQk9OMmdKZFZ1Q3U3X2tLVkxsVVh4eVFPdGFzaVlkcA?oc=5
🏅 Sports,2025-11-17 10:58:57,Global Sports Pickleball partners with ZEE5 to stream 2025 League and Grand Slam - MediaBrief,Global Sports Pickleball partners with ZEE5 to stream 2025 League and Grand Slam  MediaBrief,https://news.google.com/rss/articles/CBMiiAFBVV95cUxNMGFBdU1nZEl2LW1DZjZlVWNOSE1tQnpIX2tkaTlXbDRieC15aXplMGZwMFltRGx2a2lMV1lmSGRDSTNlb2FiMXk5RVJWMi1XOTZSekM5NjZLYm1GU1RPeUx0d2k4ZEI3OVFtb3prMVIzQ1RWODRxNUg2OHoxYmlRTFgxaW5zT2hm?oc=5
💊 Health,2025-11-17 10:58:16,Health as an economic priority – building on momentum driven by the G20 South Africa Presidency - IFPMA,Health as an economic priority – building on momentum driven by the G20 South Africa Presidency  IFPMA,https://news.google.com/rss/articles/CBMiwwFBVV95cUxOLVR1R1BTa0EwbDhNbUlMSnlpYlhlYTgyNkYwSnZKMmdjSFZSMmp2U01SeTdnUlByWXpjcTdYRWRacWdKNzhaaEVNRHFzSjZudlJZaXR3UFVYcFJDbDYtd1IwenpFcmhEa3VPaTdkRUNDbHZGeWI0U3JwRzRXanBaNW5yT1A0Vjc4SlE4ZXlLQTRJby1VbkFTU09VMVVHN3VQRjFFMmVQMjhRc3QtNlM5UFVsNV9qeXB3OEZaWVJLdkJKOTQ?oc=5
💊 Health,2025-11-17 10:56:00,The connection between gut health and childhood anxiety- what science says? - The Times of India,The connection between gut health and childhood anxiety- what science says?  The Times of India,https://news.google.com/rss/articles/CBMi8wFBVV95cUxOa2dEdVZBVEEwX0FzRkF5RnRmRWZMeTN6Y2VYUVFxaE9wOHVJR2FXaUJZYlBPMTlHZEtpamhpQnh6cjB0ZEV5d0FLaHBQNW5rR3F2QUM0ZkFBdldMZTNXQ28yS2toU1hFZ3lBUk1qOVZybEtJbHFSS2YtSmVqYWlKQ1NPejZDWnFzWGhSZ0JqX19IQ3lsSFRQU0VSS2lEbEE5MHNTOUFTU21JTE5FcE1EUU12dUFVcENUQnJxd0QwZHJuMVhEam1VTmtaQlozUzJIdGZzT2JJc1RVVWVDNXlZSGFUTFdlb0V1YTFDd0JMa0N6UnPSAfgBQVVfeXFMTjBDU204eF9CY1VFUW9zX00wVWVTczI3ZTgwZW5IRFR0eHA3MWlKNG04ZzVMSGxfcTkyOWJtTkJKdFJOUDBqazBoWVdjNy1nREVZREo2RlhBMjI5WjNrUFhCUktVby1pYUJ1NFM4UGtheVBEMjFWcFN0dTBkS0dfOERnUy1JZ3JiQWZyNjBMTWkzTUtPaERmanEwMFkxNXh2U0ZIVXZrVVdGbWl5ODZoMlVQdk9EMG1XTzhRSm9sc1lnX1JsdG1HZm41ekN1QkQ4UEVDd2FNeXZkcm9wN2lOYUd6cXEzVHdfNWNCWlNGZUhkdlh4Q01rY0g?oc=5
🏅 Sports,2025-11-17 10:52:30,"Arjun draws with black pieces in game 1 of WC QFs; Pawan, Hitesh earn big wins in World Boxing Cup Finals: Indian Sports LIVE, Nov 17 - ESPN India","Arjun draws with black pieces in game 1 of WC QFs; Pawan, Hitesh earn big wins in World Boxing Cup Finals: Indian Sports LIVE, Nov 17  ESPN India",https://news.google.com/rss/articles/CBMi9AFBVV95cUxQS3pLTVVzSTd5SkxlRUVKaU5OeVhFVEtVbkZPbExRUlF0aHNKcWMwOUJnOERCZi1lOHlNandSWTNRaXc1REJjdlk0Uk90X0xOem1MZENIYmNvSm12SXBEb1ExbHB5dzFWT18wS3pjd2ZJWEdMcjEwNW1IbG00Zjl2RUlqeWRMS3M5LVBjeUhTUV9TNGtheWh5YU52N203ajFCdVpwdlhsZWt0cjdOclNQZ2dOTzd4UDRBSVFqWXNjSEZ6MWs1MmpIVTFtcWQzdmk1UUlGN3lyTWdTY1loV3ZyTGx6c1lWUE9Kc3k2aFRrc1dvbGdf?oc=5
🖥️ Technology,2025-11-17 10:49:00,Advancing Battery Technology - AZoM,Advancing Battery Technology  AZoM,https://news.google.com/rss/articles/CBMiXkFVX3lxTE1nYmFlMW5lckQxcFdrZllXVzAtb2FRMWZRUXZfMUxTcGRYcTJ0bFBSQ184MUZDQzNlbV9CR2RSbnBFY2ZlWVk5NEhQTHp2NXJWY3lEYndCRjE4OGpudmc?oc=5
🏅 Sports,2025-11-17 10:42:57,Sports Bulletin For November 17: India Await On Shubman Gill's Fitness To Gautam Gambhir Told To Bring Back Mohammed Shami - myKhel,Sports Bulletin For November 17: India Await On Shubman Gill's Fitness To Gautam Gambhir Told To Bring Back Mohammed Shami  myKhel,https://news.google.com/rss/articles/CBMi0wFBVV95cUxNb2oxX195aXh3dWJaWXJISWFPOHM4eTYtQ2NNWFJBTkhXdEZSTDZCOVZkVWhMdGZwdl8zVHpLS3RuTnZUczBxMlgzZTYxaGtOWEVkeTRsZDlHRU0xd2JMR2NicmQ2YVJYYUVHN0lVd2VwRWxXRUdaMmZKa0txV1JNTEd0NG1ycWxQYWxVaWZwbTVTOXgza3lmRFdtV2lBSm9DSWlwWTRZdnpmWDNzbkVFX1lkY1hUX1Rsc1I5ZVU4dWhnLTJmbmxxeXBrYVJxdG9nRGlR?oc=5
💊 Health,2025-11-17 10:39:29,Pope: Safeguard human dignity as health systems integrate AI - Vatican News,Pope: Safeguard human dignity as health systems integrate AI  Vatican News,https://news.google.com/rss/articles/CBMiuAFBVV95cUxQRTZMcUcwRmZpVFpwX1k1V1B6aXEzVHc5SVRhSlJ4S0RRa21rbXlXbHZZWG9VbTFzajNSRlQ2Z0dSbGd3bWxWc2xzd0ZTbWduTlhqTFg3ZFRGRGpGWFR1cWFmcHA4bm9QMmwzTmFSdmRvVkprWXExLXRqS2RueWZSeDB3ZW4wZGlQRkJ3aXotM3pvWGdVb2RIVGhlMjJsck8xSFk1MkRVUXRYYjVhRmJVX0tUai14ZHhZ?oc=5
🔬 Science,2025-11-17 10:31:42,China's Chang'e-6 Space Mission Discovers Tiny Iron Oxide Crystals On Moon - NDTV,China's Chang'e-6 Space Mission Discovers Tiny Iron Oxide Crystals On Moon  NDTV,https://news.google.com/rss/articles/CBMilgFBVV95cUxOTWQ1ZVpWMjQ2ZktRbGJwbWRCT2pWX0VJTVJKRGUxWG1rUXd0Z0VaUjEwb3JZY1BFeU9BbERTakc3SWV4d0dzRVlicjRjU1BlN1BVSWxMQ0FBd2h2T012X2FnbVFvWEJhX3BzSW9taVh6ZWdWYWdKY3FXdXc1WFZhY0JSYjMzTEo2Q3pQWXNLOF9MR1VCVEHSAZ4BQVVfeXFMT2Zyc2k2ekpLcFdJUjFJTFE1eFN3MmJzdHRzNDNNd0VhbHppeFYtcTEwZVUxeFZaQm1UbmxLSXBEX1lnMC13Nnp2SGptYzVSTFJnTWF6cXEwQ2xjZHQtT0lQWlQyRzVmcVg4NTYxWjNRMnpGT2NaRHIzTm90OTZ0MHQxTG9sSkN4c2wxY3BuMnVjcTdzdEI1LTc3WjE2NFE?oc=5
🔬 Science,2025-11-17 10:24:21,"Scientists extract RNA from woolly mammoth that died 40,000 years ago - India Today","Scientists extract RNA from woolly mammoth that died 40,000 years ago  India Today",https://news.google.com/rss/articles/CBMi2wFBVV95cUxOX2ViRlphTFJYMFNRcW5WeXlfSEtOeExWWkc3LWtSd213ZFdjZUN6ckxiWWFDVlVWc3BDeUpEdW14dGZYRHk1SFloTnVNd25PVkMzRmR4dk9GdzRKbXhYZzhkRjFqRENkNmtBX3hzbG11Y0ctQldsUXRNaG8xVGUzZW9iNVBjd1FuSDl6MFNRcU8xNThYdklGdDloZUM2WDFVM1FsUGlySGdTZVRvWTQySHVWZnNQaDQ1NXVyOHpOWW1nYmhqX2ZTcUFxaHgtckxFcGk2YTRhTVYxb2fSAeABQVVfeXFMT3pkSU55TXduTU1uaWh3TE9QbFIyaUdQdzFZYUFKQXZwX25yWWhvcVhOejJwU1FBNlRxeFVjQlltTm5vd2pzWUkzVTJzbDF4VWc0THlQWExJZU5WRnpieEdSUzdOaFFxM3drMXNmUzlWc0FDYzlmV09VSTRzTjB2SlUxbnBqOEpvNUpKTThvQnQ2VlVqRkV4RHFRNzBqeDdrSnl2Y1Z4U1Nrbi1HV1BtbGFiejRyT0c5eUJGSFZGOXMyNmt4UElsQ29IV0hfT19JTm1WVDJlaUVEUEdYOEgyLUM?oc=5
🔬 Science,2025-11-17 10:21:00,Gravity makes us age? Deepinder Goyal points to bats. Science says not really - India Today,Gravity makes us age? Deepinder Goyal points to bats. Science says not really  India Today,https://news.google.com/rss/articles/CBMizwFBVV95cUxQbVpqMkx5Q3FBSkFMaGhVT29QWDBOM09GUHRvcU9CZ1o3NHJsR3pXNkxFYVJHZEd2MEhwdll0ckphcEJZX24wVEY1ZTVTdXBfZzN3NnRyblVnVURFN0RiR19raVNfRlEwRGhpOUNVTFpnNmVqd0RjLXI4WDd2c015Qm5tQ21SQk5VR0xjXzRoUTZ0d1YzckwxdjBINy1HSGxaS3hLVTFTWGw0R3BCQVVmSVR3NXUzTjdwZkY5Rk9mQlpkMDhHS0I3eFEtY1BsMknSAdQBQVVfeXFMTURESDdiZkl5X1lnbTZBWWl2LU5ocG01ZWRZM2VBVmZYQWJVWkF6ci1uTGhKZzRiT2NtX1ZrcjM0cWtxQ2FkTXFpRlFoRTVrSHBVZ3V6N2xkNk5qaHFPakFLUTFYbnhqUVBDQ29takkwTU16dGtmVjlabFF6U3lFWl9YajYxTHdlMUZHQ0pVR2J5NHZOdGJSNHVVX0JWOXlDVGZEeXFLQzN0c2lKME11YVliWm8zQzNCRnBGV1h4XzEtYndMcW9FQmh6cFdINF8yZENnVVI?oc=5
🎬 Entertainment,2025-11-17 10:15:16,"AdiGroupe and AEx Sport to Ignite India's Sports Entertainment Revolution with a Power-Packed, Bharat-First Approach in partnership with Prasar Bharati - Business Standard","AdiGroupe and AEx Sport to Ignite India's Sports Entertainment Revolution with a Power-Packed, Bharat-First Approach in partnership with Prasar Bharati  Business Standard",https://news.google.com/rss/articles/CBMi1gJBVV95cUxOS1RUamNUcFB1TmtFYnFHTm9heWthcWR3U0ljZ1lZemJQWVdJVjdoWjA5Vk44QjNJZFpPZlVrZDI1MkZONG9NNnpEekplbHl0aVZMTEpPSTFSLVFPSVU4WmhpeWxTN2tUWGFNb1ZMMUhpSF9OeVZTdi1zS2NSc2lxYXF1SjBYV0hFQUZ0dTByUVpXc0VsR2xxZUZzQXh2WWlveEQ1WHB4dUpucVoyRXRaM290WUZ3NzN4NmtiazBEX0VTX0U3LWptZnllc295NXB1R1ZpWkxzSFd5V0pUcGJWRUNpeHg2aDZleEktRjNRN093eVl1M3o0RktJTURIbWllaGliNE5UeGwzUG41dkZSY1gwamR2MEZwRElqWUdkZWt3dzFmZmVsTnRIRnNKWTgzYkxETjMzV096MmVUNVdVbE5LTjhkVF9nUm82OThsTW1ucTBjbmfSAdYCQVVfeXFMTktUVGpjVHBQdU5rRWJxR05vYXlrYXFkd1NJY2dZWXpiUFlXSVY3aFowOVZOOEIzSWRaT2ZVa2QyNTJGTjRvTTZ6RHpKZWx5dGlWTExKT0kxUi1RT0lVOFpoaXlsUzdrVFhhTW9WTDFIaUhfTnlWU3Ytc0tjUnNpcWFxdUowWFdIRUFGdHUwclFaV3NFbEdscWVGc0F4dllpb3hENVhweHVKbnFaMkV0WjNvdFlGdzczeDZrYmswRF9FU19FNy1qbWZ5ZXNveTVwdUdWaVpMc0hXeVdKVHBiVkVDaXh4Nmg2ZXhJLUYzUTdPd3lZdTN6NEZLSU1ESG1pZWhpYjROVHhsM1BuNXZGUmNYMGpkdjBGcERJallHZGVrd3cxZmZlbE50SEZzSlk4M2JMRE4zM1dPejJlVDVXVWxOS044ZFRfZ1JvNjk4bE1tbnEwY25n?oc=5
🏅 Sports,2025-11-17 10:09:21,List of Top 7 Oldest Sports in the World - Jagran Josh,List of Top 7 Oldest Sports in the World  Jagran Josh,https://news.google.com/rss/articles/CBMilwFBVV95cUxPN1d6d1FlSzdaZGI0UkQtNEJJOUt1UHFwZGxWaXN5WXhYLXI3SV9UaGszQ0ExMENsMHdEMV8zSWRzQ1BNaHh2T0k4WGplX3pTUHJMdHRmU29VdV9xcWxtYW1zdEZ2WjNEYW5kZnUxS0VpbmRLdi0zTjI4WWVudFRHS0NVZVZ4S0dSalRHSGljMnpBY3JmYTNv?oc=5
🎬 Entertainment,2025-11-17 09:51:00,Tom Cruise says cinema 'opened my world' as he accepts Honorary Oscar at Governors Awards: 'It is who I a - The Times of India,Tom Cruise says cinema 'opened my world' as he accepts Honorary Oscar at Governors Awards: 'It is who I a  The Times of India,https://news.google.com/rss/articles/CBMiqAJBVV95cUxQaFdrZlJSTGh2SnlzYUZxQVl3OXcwS1VrNEdFcDdkczkwMHlWTlE2T1p6VEsxLUlaME9wMXcxVmN3d0JiR0ROanY2MHExU1ZfTFdpNGZkQVdUUVh1OG1qV1hlM1VJNjRFa0lZMXd1eUF4TmFkQWttekdheGNBVGZ4b0tfOHBWOVBTX0djY1ZLRVZpVlBUcnZmRnQ1UDNYWHlyQWJDdXJhNUVST3ZVMzlqRFdsQ0RRMFJ5Zk15bTJzdUx5VGVnRnhENlEyek9vR1BuVUItdzZibmNBeFN6RXkxS0tiOVhTamc1WXRPeUw1a3NZUVpkNmQyTkZ5TDNYYnBNX1J0LThfbWRlcElQNTFCQ2wwQ3FId2pDeW8tRjYyeGNoeDFNT3NMcNIBrgJBVV95cUxQYVE2NlpPS2E5UVF0TG1tTGxaOC1rOGhveFZQWHdFcFI0Sy00QlBrVWJWV0xwd0NIdHdkX3FqRjNydkJhcTRRWmVVM1dUc3V6dFNfMXItczNIZ2FLRTZoVTBwQ3N2bXVJbWJuZTVrWU8zOXdtM2hWSkpUZjBnWUJUN0JJbTdTWkthUk4tOHV5TlhJZWc1MkRLelJlenBIY2JJZW5wUF9mbTVmLU1PTzlzRVhPc2RIcUIyYk5OVXdLbWVXbFBxVF9lVm1jeUIxZEpmdGU3aFpRY1Z3X1NJVjhGSzRFRFUwTWc2cFJsdk1jMi1GMm90dXdIc2daemlSRm9CQy1GUHk2NFM4XzNlc09lS2luOVVMVXJzN0FBX3RhUktIdFhZRDRRNExxdmw2QQ?oc=5
🏅 Sports,2025-11-17 09:44:00,"Chhattisgarh recreates history, retains All India Forest Sports Meet crown - ANI News","Chhattisgarh recreates history, retains All India Forest Sports Meet crown  ANI News",https://news.google.com/rss/articles/CBMiyAFBVV95cUxPRl9GSG9BQUlWTmpvMXNfQ01aWDAtVWFRQ3kwREpOeTBjbnRFbzFuWF9zQmlKaHlhTzVYd1VZQUx3LXBlWl84d0ZhdXhVS3FjaHVPTGF2RjNQZ3VIZXdLYTM4SjdBX0xMUmFRbzB2YXRDMU9EdENfR0R5NDVqX3JEMnc5eXFqUXM1Ukc0Tzludlphak9FbmJGWWVjUmdwUlZ6d2dPTTN2cjMtYWlyRVplSHJMTlZIcXdsdXpyYmNCc1BKMi1wMVVFX9IB0AFBVV95cUxOM3RBTDBmajFhMS1Rb2tnV1c4SWtSY1ZQNjNmeFlnX0pmNHFwSXZwb0F2RC11TjR2QldzSm4xN0VXOE1wUW5laHVOM3B1NExJcWpkZWZ3VkxJTmVGNXRSVGNLbUhxM0hSYjVIdk8xcHpiZ3kwdER4YkpIQlNyRk1PS0JnbXBkOGpSU2FFV0RfbE5DZDZuLUwweERGVEJyT1VkMGhJaG1UanpfNFd6UXA2dE85dHpEQ25NRjRnYTI3VGsxMlc1Q3ZLeHlMXy1oazhP?oc=5
💊 Health,2025-11-17 09:43:00,"Union Ministry of Health and Family Welfare, Jhpiego and Edith Cowan University, Australia joins hands to advance nursing competencies and future-ready workforce - PIB","Union Ministry of Health and Family Welfare, Jhpiego and Edith Cowan University, Australia joins hands to advance nursing competencies and future-ready workforce  PIB",https://news.google.com/rss/articles/CBMiaEFVX3lxTE9iaHp1SHNZTUhsLWtKZVdfb01mNk5tMlhUa0pYRXpyUWc0RGJ2OUNpSEF5cGJGRVJYRFN4Rkc0clAxUU5SQ29NU1FLckJFRnVsRGhRRk1IdmVTZHNGenRqaHZMTnFKSEEz?oc=5
🏅 Sports,2025-11-17 09:28:37,"School Assembly News (November 17, 2025): Top National, International, Business, Sports Highlights - Physics Wallah","School Assembly News (November 17, 2025): Top National, International, Business, Sports Highlights  Physics Wallah",https://news.google.com/rss/articles/CBMif0FVX3lxTE9palBMRDlEVzNObDg0dVV0M1RidXZISTdsb25ySVZ5c3dPZFp2cUI5ejRHT1FVa0RKV25ZN1dIYWkwZWt0V3FuUHRrNXhidklFVUFneWIxTDhiZXJsWGIxOE5ja3lPM002SmxvM3ROMWdZWS0tTTJ1ZVlKczIwMFE?oc=5
🏅 Sports,2025-11-17 09:25:14,IPL 2026: Kumar Sangakkara returns as Rajasthan Royals head coach - financialexpress.com,IPL 2026: Kumar Sangakkara returns as Rajasthan Royals head coach  financialexpress.com,https://news.google.com/rss/articles/CBMiswFBVV95cUxQRER5SXRDTHVHR0pZY2tDVlF4ZlBXWGZBcGxIcWJRd1lUNHlfOHU2cEk2azVYc3RvUWVveXF2TWFjNF9WU0Y2dlM2TUZjQjZ0bXhaLVdiYnJEa1pEbGw3aUFOTlN6TmQxTUE4Y016VEYtaWZpOTJKX0RrZU5KZWdEemxhZzFwcGxwTUNpaGVqUlk1LTdLTTVPZmxONzQ1TURONWdiVGlyV25PellLQUFlM2owZ9IBugFBVV95cUxNRVFUY0w5M1Y4RW5FZ2p5NnZQUm1BZFJkbkFIVXlQY2JKU2ttVVNjWWZvNm9HdjZBOHlrMDRWMklpRTBxTWJ1YUZGWHA0OC1qX0U0b21VRWVCWGJ1QUxEVjJCaU5kNVczU1d4SkpQOHRGRVFHaVF5Y3V0aExIYWJITzFFNnhkNmJpdmM5a2tBUmdjcHhUNG5HdWluamJjbmdGSEVuelNZbW9rMGl4ejdIZHBwR0kwVWJmNXc?oc=5
🏅 Sports,2025-11-17 09:15:57,Para Sport Awards 2025: Catherine Debrunner named best female summer athlete - Paralympic.org,Para Sport Awards 2025: Catherine Debrunner named best female summer athlete  Paralympic.org,https://news.google.com/rss/articles/CBMif0FVX3lxTFA3OUV3b0ZwdXVUVk45c1UxMTdIbTNfNVVfejlSeWsyNlJBRjQ3aTN2YTczNm9oc3diZkFxMUtHY3BtOWpMRDRwTFdjTDE4MkFIU05xZUEzQzE2X2xyaDN1UEZ3Zkx2dEhYWnROXzB0QTlYVWtiUnIyRGduTzZzaEk?oc=5
🖥️ Technology,2025-11-17 09:10:23,Continental Uses Vacuum Technology to Study Tire Wear Particles - Continental AG,Continental Uses Vacuum Technology to Study Tire Wear Particles  Continental AG,https://news.google.com/rss/articles/CBMikwFBVV95cUxObFlvXzE5cGNSTzJRTGM5MW5zNGtsY3BnZmRZU0N5S290d2hYWmc2MjRZNWxPNDZ5LTN0eHkwLVpfR0tRZ2FCVmQ5M3k3X3VTeGF4eDJkWVFFRzdkOVR0Z3JXd2JQcXVRZGFmc25tMmwwQVh3ME5PYVI4NkRReUxtMGNtcUZZRXFobHI5UUh2UXByRkU?oc=5
🎬 Entertainment,2025-11-17 09:06:00,"AdiGroupè and AEx Sport to Ignite India's Sports Entertainment Revolution with a Power-Packed, Bharat-First Approach in partnership with Prasar Bharati - ANI News","AdiGroupè and AEx Sport to Ignite India's Sports Entertainment Revolution with a Power-Packed, Bharat-First Approach in partnership with Prasar Bharati  ANI News",https://news.google.com/rss/articles/CBMisgJBVV95cUxQWjI3a3g4TXB0NTYxSDB4d0lFRlc0RTFJTTk3QXI0c1BDajNEeTB5TDBPNjlWQng4cExFT0t4WWxPMGZRYWw3YlZkZmRzcTFGNi00Ym1fRXZjWjc4cmlTNEtHdVI2QTNKYXJ3a2ZuU3JTNzV1cDVYc3FDLXg0VWd0dFltOGpRM2d5anlfdE9YVktKV0xKbnBSM1FYUDFMa0VJaVNEa29pTlpkWUgzOTA4bklqMElyQmMxT2c1QS1VcjdXU0ZtZXkyWkJ0YzNkUERTTWNGOXB0eVJKZ2xoMlpWSXJMV0pHdkQtWmozbldXUHJTYXdqV3cxQkViczVnb09RQWxwM0IwZVVSRjZBamFGcGw4a09kTmlQaW05NVNadzhIMmFfME1mUTZRczhySWdaMHfSAbICQVVfeXFMUFoyN2t4OE1wdDU2MUgweHdJRUZXNEUxSU05N0FyNHNQQ2ozRHkweUwwTzY5VkJ4OHBMRU9LeFlsTzBmUWFsN2JWZGZkc3ExRjYtNGJtX0V2Y1o3OHJpUzRLR3VSNkEzSmFyd2tmblNyUzc1dXA1WHNxQy14NFVndHRZbThqUTNneWp5X3RPWFZLSldMSm5wUjNRWFAxTGtFSWlTRGtvaU5aZFlIMzkwOG5JajBJckJjMU9nNUEtVXI3V1NGbWV5MlpCdGMzZFBEU01jRjlwdHlSSmdsaDJaVklyTFdKR3ZELVpqM25XV1ByU2F3ald3MUJFYnM1Z29PUUFscDNCMGVVUkY2QWphRnBsOGtPZE5pUGltOTVTWnc4SDJhXzBNZlE2UXM4cklnWjB3?oc=5
💊 Health,2025-11-17 08:43:54,Exploring New Frontiers In The Fight Against Malaria - Health Policy Watch,Exploring New Frontiers In The Fight Against Malaria  Health Policy Watch,https://news.google.com/rss/articles/CBMijgFBVV95cUxON0lZcmlXVXBNejJNUjFlamdVZzd1WjJLbnFsampzTWV6VEkwQVNXbWxKOGxubFpId09FLU5hUk1FeHlGSUpiSWlnbjJ5dVRybG1IWUQ0TWtGRXpDWTkxd2V3SDhoSXN6ekNUc2VGQ3FwclVZOGZ1Mi1mU3hQSTdYbk1fbjU3MktYekRTLUlR?oc=5
🖥️ Technology,2025-11-17 08:33:04,ideaForge Technology skyrockets 12% on securing deals from Defence Ministry - Business Standard,ideaForge Technology skyrockets 12% on securing deals from Defence Ministry  Business Standard,https://news.google.com/rss/articles/CBMijgJBVV95cUxNcUNjZzVxU1JMYXN0dlU2d2VLZm9rUG1fRmtBV2FaVnpjUElYaEEyM0xwaDRxbzFPT01Yd1ExVTR0WmNJWEw0Z3MwcndadTZQR1hLSjJVLUNiMjFkb19sTVJ3aWV4Q3NZUmpxUkFYcjdZX1ZwUWUzdkVvbVFXalBTbUJadENWQ0xZY25lM1BQWXJQVXRZazdSWTB3TEhQd0tTeC1lT2Raci0wTGx0YkpnUmxhYk9EUDZOT28tM3Q5UTR5UzY5eFdZVENyd1ptWFFpV0VjZU14RUI0U0xFWksybTlST2Y0NFNCeWE5blRQc05GTXl4MGRpRzJhWDg1SVpGSlRQSml1bjV2Ujl4VUHSAZMCQVVfeXFMTXFFc0hNUG5PaG00LUhEZXk5YW05OGpreDVXT1ZOVEJySUtUTl9mSVlnbFVNWjU3RzBDQW9hbTVyZXhtREJxdUlzTlhkaGczdlpYRWVpVXNvd1BJdDYyVy1laGhZMS1iMXVmOF9KZkFlYmMwMU1wMkZkZHdhZUw3VDBCTWkxVEVCQUIzNTNIaE5SVUVtVU5oOEZSdVFVVG10dk82N21LY3diZFlYVzFocFBockFxaXFTVmNyemlIUnJJQVB0SGo5YXQ5RTVmSWM1N0NtS2EyY21jdUVJejNpUkxQNHpad0d6ZVVfTnhQSW1lRmJFN2ltTWxLRE53U0RJODcxRE5mZ0JSSGJ5Y1JwUGl2VWM?oc=5
🖥️ Technology,2025-11-17 08:33:00,"Kings Infra to build ₹2,500-crore aquaculture technology park in Andhra Pradesh - The New Indian Express","Kings Infra to build ₹2,500-crore aquaculture technology park in Andhra Pradesh  The New Indian Express",https://news.google.com/rss/articles/CBMiywFBVV95cUxNeWo2alZNUGdNYk5rRWpNOURJd2F4OVlGZ3RYTXpYZ2pXRVFVLVhMTUhCSGw1ZG5oaFd6NEtDTlg4cWk4OWhuSG5tQU55MHV2dUlKQktrQ1FrdkFUcWhIU0QwbDdRZWszVlA3aE14Qng5alBJcUJVZ0N5VGIwbnpMNHVSM1RhQU9rejJMTU9ZMlExS3RNTnByLU1WUVdpdTVSeVBpQUlQNTUtREZ1SWRfQWZ3bEx2dEhncTM4Ui1wZ3JrV2xoRzNLR2pOUdIB2AFBVV95cUxQT2xsUkNLX1VzUjE1clJuNG12Q3hjRUhua25adWZKakRUZVdjSmg1ZVFGUlV2Uk5QTTM0c21XT1F5LUVILS1jemVDMDRXVThtQ1dYTng1bV9NN241R3NHSDBsSm44d2xxbksyWnRuQmJkalV0Q2FQV25RSkdKb2VGeHhxWUtNZnBBTFY3Uzh3dlF5QzVhV1VScXd5Z3I0T0FjRm9mMDdtNHBXR0hraGpOUVdDSTlxNjJBVmVKTzZZSXZIOUNrcGszeFJTWmJxRDhyeVR0NXF2OTE?oc=5
🏅 Sports,2025-11-17 07:53:28,Global Sports Pickleball Announces Landmark Broadcast Partnership With Zee 5 For The Upcoming League & Grand - Free Press Journal,Global Sports Pickleball Announces Landmark Broadcast Partnership With Zee 5 For The Upcoming League & Grand  Free Press Journal,https://news.google.com/rss/articles/CBMi6wFBVV95cUxOWVAxSG80VVpRUnlFQkFHQ0JyN1B6bURLZzdMZ2NuazEybjViWjVxLXhuX1UyUHlTTXdKYjRFc29zWnlLTHBvZ2x6T25BNVp4cFBiZzhiSTZRenlFZ05nWWtNZVFITXRCM1pxVTV3WDdTZXlJRWYyME9IV2x5MzlDLUJwT3h6WlRnRU9ZeERUVTVXWERzQTE5dWY4WmI0Y1pXV0VvUGhWSFNtQ2NOU1JGaU1uNXgtamFnSG1xOEZkVTI4a3MwWVhHY1J5S0xjZWduZFByV0tqZFo2eUxSTmd3MW15ZlJtU3VxUThJ0gHwAUFVX3lxTFBVanF6aEgyOFo5SWZTSEpBbnI4TUlOZnRod29GaW9JWXY1cmVtc0pNUGJoOXVmRXdPY2p3eHZrWWZraWRkcm05SlFZZDYyd0ZaTGw5MjU4VElhdE55cDdFeDRpNTRDTXZST0QxMU0weTRQTDYzdm55WXNZeXB6TmF6WjduUXRvSUNtMTA0VVpHaW53bGR4c1MwNXpUdm5ZNkVEcWJiUG9uZ3QyLWItM0VFa05fMDdNUkpNT3Etck54WUZ5cWQtYmNBbjh0THZKaW1DSXI0MUJmMGRtZmZPSkRoYVdXX2xSVTV5VXBSdmNMeg?oc=5
🔬 Science,2025-11-17 07:53:00,What if cockroaches vanished from the planet? Scientists warn of unexpected consequences - The Times of India,What if cockroaches vanished from the planet? Scientists warn of unexpected consequences  The Times of India,https://news.google.com/rss/articles/CBMi7gFBVV95cUxQa0prRHpqSXh6anREUDBvWm1za0Jlb3JEeWxES1JqQklENU8xejNmWUcyMUVCSnYwZWE5VW5VQXAxa0RWUU1CMjBVV1hZWWZoTHpiT243Y1Bzc2ZwUUgxZW9aNTJ4VURSQjhiNTlURUlqQnYwWlB5MzdXMXJnNTJCQnc2VDBJcUxhM0JYMWxJMFBfVXhVR044b01LR0N4SDN4YlNYcE5tRklBWkdINkV6Vi1BOU1BQlFtT2R1MnRGSVZuelZRX2VUSVFxUUFhcThub2piTTE5dHJsZ3F4RjdNSDVrS2thZFNRaENyemR30gHzAUFVX3lxTE1DcFJJelRxVFg4WjZtMEFOX2ZYT3FqalRTTGtPQXBUbWJkV0JHQ0JJQkJwY2w2YUVIRDlMNnBGdkk5UDhwRFhOR19UVmxsR2JFNVN6VjIza2pmMXRRMHN2dFl0eU5QM1BfVmdTMmRVR0thRnpScDhvYUhVUERxdGZKdUR2ZWlHNGVPdnVmTDhQeWF2Y1pYVjI4ajF4OUliOWhzbk5IekI2Z25yTFp3dVB5UEE3TURjaVNYY01sb0hESm85OE9Fdkp4czdIVmVzbTZZVm5fX1c0cnJsdy1ycnNTZ25Lb1QzeUNzazFjSE1DazJXYw?oc=5
🎬 Entertainment,2025-11-17 07:48:58,Bharti Singh gets surprise baby shower with Laughter Chef team - Awaz The Voice,Bharti Singh gets surprise baby shower with Laughter Chef team  Awaz The Voice,https://news.google.com/rss/articles/CBMivAFBVV95cUxPc2JZZjcxSWVrTUhLc3Q0c2lJTmhGaGJ0al9CcnhieGt5Nl9QSkE5eF8wZF9xb1BVM0tPYmxUNjlPNVJOOGJWS2ZNMGs3MlpKTVZvRlYtUjBrYU14WV9YUDNYWjdiNktDcVBuanpNbzA2djVKSTFpaVdYNjdTWnpyUGJENVVkamhXYktmS1IxU3NTTlZhNFRQV2NkQng1dXZyMGpKMXR3QWhaTTVhcFloS3hFUjdMdWpIY2tFNA?oc=5
🎬 Entertainment,2025-11-17 07:45:34,Huma Qureshi: Playing Rani Bharti in Maharani 4 was challenging - Awaz The Voice,Huma Qureshi: Playing Rani Bharti in Maharani 4 was challenging  Awaz The Voice,https://news.google.com/rss/articles/CBMiugFBVV95cUxNSjl5N0IxLVN5MnIwVlBVb1lONHVtM1k0Y0tzSmpvTnpxaHFvaDNpUkRtQWdkVEczbFpJMUl2Z29rcmwwN0kxVzJtV1ZzOUw3ZVBxRC1wVFlhb01uR2VmTnFza0c4eDROak1MbU1QTTlpQ2hGRkFETjRNYmtlbVlIb1R2QmUwTlh2WHNoX2FyY1NuOUZzbjJ1VElzVkJ6aGVaOGV0eXVyaE54NU52NlJpQWx1UFVEY0d3cHc?oc=5
🖥️ Technology,2025-11-17 07:30:00,Technology and wellbeing must go hand in hand - telefonica.com,Technology and wellbeing must go hand in hand  telefonica.com,https://news.google.com/rss/articles/CBMikgFBVV95cUxPX3NodGZGNkVxQXJSMWRLVFN5aVMtUktwT09LbHhSbzNsTnVfbURhX1lXM0tHYmlsbXNMUkVBSlZRdFQzQnIyekE2b2RmY0w0RGtRbjhDbjI3cmM0ZGpvd0JodF9rcXpSZHM1MU9ESk93WlFDSWpqLVhJb3BsTGtfM0hMX1FwdWk0NVp4eFVvaEYwUQ?oc=5
🎬 Entertainment,2025-11-17 07:24:00,"120 Bahadur to hold paid previews 3 DAYS before release; Excel Entertainment & Trigger Happy Studios announce historic nationwide screenings on Nov 18, 2025 - Bollywood Hungama","120 Bahadur to hold paid previews 3 DAYS before release; Excel Entertainment & Trigger Happy Studios announce historic nationwide screenings on Nov 18, 2025  Bollywood Hungama",https://news.google.com/rss/articles/CBMilwJBVV95cUxNaUZaUUN4dkxxZk02TWNLbFU5RzljZTBjMWZFU0JEczZmaXhTZzVCbXVUSEt0Y0Q0UVlOelJwaENzQWV1WnFPV0FkLTV4dHBDTWtUUzdXQ3dtaXo5VlpzWHJvY3JFNTR6UmVlRi1Pc1BjOVZjUnd6NnNET1FCdVRhem1FcEJuX2c2YlhOYlY1OWxGQ2dhRWF0TjRmOFhONlR6MXIzSHpSb1JrWHZuRFN1akladnF4R09hSnhDXzMwek1nTERCRGRKRjc4dUtkQThkQXBWUmFPaWMtY25jY3FDakFKWHplckhEX1Z5ejA1SEFLRHpGWExGbXlsQ0pOM3RUOHA0RnFKSklRSk1KM2F1aWpXT2JBQlXSAZwCQVVfeXFMT3FyZ2lQY3VsZUY1RUJDX1NoSk9sSTFtQkl5bGQ5OUx1T1c5bm1HbVBONC1rQlF2ODlLdzlCN3ZaSFE1Z0h2Wlc3eWpqNnJsbGVQNHYzdEVqQ0dhUlI3NndQMDJaWVNHM05UOGdIc2U4TXEyR0JNZTNjUFg0bEtIUWpOOXhSdDV6Y2NrSlZLR2lGZE55SlU2UWF3WElHZmlUbVFFWkUwclcwOWxST3VJa2d1Y2VPQ2hnT2VJeURXX25GZExiWllYdVUxVDl3UWxZSmxpQm1xb0Jnams2Wm1QZFpfcFZjSU8wWTQ4T1ZteVNfbnc3dmExNjJ1dFA5R0tveURGYS1tcWZxUGhVV2h6a0hSaUhIcUpEeFdDbm0?oc=5
🏅 Sports,2025-11-17 07:20:17,Bison OTT release: Mari Selvaraj’s sports drama to stream on Netflix from THIS date - Moneycontrol,Bison OTT release: Mari Selvaraj’s sports drama to stream on Netflix from THIS date  Moneycontrol,https://news.google.com/rss/articles/CBMi7AFBVV95cUxOUVBBS1N3NTh2X2xuWHduUVFvOC1Sc0tORHlSNkFZRjYtanNMTnBqc290bFB3MTQyWm9SWkhwUFd3OXBTYkZWVWdLcGhUS3dxX2dwc0d0b0V5OVBZUGtZeVg1WTJ0bkltb0RVejhsdnlGS2xDdlI3VFBmOW42eW00WlZKWmRxTlZrYnFJY0JoU0szczBHd01qaGVkU3BoczUwRjFYei1POGQtNG8xZmZzWjMycklBeGlLNGpOVUt2UEZvZE0tbnd6cERJdmZWUi1ZREFyYXdmRmh4VmJBNm5NQ1ZOcmZHbVNQUDFjMdIB8gFBVV95cUxPX3hROEtIX0dnNThWcS1uLVJEUXdyZWcyaEEtdG9FcHJ4YjV4Q1F0NUNrVDUzODhPTmdjTVFqTmJRc0JUQnZIZE44M05sZzdaTUxZSDJzakFBQUItNk5qYlA4bFdWTFpKWW52ZEtCZmNfMjA4SGNtSUhzNGUwUmhGZWlCMUNGMlhXMVg1QnBVYjdfeHdKUjVzSkt4SjJOekJIY3B1Qkhsb2ZqOEVOVlVVajZ3dndCU1VNZGxXOVZYRnlsUUdPeHk5YzR1eUhFcWx2N28yV1pyOV9pZk00cjZIWEkwR09kWmpoeHI4ZlpOb1hGZw?oc=5
🔬 Science,2025-11-17 06:41:12,"Flying 1,000 km per day: Tiny Indian Falcon stuns scientists with marathon flight - India Today","Flying 1,000 km per day: Tiny Indian Falcon stuns scientists with marathon flight  India Today",https://news.google.com/rss/articles/CBMi1AFBVV95cUxQOFgwdUhBYzZqaDVOa1UzTGxkMVcyVDdnS3F4V0JuSFFUcXNJM0FES0k2WXJBMzNTSUIxWW85V1BqekNRTWtnU2Y3TjJySDFtdE5kNWhaRXBFa3c3MnIwRUFfamFrdmtuZ2tLTVozSnFHWFZlU19jZlBYTWJRRDFVQ2NNc0pGcC1wM0Q1NkxMTWNNMjJLSlBfSGZsVXZCdlNXaHAyZjUyV0VyZzNzdFRrc2tObVBZeERKSGhvMzRaeE9IZDI5TnhRSjFFZ1A5MWRfYlFYNtIB2gFBVV95cUxQa1V0dVkzbUQ3aEZYQm4ta3liZkptcllneEZDbU0zUFdGTV8xeEF0RjZoZjBHUUxQeVBMN3NjWlRaSDl2U0Vjb0V0SDY1YUtoakhXREMwVG4wNDRYRC1RNHlKLUtxNmtpVXNiNmhZMnRwTUJkeWlPNWxON3NZTEhNMnZWaWs1Sk9tOHhjQ2diSEJQNmdoMXlCM1NEYW5kRzI2WEVsbExPamdTRkd0WVJ3VXhXUXN6djlHSUNEQkRuZ28wNDA3NTdYcUVyZFVYOTlzVXI1aDg1NV9CZw?oc=5
🖥️ Technology,2025-11-17 06:14:35,AI Governance Guidelines - New Technology - India - Mondaq,AI Governance Guidelines - New Technology - India  Mondaq,https://news.google.com/rss/articles/CBMiggFBVV95cUxOd19GUGdZOEdzTVJCc1VoNG94Yi1YN1M5cy1QVzJYMjIxT3VpV2NDVERYSmZVTXk3bmJJMDNiY2Y0ekM1ckI1eWhMOVRoWkxweElxMkpablFCOGpSUkZuWHRGQzFUSklSUTNjQnh4RzNrQkdnMHZ3MW1fbFlvWHJpTEVn?oc=5
🎬 Entertainment,2025-11-17 06:12:31,Vivek Oberoi admits he once swept rooms and made tea for this popular choreographer-filmmaker - financialexpress.com,Vivek Oberoi admits he once swept rooms and made tea for this popular choreographer-filmmaker  financialexpress.com,https://news.google.com/rss/articles/CBMi6gFBVV95cUxPN2VJdS1ETmJnek8xY1Y3bGlIOTBHelpsRGpidXVuNExMa01UcDZtdkdxNm1rc0RCa2dyTnVPUUZKQzhSMnBITDhKNzM1X0JJbnFpUW05b2tIamMzX2R4LWk4Y0J5azZrcXljWHZfR1BPUmlzWm1LNjVBSFlqZmZBdFhvX0ZiLWw5YnJ4QU5pSkNNMEdWbkhZUDBYWFdmQzZSNXBET1lrdHRxWG5fQnVFM0pNLVdfOWFaNTZxbi05a2trUXVIbDExQVRrQXpDVm93ZUpDS1Vib25RLXZvb3pUbkdhZlRneFpDWmfSAfABQVVfeXFMTU5RZDFfekpKN0pyWmowZ3RoM1NSeDhLcGNMaS1hT2NXYTZNSk9xOFJSaTVPWnowenNkakdySkVVWGhLVVZBUzhoaWZGZGZsOG5jQWc2VDZJVTlZbGFnUTdkbEdXaGktOUdjQmp3VDNjZUNoQzZMd01UVUFaVGNLYUF1Z083cFpjTlgwQ2ZBUGE3cFpDcWdaXzI3MXgzSG8xZDV2QUVSRnZ5MVZSdDZLNXM1UzVOMXk4eXJrSGRERkdnSm5zc2p2ZEJvYklNc2VqVDB4blBkaXpTVjhPUGI1aU9kZy1ISVVBaEhmR2E5Z2Nq?oc=5
💊 Health,2025-11-17 06:02:51,"Violence In Early Childhood Has Immense, Lifelong Mental Health Impacts: Researchers Explain How - NDTV","Violence In Early Childhood Has Immense, Lifelong Mental Health Impacts: Researchers Explain How  NDTV",https://news.google.com/rss/articles/CBMiygFBVV95cUxNNDczelZlT0FWVDZsSEV4YnZSeTkxUThBaUhkd0hTN3FrVm5pTG9ILWlQRFFBM3hwRldFWFJ4UXQwb2xUWWVpVHk5TUNaSW9PM1U2OEZWM0pyM185OFZQWHF6OV9pNGZnZEgzc2hseXlLVXNDNkNhNTlPaDBGdlI4aGRnQU0xZXExSHZ0VmhHREpUVmlqYXlRYXFNbGZvQlp2Y3lsMDh0bG0tX01fdHlUdDlhRmcyOXBvdHl6a24zYXBBemxZeUd6SDFB0gHSAUFVX3lxTFAyc1JtVTJaS2lDWnhnTjZwX2Qwa1ZKeEVHZWxRdHQtQ3dUQTBCTFRvQkVCSUVsdzE0RTJHejhQc2YwQlAxSVJ6ZHBla0hoTnRPWW5kR0FiNmxQNHhtSkgyTExEMDgtWG9pRC1yT2lZcURlRVo1bmo0bGc1WV9CV3pPdFN3TERwRTVfVUwtdXhYTnItMGhlbVluUlBOcVRtNTAteHRJanJheXhSNk1aLUxTUXZRQWtJelVnV1drQVF0RGpseFNmcHFRZ3cwaW9pRENKQQ?oc=5
🖥️ Technology,2025-11-17 05:49:13,"China's investment spree in UK gave it access to military-grade technology, BBC told - BBC","China's investment spree in UK gave it access to military-grade technology, BBC told  BBC",https://news.google.com/rss/articles/CBMiWkFVX3lxTE9LUWcwMEI4dEZ0YmM0aXROWkxGZXE1UEZnLWp1aVo4SDV1eVBRUVlHb19sUjctVXRpREtNRm0ya08zZl93MmVGVS13WmRZelZYMG9XR19qQVlqd9IBX0FVX3lxTFBXVkdGdFM4VDhVY0d0VUF5Rk90WHdRRzFOQWtwWFBERW5aN2gwOGJ4amlvc0ZMUGctQlY5dVJPUHp4eWNjQ3JzTmgyVm5FQ2ZXd3RYWldyM1pIQ2U1bVRj?oc=5
🎬 Entertainment,2025-11-17 05:48:00,Jai Movie Review: This political film bridges messaging and entertainment - The New Indian Express,Jai Movie Review: This political film bridges messaging and entertainment  The New Indian Express,https://news.google.com/rss/articles/CBMi_wFBVV95cUxQb3FFZzh5S285X2F5aUpTdXdxYklsWnE1ZEs4MjktazVuX0ljaXJYZ2ZydkxnLXZLbnZQeUp3VU9TN0FYLXQzSm01TlE1enF4RzdHSFRXVUU2UUdvSWp4ZTR4eTNPVGdIeDNzZV95NzY0dkg4ZHRtVV8tOExnT3FBQ2FWb2dObUFCZEZObXpUcnAwbGpUamRRUmtYZlVqRlVCbFRTZXZQd2VQLUxXOFl1MjVjam1ySXJObkxaMWtqZFo4TTg3N25XNGlONnFSbFROcXg5VDBBcHdaRVphM25jOHN2VVNoeTFxWDZsc3pEa3o2NjNnS3JSWnpmUUJsV0nSAf8BQVVfeXFMUG9xRWc4eUtvOV9heWlKU3V3cWJJbFpxNWRLODI5LWs1bl9JY2lyWGdmcnZMZy12S252UHlKd1VPUzdBWC10M0ptNU5RNXpxeEc3R0hUV1VFNlFHb0lqeGU0eHkzT1RnSHgzc2VfeTc2NHZIOGR0bVVfLThMZ09xQUNhVm9nTm1BQmRGTm16VHJwMGxqVGpkUVJrWGZVakZVQmxUU2V2UHdlUC1MVzhZdTI1Y2ptcklyTm5MWjFramRaOE04NzduVzRpTjZxUmxUTnF4OVQwQXB3WkVaYTNuYzhzdlVTaHkxcVg2bHN6RGt6NjYzZ0tyUlp6ZlFCbFdJ?oc=5
🏅 Sports,2025-11-17 05:33:17,"School Assembly News Headlines for November 17, 2025: Top International, National, Sports Highlights National News - Republic World","School Assembly News Headlines for November 17, 2025: Top International, National, Sports Highlights National News  Republic World",https://news.google.com/rss/articles/CBMi3wFBVV95cUxNZ0dGcnRuV0JNMUZIYjJQRjN2QzAtdmFXYVZzQ09jaVdpWngyT3Q3T2cyTUIwLVoyUE9uclo2SjJNQThzazNjaVlkekhlN2E2Vkw5dGhKNl9nekRDR0ltNU5KbGh3N3pJMHlOQjU1d243ZkI3Ti05YW1kREI0RzNrejBHeG45RGR6MGZxdWxSaFVtMDRnYlN2dWhTV3B2NHozODFTMDZiUWNuRTVlNV9SM1c3V0hSVGtfOVk3bjNNWGFMdHZxdW00V3ljUXFNX0huckhsdE92N2EyM2RhTDZz0gHkAUFVX3lxTFBTTHAzY3F3OVR3TjRIM0t0dWs2X05DaTJSSzFuUHlYb3VWdFlIaEhTQ0hMajliemY3dkxyRmVCWWE4d3pocXYzYk55UzVPWGtPMWZtaUtKaFJNalg1Q2pyTUR1UHE1X1VvQ0RsaXJ4cjRHQktqT0Y0U2tjVWZUUHl6YzEzUEJaTmRyVzBUcS1hZTJ4LXZpR2ZWNU5OU0hRZ2dFZjhsYnVEY0pEcGlvUFBKYVg2RXpYdE1leEgwRENPTVI4a2Z2SGZKOG1zY29tX2duc0JET0tXVlpPQUNORkFWMVM0Nw?oc=5
🎬 Entertainment,2025-11-17 05:32:03,Fans Slam SM Entertainment After Aespa Winter Drops Out Of Bangkok Concert. Know Why! - Hauterrfly,Fans Slam SM Entertainment After Aespa Winter Drops Out Of Bangkok Concert. Know Why!  Hauterrfly,https://news.google.com/rss/articles/CBMiwwFBVV95cUxQeVh2SllLVE84TS1rLV85ZVpBcGRlQlB5aUc1TEw2dGdtQkdEWW9seEpUTjBQSUxnWEt4V0tOUzlJRlFDQ1BISTlRek1wbEpUX3h1cXFZeDREWjh5cjQ3X253RFVEcDNNSmxDMktKZmJOMi14NE85V0ZmLUZrN2I5NnhNNVBIQnRmeGE0VDZDUXFKbk1PdmQ5LW4yMG9LeW5aYXBXZEwxWmRZUk5MTTJnemJYbS1LS01wQmYwUnh2R2dGaGvSAcgBQVVfeXFMTnA4d3dIa2JRUUlQZTJMRGtIRVdZNGUyMlMtd0JvLV9pUDZYRS1TNWp2Szc2bzgzSWFHY3RiNjFpanpxV21uanJPS2xIS29QUzlBNFpMTW84RzFnMWVnOHJaeGFlZHRGbEtqdDRoSFI2eUE3R3hJcEZBUXVZVjZlSDRwaTJCNmJqZVN0OTNMZHotQ05RUnVtWjJ3V3FfNTdtWURZY3BVSFFkMG1Sa2tvb2xfSDluVUpDbWkzcElMZmVHLVdqbkVtckQ?oc=5
🏅 Sports,2025-11-17 05:31:13,"Sports And Epilepsy: Safe, Active Lifestyles Can Empower Young Patients - NDTV","Sports And Epilepsy: Safe, Active Lifestyles Can Empower Young Patients  NDTV",https://news.google.com/rss/articles/CBMiqAFBVV95cUxQTEMtUHVMYXZuV1hhbk9Hcl9kLWwyR2k5bXh3TENZVjB3ejB1clNyTGFnTFFGalkwUER6RUMxeDItU1l2NlI3aUwxMXJDUXNETm9TRV9lSDI1RURkR3VrNU5PNi1iQVRHQ29ia3lYbUdiTVNzS2hyWVFnUWJweU44ZEh1NUtQbkswRVpSM2VhQVhUVDNqbmpSSmhtWVkyTDBYaHNQbGQyZ1DSAbABQVVfeXFMT2hnOWNfbFBVTnJZVEFobGhHUTNhcGtpcFdJSzF5UFlxVm9neXNYckkta1Brb2ZoUzM3R2VCczdMMU9hN0tNLUh1ZG5HTzRSN25tZzVlZkFBYm5IeTlaRUFDOF9Ldk54U294b2M5ck02VFl4dm5jQ0JyWFVXTW5kamU4eHlHTWJHWmJXUDdSMkMwY3R6V3lKX0tmUGUtUThvNFIya1AzTk9Kb1hKQm5lTnE?oc=5
🎬 Entertainment,2025-11-17 05:26:08,Vubiquity Achieves AWS Media & Entertainment Competency For Powerful 2025 Cloud Innovation - Digital Studio India,Vubiquity Achieves AWS Media & Entertainment Competency For Powerful 2025 Cloud Innovation  Digital Studio India,https://news.google.com/rss/articles/CBMiaEFVX3lxTFBObHRCYU41eW1mSDRjb3lQNDhCdkFMc2g3c0FJWFJxLWpZVnQ3bTBYd2NsdjM1VU9oeVBQSEZjY2RyYkxzQ2NGMHBKdXNDeWc1QkU2b09vVWhiS210WGdxaFppem5ka2U3?oc=5
🏅 Sports,2025-11-17 05:04:56,Honda Prelude sports car to be launched in India as a CBU - Team-BHP,Honda Prelude sports car to be launched in India as a CBU  Team-BHP,https://news.google.com/rss/articles/CBMiggFBVV95cUxNYU0wZ1lLTzQ5a0VQT0YtUDNwaXJERWl3VS1PSm1rT0dFcW5tLTFkUWFYU0VPVFpVeG5xbFlVdlpnbGZFRXcxVmZnVFRrTXJFOEozX1lOQWFkS1RVSng1UGJVYmpXeS10VWdnZmZZdFRwRmZDZHlQbGU2QUNUQU1KNEtR0gGHAUFVX3lxTE5WOElFQWZ6enRvYWNVai1ndjYxMkNKVkp0cWQyTlotRjdJWlpzT29jSEdaT3dtQUQySExNczZTU3JJTzBMX0J4VkNuX05ZZklrMjhYRkdPWGY0dWh1djZoV3dEWG82dDNDSUJaZkxrb1hVOXctd1dIcmt3ckczX2VENWI2LTJhVQ?oc=5
💊 Health,2025-11-17 05:02:00,"Are cloves good for oral health? Know its benefits, uses, and precautions - The Times of India","Are cloves good for oral health? Know its benefits, uses, and precautions  The Times of India",https://news.google.com/rss/articles/CBMi_wFBVV95cUxOVkxtTDQ4cWpZMzYtRVBJR1hua0x2U0VsRUl6WEhtLXJiY01vTkVtV3ZaMmd5MElEMXU3R29vY3NwYno5bjUwVlFrVUp0dUl2NEdjMDhEY1RHY2NkNlotSWx1OXpzRl9UV0hYLVR0YXRpLUU3QjQtR0ZSVWVMbHp1QWpOVGlScVFSeWtIVVJuTnc2Zk9GMUdVMkJlOVA4eGJvZGpKVnNmXzZ5UUk0NjlhQkdkYzJ2T09OaTVIam56YVNOMmFvRUVkVEt2MXJUTnhjbGhXTnpSdTVhTThKMnMxVVJsNDRKQjRjTFZMUFd6ZVpsU1JTbUZDZ19nRkszWjDSAYQCQVVfeXFMTVZsU1dqRjBHSlB6dHRWWjktNkp3eGJuWjJneS04MnA5WWhuemdMWmVzU3M1QkZHM1V6ZEdQQ0lZM1FKNHQyUVNkZUJkTzl6X29DZXlwZ283bEZpM1prM3ZEaTc2b1pvNWp1c01WaVlVbzdTMFpKS0lwYkRvVVNkdlNqTDYwbDhXbWEweWZSeXlKdG85bkdQTFdOaEhPLWNvd3hwUFFZSC1TVi1fUTllOWoyVzA3ajc5c2pMSkU4U2d1VndHckVLUlZLZXp0RTBIYnI2eHh3SW8wQzBnYVFXcEQzczlxcmRlLWxTakZHUXg0VnI1OXo2V202Q2pNSkUtTWlXWGI?oc=5
🏅 Sports,2025-11-17 05:00:17,Treasury planning tax rise on online sports gambling — but not horseracing - Financial Times,Treasury planning tax rise on online sports gambling — but not horseracing  Financial Times,https://news.google.com/rss/articles/CBMicEFVX3lxTE1HaFlzY1BvbTZCOXlLQzFRek9HQjJ5ZDBKSDJIUEs1Zl9FbDZ1djVwSEFvMlR2cjJrRjFEVWd6cTBkOE9tZkt2S1pGMjZkU3NsQUhiaVRrQ3d5cWJmZzVFVXJnc1BnYmJNMFg0MkZ0VzA?oc=5
🖥️ Technology,2025-11-17 04:58:47,"Capillary Technologies India IPO day 2: Here's GMP, subscription status, other key details - apply or not? - livemint.com","Capillary Technologies India IPO day 2: Here's GMP, subscription status, other key details - apply or not?  livemint.com",https://news.google.com/rss/articles/CBMi6wFBVV95cUxNcjU3N2dWYXdhX0liZTBCYWFFSWtZWWwtSUJxMk5SUVUxY0haVnF6MnJ5SU1OOGVsOXl5dWViamI2aGdYOHBadnpTbDY3bHU5QmJMaFktbjBYSU1rdk5BTmZ3T1AtcHNtb19xWHdxTVBFVzh1LWhlQmtxampzSWNMX2FOSUxVSjlBQnhhWEZqbk9lQXFOSTNFTkVkVnl0d1ExUmJ6OWZSOUlhQXhTRGtsbkRtQTd2X0tfWjBwQzh3OXYzTzFHbGdjN0RPTzBsbnB4NjNBY21vMnBleExTWE55b2dxYTdqbWltSHFz0gHwAUFVX3lxTFBxcjh2dXRndGdwREVka0lEQjdBUkRlMC1KU2F5QmZ0VGRXUEMwVFdILVlIX1BwMWhpdHl5R3R6S0Z4T0J1ektXYXkyRl8zdXJJUEdWbm15Vl9JQ2JDeWx1dGE4eDdGdFdyVjRWdkdJZVJmNU9uM0FfWmJOM29rWXFiQXVhZkRHNDRBcWFLVldlWTNXazY3d2ZGXzFWUGNiYk5XU1VzdjlrZVVEWFlyWlBkcXBFN1ZPaUZ4X2txamNnWmRiVmZIRjU3RUxJbm5XUEpnazdqdG9LU0RLQkRabE9DNl92TzUtUEN1SzBHSmdjdw?oc=5
🏅 Sports,2025-11-17 04:52:00,"Paige Greco, Australia’s Paralympic gold medalist, dies at 28 leaving sporting community in grief - The Times of India","Paige Greco, Australia’s Paralympic gold medalist, dies at 28 leaving sporting community in grief  The Times of India",https://news.google.com/rss/articles/CBMikgJBVV95cUxQYzlGSXA4N2h0d3ozU0pXcjQ5SzlydjR1LWpIRlRCU0VRTUU2MWpPMVRsdDQtT0ZoSzhMeDNGTU5fN3kydWhha2VSU0hpNWJSQXFnTklUTnFFejhRX2tWcWJ5cGdOV1FQbmo5UTVRTk5LRFB5cXFvQ29wa3Zzak50Ym15dEpRbTBZd3VadzN0eEIyNzhtY3FRalg5RFJabVRERTdKaC10eUZvcmJ6ajZrQ09UN3JMOXV3WDZTZXlPbFU4ajE0Zk5STG9ETGxZeFJvaHZCMllLc1pCVjJ6cVRjcElDZlU3ZFE5cERZeFN3encyQ1VpdTBCOFBQMGtDTEE3OFFDZzR5QnpjWnM5S1lNbmF30gGXAkFVX3lxTFBGU3lQa2l3MW9Pc0dVWGw0YzBjRGxnXzhLWjUySnQ1S1FzVk8yRlRsUjBXcEJyVnQ4V1ZfNGRhTFpPMnRuZy1uNlF0cmtVazNWY0JjWUgzSUtVaUpUNVZ0bEtadHd3ejZPTTBvODdBR3I4RjBaekZCeG8zNlYyTEFWZjRQUHpla3ZGOWNVel9DS2xadzV6ajA3Y3JQQTJXUDFndmdqdWhXRFZYOHRFSU5NSzdCTXJsTEEwOGdkWDF1NEYxRk0tWHZITEJadlh2LWhiOWtBVUZCTjd0dGhUdEt4cWhCNnZjY2NqS3ZuSXlMdTN5TE9valV2TDZseWE5aU1kbmNBeVJUdDJWdURROVhNY3p6NFlCcw?oc=5
💊 Health,2025-11-17 03:57:49,Dharmendra Health Updates: Deol family plans to celebrate the veteran actor’s 90th birthday as he continues to recover at home - The Times of India,Dharmendra Health Updates: Deol family plans to celebrate the veteran actor’s 90th birthday as he continues to recover at home  The Times of India,https://news.google.com/rss/articles/CBMitwJBVV95cUxQTW9HMnFsTXNFMnRDa2gzeGR2NzNVV25GSGZDU1RCTDF1TF9XVDMxUjduYk9pWGQwNWRJUnFrdmk0V1RsZ3lPVFAzUTkybU90UEdvSFJHcDF1X3BIMk1qNG1PZ01zZVZyZUZEVUgyRGpNOUdQcDZBa3VRWWlkZnlKcWFtaWpmMHZublpaUzNvQlZfYi1qSkRVaFpzeloxcF96eXd2UFFOQ1d6UlFIYVFvZ0RSVHpKajhWSzFUUDdDakcxVUdIaldqbUt1bTNBSTA1Vzl4S3gwTnN5b0RnRHB6d0JtM3EydmtmZTU3aHZLM3ZqZXphaktkNDFBYXNkdUE3V21oNmZpWFBtU3Q3RFcxRGlDR2dXMU5tUDdKTWhFd1R4SlF4SXdlSjd0VzF4cmwyOVAwY052Y9IBvAJBVV95cUxPcFo1ZnBWb0d4dURIMUZwdFE5blpMc2phVHpObldJbkRQYzg2Wktnb0x3QVBpSWtZTmQxbktaRHNFaTE3eDU1NElmZVFaX2hjUVlNUU84SEhzRGZGU29GSmdXMWNfaUFYSm43LUI0MXQ4T0l1elRxVlVpZW9SOG56Q3NMWm82YmpfWm9JeEcyWU9TQmZlMHlrSl9mTXVIb1Vhc1dsYUMwTzluN3o5WGpNM05zV2h4T3F1YUZiS19SNnFuMTZxZ24yLVRzazJvYTFoZ2pJT2hEemNwTm5teC0tV1JQUDV5b2RpUnFWckQxZzM1TFMyamdybDJiTkRnWFV2RTUwU0VUdnFCUk9vbTNZMTlPMFpmTzJTQzR1WmpVenhGcEE1MEk1UG1oN0dWajJySmZSOS12U0tRR1Jr?oc=5
🔬 Science,2025-11-17 03:51:09,AI & Digital Tools for Implementation Science - Amrita Vishwa Vidyapeetham,AI & Digital Tools for Implementation Science  Amrita Vishwa Vidyapeetham,https://news.google.com/rss/articles/CBMigAFBVV95cUxOQ0gzTTZBVlFMMFU3TzZ4UlFwbEFRSDM2RFlEV2dKVWZpM3Q1b1lNcTg5WXJpRDYtX2Q3cjFSTGdRbDFKWlNaM2xfRVZGWHdjQ1E1SUw1YzVTMGZILTk0Z0NWMDZ2blZCc3lqV1Z4YWVEd1BRaEJfVm9qMVVwV2R3Vw?oc=5
🖥️ Technology,2025-11-17 03:43:08,Ideaforge Technology shares soar 10% as co lands over Rs 100 crore in defence orders - The Economic Times,Ideaforge Technology shares soar 10% as co lands over Rs 100 crore in defence orders  The Economic Times,https://news.google.com/rss/articles/CBMi7wFBVV95cUxPc2U4WVdnaVN2Wi1FazdUeDBrNHpDZE4ybUxMV3ZZNVNQajc2eFNJUW1ZSVNqV1lGdkp1YjhyTFhTSmpObDVERF9pQVJPUjRScHdnOG4yUFl4V0RsOFVtNGt3ZXFLNzZYMHRpUEdXSElER1NuaHVkWGxTRXlrcDE1YklyWEM0RFBDRTE0cjJMT0xlNFNsNGlfNm5tLVlhclRxQUtYemV6cXlSQnpMb3Z2VjhYMnU3aFNpOGFEUm93dHBPeV80blRCajh4TEFpS2ZkSGN5MzRvam9wU01tTm9HTENMeVhxUjBZNExmZ1NzUdIB9AFBVV95cUxQdXpuV1dERUxKZ0hQM3ZCVlc1WWNvUUszbkQ0NmZnQWY4MzhNOVdpWTJ6OHhKSjAyUzd6OG1kLWI3VTQxU2tlS3l0ZDhaUGgxeWNKa3VfRTlLUV9kQl9ZVlFOMVhNS0xCRVBBRHBhbWFkWG1ERC1XWVlfeVZySm1CemkzN1hHdTdSWDB3MG1lb3lscHZKNmFKN2RVcUNzU1BIMkd2bHB1TlZNV0F5T0d4MDhJTGpnaDFtTlRLN21MQVFfV2YxZklzckhJU2ZGaVpVeEt1cTdzZW03dXZYcXNFUlJjMGdEaVdtM0JiQThiRmlzZ1pj?oc=5
🏅 Sports,2025-11-17 02:24:31,Sports Authority of Andhra Pradesh sets up panel to probe violations of kabaddi players - The New Indian Express,Sports Authority of Andhra Pradesh sets up panel to probe violations of kabaddi players  The New Indian Express,https://news.google.com/rss/articles/CBMi6gFBVV95cUxPVDZxZTgzSGFOYm1nMlNkVXJ2bm00YldOb3VYSU1NMlUwNWJLY3NrVHRtWm5sektwUi00QnoxUTdvUkFiY0ZYMTRQOW1kZ0hDSkh0OTZiOWs1NVZtb3hFSnR5c0dpTkItSFVlMzZDWjkxckRvakdTZ1NmbGQtWEhZSXhoUWVidV9iTkxKTVhTZXptd21ZNXB2ZXd2X0F2QWpOb3JZOXJCdjdNcExXOEtfd1FYMEhGZFdFVHpSM25nTzlLT2k4d1ZoMWUzbG5sREpRaEpIQlU0SnY1dXk4cldjY2xha0g3UHZUZWfSAfcBQVVfeXFMTlF1Sm1lZkpQSlRNY3VnQWhfazlnTkFZMFZCNlRGanN1ZGNBd2N0aXNvWjNrSHhST1hJS01GRWUydW1TYklZbHdpTWhLZkh3cGdaWEZIU1NLT2tKS0JrU2d4WEpadm1HcEhzNHYyZXZpWVdaMnFUTXN4TXRyZ0sxRFBfY3NYSG90eTh2S0tLd3A5cTRfQThlNWszRWd4NENVTHZWT0NLS1lYOWVfWTJIblZnenJVMk5vOHFxSEVIdndNckpGMmlBdy1seEVKSi1KakJhM3dCeFBJSFFZSmE0VWJXejN3ZHRkLUpUQWpKeE5tOEo4anZTdw?oc=5
🖥️ Technology,2025-11-17 01:33:37,"Breakthrough in desalination technology, using carbon ‘flowers’ - BusinessLine","Breakthrough in desalination technology, using carbon ‘flowers’  BusinessLine",https://news.google.com/rss/articles/CBMiywFBVV95cUxPNHVGSkZCYlJZRVYzdjV6cWZrMmlWaWF5cmlvczdNUnFiWTE1UmhXT0pkUDhWUExtdFV3MjQ0Z0FUWmU5eks2amZ4dmpzQ0lDY2MzS25SSGx6eUNRLS1URnFVY3ZILUx1dGFXUG5hNklrU0pmMGNSVm4yVllmNnZGQUdEaU5HVTh1OHpTZWtLX0NMWjNqVXlvOUVNTGdrV09rVzF2SVpRNW5DTG50V0VzbVVRNU5wY25rb1IzWXBzWTJRTlJzZFZYVWVRMNIB0gFBVV95cUxPdDVQV3RIX21ORzE5X1U4SkZKVzE2YUpCYmN6Yk5JUGQ5SzAyREpsMi1zbWI2REJMLU5lckZNa3BOV0Q5dTlkOFJ4ZktsYXRNOEJmbFlvT3BmN2p5RkJPQnpIRU9WSXpyRkNkWE1sT21DdkFrSkhLbzd4R2tja2dJRS1GVXNId2Z6dXZsZzFfX1dYTTRiSUFSRnRIYVdTbWNSdFBYSENvNHJ1TlMzVE9CcmJvQThzdWdQZjFPcGxnNDFJTFZZcWl4SUpUR2hjWjFOekE?oc=5
💊 Health,2025-11-17 00:32:00,How tax break is reshaping health insurance choices - The Hindu,How tax break is reshaping health insurance choices  The Hindu,https://news.google.com/rss/articles/CBMiswFBVV95cUxPYWZ6TnBBNWpNWmpPbF9heUk4eU1yMjRVWUYyLVBlN2doYndHUTl6NXdoLVpEbWlnZE9pVGtjYmFQSnhDSGZWOFpHSlJUVzBfc004bjVOS1A0cjhnN1NBNGVvTjJNYVg2SkhZYS1FVzQ0bm8tVkVQaEFQQ0xTNEtWd01NMW1vMzdZQ3Y4M25qaTFNakhxZ2FTUHBfSXRTN0JaWkFMNm0zQy0zY1JPMG9pUFljb9IBugFBVV95cUxObVlGeWdEQ1lZeFpTX1JpcEZQNS1OX3h1aGk4THh2bS1WUEFsa2tRU2JYeGQxOXE4UnR4ak1MMmhNbDRicFhTRmhGYWctajNXbnYyQlplM19qalNTTFhSeW9ubmpBZGZDdnR4MzloajUyLTM2ZVZtR1JSQkNBT29PdW93ZXhNV2lpaEVRbjFNQm5vOV85YWk4d1RkU3AyckI3bjVLOXRBN0phQXIxMnpjeElNQWNHQWhMT3c?oc=5
🏅 Sports,2025-11-17 00:30:00,"School assembly news headlines, November 17: Top India, world, sports, business news - India Today","School assembly news headlines, November 17: Top India, world, sports, business news  India Today",https://news.google.com/rss/articles/CBMi5gFBVV95cUxNS3ZwTHB0ODZvblJZSTA0Mlc3TVgzYVJIV3dVS3g2dlhlTEw1LXViUHdkZVNCUTBvYzZBdEdBbmE2dUlLLWZ2WEhId05Sa25MWnVJT2l3dDNMUVRObk82UmpCcDVUZmdWMjVCWHgtSEhTQTdvRGYyTVVpUThNTXF6R014OUp2bjF2TXBSOHFsZWlkMzlzSmVHZTNOcG9oeGVWaDdmSVctelVFMmh5Um5YZHR3RjFidWlWT2pfWGNmTll0YWwzUlc1NTM0NlppS1hIQ0E5Sng3Q2JmdGxpR0tJVkVHOHQ4UdIB6wFBVV95cUxQRWRUdlFDNURlUURBWnNiVkNPeEdTQS1fYl9yWFJiQ04yaWlHcG5QeGZJNG1jckpnUXRYSmlnQTdQVjh6S2o5bXpqeDVKdzY3LU9uVVhpWHFCLUJHZFBsVkJoUFJ3ejFEaFEzbDJlTU94Q0ZFZ0hhc1NKY0NSekdvV3FRNC1HdjU2SjZrM3pMbm5ZeThobDR1QXQ0cVlQZmdBa1BQOFhjODN5SEJVOTAxbDhrMlI1UEE2d0tnOXQxXzlPbGxrdGUyMzBzaXFoSnQtcFVzLWtfVVRTN1huckVMUFljR3hTeGNtMnNv?oc=5
🎬 Entertainment,2025-11-17 00:27:15,Entertainment companies diversify as OTT growth slows | Mint - livemint.com,Entertainment companies diversify as OTT growth slows | Mint  livemint.com,https://news.google.com/rss/articles/CBMihgJBVV95cUxNbW1iT3NfbUQyT1VIekN1TDUtaVVzWFozTjdDUXR4M2oxQ3RoT1I2N3J6eXluRi1OZFljNFNwUC0tODBIeEx0RzMxTXpGOXZpYkFobmxuSVNLY3E2Ml82a2RlZnUwS0ZMUnNLbldnVEdnd3R6LWFPU0Y2VEFjUjVteVNId0tCMmduTk9qc0JYVVlwNC04NmFfZU1iV0VCaW02V1g3OVlWNzdXMUZ3OXFwN3VtN2VuS2RUaFJFRVc5ckRIYk5oQ1ZVMkVtZzlyRXF4UXZiQUtTOGV2TklyWTVfZ2NtN20wZFdZOWtreHoxa0t1M2UweGVBS0xJd2RXd3ItSzF0NWlB0gGLAkFVX3lxTE1scGtLaEp3S281U0VhWThGdHFDUWhIWThqZzc2TmhNcGdCVk1GN2FiV1JDYy1fcVJsRGJSZlVVZmRDdXNpN1lidjBMLTd4WThLWnZzaS11elJ5YVJVU1FvMWFsbHloakRVMGFEc3A5UWpQd3BqRjl2OXlza2dWd2FfajZrODRfZ2ctcXo2aGxhc1NoN3lFSnFGU1NScy1GUnNXTTFaYWpaNTBlZEFtaHpZOUtjWENXMmQyMHl6YnFoam1TX1lOYl9haUZ2Q2lTS1h6R2tRX2ZLbWZkeFlSQUFGMHpkUmVhQ0Jibk92UFgzbzkySk1kVXJScUU4TVFCWWtOb085TW1UWjdrYw?oc=5
🖥️ Technology,2025-11-17 00:06:48,Europe in the Age of AI: How Technology Leadership Can Boost Competitiveness and Security - Tony Blair Institute for Global Change,Europe in the Age of AI: How Technology Leadership Can Boost Competitiveness and Security  Tony Blair Institute for Global Change,https://news.google.com/rss/articles/CBMi3wFBVV95cUxNdFZPVmU1ZFpyTGtfS3BiQzZaMGN6aFdSZl9ObHkwU3ZhSjZOMDR2SXo5c2tYTnRtUXZfUUFRajdYbWZRd09STWM4VDgwTDV0UGhXWk5JT3hVTmpMYXJjM2FIME9IRFcwRU85M0RGY3RsX2tnZExwQkZmUjlCa08yVW9JWmhkbFZrWTh3OEFqYmUyM3BzLW1nd0Y4R18xWXQzdkZPY2NteGUwNGlGX1N5d1NoY0RqelB1YnZDNUxWX0x4SEItS1pweFYwWFdHYlFiNlBydklidExBT0ZteFNr?oc=5
💊 Health,2025-11-16 23:30:00,Top neurologist shares 3 everyday habits that damages our brain cells over time - The Times of India,Top neurologist shares 3 everyday habits that damages our brain cells over time  The Times of India,https://news.google.com/rss/articles/CBMi-gFBVV95cUxOMF9tbzFRcmpFbENYX2tCejVpYWRMbUdwcU80UXdiZHRqSGZHc0ZVbWpNNWNsS0M1UEtIR2NJRmRiVzNucnN2YnhZMGszTm00eE5hZG5Fa24xTDRuclk2Y24yckZSWTdoY3M0Qlk0TXNyYWFfaGVIU3pJdnh6NlZ6d0hjWFRhaXlQU1BLV0hSMEUzOUQ2enFpZUF0ckVmelBjcjJJVHVRSHNXTGZrOG11cmRsQW12QklZVzJwYmVNcGN1bzE3M2pZUkxpWGt5WklGMm92WWxZMXRNTGxHWWJGaS1LY0duQ3lqS2FDWWdmNm5venhnejFIb1BR0gGCAkFVX3lxTE1Sai1sSlpZTW1DUGFQWVRxdEZTRWZ6S1ZBOTROM3hyREtHR05JZkNmcjRUXzhhMy15czV6a1pybktzY2pwQkZyT2FzbkVGTkJOenFkVkNGLTFfRk1EZlUwanpYQkFEa3ZCYkppSFB0NzRzeklUTE9rS3lESHFPQ0JMTGZ3aldpSWRteWtfTkE0N0lOckFXekRxdzZQVnl4N04tbk5EdW9kNm91eFZpc2hsSnlodm5MQ3pQRGZOQVBXMmtTSUxFQjRjdHZ3OUtfNGlfWFBqX0daRmlLX1JRSGYzaEZSZHRkNk4xZllkODZaRHd3YktwcU1YaTZZUld0ZTFDZw?oc=5
🎬 Entertainment,2025-11-16 23:12:32,Entertainment Buzz - The Shillong Times,Entertainment Buzz  The Shillong Times,https://news.google.com/rss/articles/CBMicEFVX3lxTE0yTk5iNlZteGdZZHpYTnI3dDNibnJ2c0dsYUl5cXlPNVZOUW1NNDRfeXV4QTdZc2dtcEo3MThTNzIya0ZWREVidHRGLVRqUXhjMmJRYmVMV21tTTZwRHNneXVEbWx5Q2RWX2t6eFM0TDY?oc=5
🎬 Entertainment,2025-11-16 22:27:07,Khyati Multimedia Entertainment Ltd Faces Selling Pressure with 4.89% Daily Decline and 50.59% Year-to-Date Loss - Markets Mojo,Khyati Multimedia Entertainment Ltd Faces Selling Pressure with 4.89% Daily Decline and 50.59% Year-to-Date Loss  Markets Mojo,https://news.google.com/rss/articles/CBMi-gFBVV95cUxPSzJxbEI4aDRxMkIyY3UwbVUtWDRocWhYS05qZWg4a2lkN3NNUDVNNHp0TXltQmtzejQ3UW1HZzh1SkswQ3pUTGlRdWVxakZMWHRfd2pHS1JRZlI2aG53TUc3QXdsN0xVX1hBRUowUGllakppdHIwM05tdlYtXzRMZ3lST0g0SXhfcnAyeURSbldOUG5VWWJObDU3VzFmYVJ0REZmX1E4ckJmS3doRzZIN01RdldLM2d3Q0VBZVg0TGc0Z2FUZFBhbDcyYjVhdUFkdW5PQjdBZnc2YXZVYkJ1d1NwV0g1cjhNenBfd3paLTEtQ0Q1UXZTMFZ3?oc=5
🔬 Science,2025-11-16 20:35:00,Students to get immersive space station experience at Kotturpuram science centre - The Times of India,Students to get immersive space station experience at Kotturpuram science centre  The Times of India,https://news.google.com/rss/articles/CBMi6wFBVV95cUxNLUhfZkt3TFpvUjlBOEViWnRkS281LXB3b2NKdHgxWHBzMEZudjFJVWxyQ0tZbXZXcTc4MEFqZWFPTTRPVGt3LTNhSU1vUmgzaG5uWWVnbFV3R1NsLWdqMnVDRW5oYXhmcXJTNmN6azBoeUp4Y2x6YXJ2R0RUb1lZZi1lT1hWb2pueC1fbzJnaFRKYjJuNG1DM3o5WDY1aU5qOWtndm9Za1ItUnNrX19CZDFoZi1yU1NuaF8yYkVRYTdleU9iY0NGY1g1NGs3Y2NQSkNval9fWlVBT1NrSW8wb3pqR0lNT2NxRUFJ0gHwAUFVX3lxTFBRdi1HR2dyT2VOR3FkUHY0WUV6SWNFT1l0N25pVjJBRXRTRENNVWZkQzR5eXpNUE9zTE1DTWg3R0oxeVBMbHZ5YjZmaHVaX2ZzX2IzWEp3OGFyblBvaUNaeFJPQW1kU3BnVkFzMGpmUGRoUFl5NGJBRzM5MHk0N09MLVhOQWVfQVI1RUZTN3JsdHRQYlAxWlAweWdxVWdUR1drSi0td2FYbWFRaEFQd1FxTTFuNS04R0IyOUZLUzktaVhlRHZYZHVGdzhSanhEVTlXZWM3TFRKT1NINXZPcUJ4ODJwTjBZcUJrS2RVN09GQg?oc=5
🔬 Science,2025-11-16 19:58:00,Apoorva Science Fair from November 19 to 23 - The Times of India,Apoorva Science Fair from November 19 to 23  The Times of India,https://news.google.com/rss/articles/CBMiuAFBVV95cUxNYlhodElDbXlRS2gyV3V6WjNDaWtFV2tLUENOWG1TYVV1T0M1alBZQ3dscWtXamUxUDdBWWQ4RWJwaWtxcVMySUFNOFN2ckVxdkVlLW5mVUVmMC1TOElndm1wNFYwWTRtemYwNl9qcnowRHN5cmo1Tzl5eDFVNkR2bFJpeGQ2aFI2SVVKb3JXVFhneUFRSWZGWWRZdzQ2NzNhUmlCM29kd3NydzRpdmw0YWFoQmFRSUFq0gG-AUFVX3lxTE1KYi1QdjU2NUVucUp5clN5ek9GLUR1ZTJMVTBJQTdaeEpjVEN3UmNYb2pEY090bU43RFFPMDkwdXVjWnNvMnlJRko1emZQOU16b2JvdS1RRWQ2Z0lMRXRPa2FZYjZkYjMwVlAyQUZKeHlfSTFEZG54cWZ4Q2VwOURQbkU1OXF4OU54d1pLZk92YnRrTHVKWEtXRHZwZE4tMll0cjhaNHNxbmZWQ2E1OGVPQVV0WHgtTnI0NEhhTWc?oc=5
🏅 Sports,2025-11-16 18:26:49,Sky Sports axes 'sexist' TikTok channel Halo after three days - BBC,Sky Sports axes 'sexist' TikTok channel Halo after three days  BBC,https://news.google.com/rss/articles/CBMiWkFVX3lxTE43RVNqem16STJLWHo5cUwtVUVROFFkX3lnYW9oRHNaTHB0VlBLQ1pWdi1nTmY1M2l4WlpDN204WFgtV19hVm1NSF9QUU5JeUlvWXhCSGVmUS1sd9IBX0FVX3lxTE5Fclo1TXh3b0xzc1R2Q0t2dnFZUlo1M242SHNXd3g5NHJPUXV5MFJwTkxmYlN1a2F0cmZLSExvWGtoTmViZzAtdUVXM2s0OE5tZmE2bHVWaUxWWDJka2pB?oc=5
🎬 Entertainment,2025-11-16 18:14:45,Entertainment Network offloads three radio stations for Rs 12.6 crore - Indian Television Dot Com,Entertainment Network offloads three radio stations for Rs 12.6 crore  Indian Television Dot Com,https://news.google.com/rss/articles/CBMivwFBVV95cUxPcHF6aGZJVE9JRTBsR0p5ZlQ5MjZOUUh6N1dtdndwVVJXN0M4WXpOczF1VV9FWVJDRy0ydmQyM1Rmb2JnVjdobS0xdGdiQlR4ck9tN044MlotQ2J5dVRIV2t5ZHBaaUpLT1A3bjllRU05Y1B2YzdQVXJEbzhFR1JrTzVJcDMweFhWS2xWcnlxUVhhakdXanROdGNpdzlkcWVzNGgtbHVJS2p2bnlPQ3UzTkNMblB2ZDRvX2JfcjBUSQ?oc=5
🏅 Sports,2025-11-16 18:01:34,"School Assembly News Headlines (November 17): Top National, World, Business, Sports News - NDTV","School Assembly News Headlines (November 17): Top National, World, Business, Sports News  NDTV",https://news.google.com/rss/articles/CBMivgFBVV95cUxPUEozSTYxSURLcnhVRWxYc1pwTUdKTkZGbEt6U3A1X3VkdnVkMDVjek4tRTh5M3c5SGlRSE5qeUhfZ0dPMGFaM05uVUlrRmRTMHg2eEZCc1Jhd3ItZHpFaHlJTFowQnY0TnJOem9LNW8za3FBOUs5blNsTGVuZnY5UzhHY2N0RmxZN3JTbHZDaHJwSEw2ZHlkLVdSRTFKV1Q2NXBsQWo0ZktnY3RXVGV0Qmp2alBXZlNkc3ZhT25R0gHGAUFVX3lxTFBPWmhkRk1EYmpoVGNXWUFYX095ZEttZjZEN1RPUDVNem16VTJZVkwwYVcwSFRLclRTSmxsWDExalpXenlpRC1pNEcta2RhSV85emU3T2hPQVpoa2F0bkRjTUV2cEVwcGZzMWk3WlVfZHd3dXlzcDN1RU5xNUtIcDJiM1EwaHFCUzJkandydXNTdXd4OENWUzB6QlpOZmEyM3NnYUJfM0cxUVdHWkM0UzNXNFRCWDNmTmpUeVl3UmJaOURPdmExUQ?oc=5
🎬 Entertainment,2025-11-16 17:44:57,Today's Leading Entertainment Headlines: Prem Chopra Released from Medical Care; SS Rajamouli Expresses Gratitude to Mahesh Babu's Supporters - zoomtventertainment.com,Today's Leading Entertainment Headlines: Prem Chopra Released from Medical Care; SS Rajamouli Expresses Gratitude to Mahesh Babu's Supporters  zoomtventertainment.com,https://news.google.com/rss/articles/CBMiuAFBVV95cUxPLWNjOG9aN2kxSlI0OWt4VzR3TVpyMVZOYTVrZUl6WWhNa1p4cFNiN2NYQ0x2LTd5S3Rrc3VhdG9KTTVZZC1hZGZTQ0Z0M25XdkNNS1BhaDhiMmNDV3RkYXV1RThFUlhVRElOVnozbFZCQU1ZS1dFMFJOMlEtWWJGU1diNFM0Tmd1VkNhdFRNeGVNcGNrMkc4cUxKZ1pKMDllYXBpbjROeUxZeDUxNk13V3NCQVFfSjg4?oc=5
💊 Health,2025-11-16 16:44:26,"Indian Techie Returns From US, Opens Up About Struggles With Health And Career: ""Disconnected, Unmotivated"" - NDTV","Indian Techie Returns From US, Opens Up About Struggles With Health And Career: ""Disconnected, Unmotivated""  NDTV",https://news.google.com/rss/articles/CBMi1gFBVV95cUxOaExIUkpEWFJJc0ludVA4TnZaWV8yOWdLeUMwQnMydDBPNklac0g4V0VLNFg3eXVic2pRRUxUaWdWZGl3X1FuYWpJSjlCVmtrWERkeWRnU2JGYk5oaFppV0I1bFhvaVVCV0hwamVqaHFUQ0VYY0NwbGlpRThHaWJBcXBsYVh6dGtIWGpGVXBjbENYZ3Z6bE9HTlhOYWRNMGQwdEhHTGhQdkluWEVJVEQyZlNDVzlvd3dlb1ptS0RsblBTREc0d3d1MzQ0aDN3NkZ3LVFBN09R0gHeAUFVX3lxTE4yZU1iaHhjb0JHNGtJcTFNSi1acVVMajhUS21LZm52dzJEczA4amlCMTl6TTZrVm05dUZpT3F3VmlLRGwtRGdfVVF6Vzk0TXozN211dzNsa29RYnV5SGxKX1UwZXBMSDRsajJoQlJxMDc0dmRkUlRuc0huYzE1NVBHN3BEbWtsQmdjckhYNXlONFFWS0xGNUN6TjJ6Yk13RWt2SDZSazNibmpRM0pSRXJkTEkyUjFwQU9XdEFjYVBGNDhuWW5LVndJNjNFQUFnSUtOaWRqOUNlbm9DbUVadw?oc=5
🎬 Entertainment,2025-11-16 16:43:48,Top Entertainment News Of The Day: Prem Chopra Discharged From Hospital; SS Rajamouli Thanks Mahesh Babu Fans - Times Now,Top Entertainment News Of The Day: Prem Chopra Discharged From Hospital; SS Rajamouli Thanks Mahesh Babu Fans  Times Now,https://news.google.com/rss/articles/CBMipAJBVV95cUxPVHhHaFVNWGRSMzdGeXZJWHdkbVF2UmdCazMxTFljdURMRk1La09rdjI0bU9UeHRCZVhyUDRTRVJGTTNIcjVhei1jY0ZwT0NCNWdJeE5LVU9HQnhWU0tWMW9aTjhKSVozV0RKWW9MVk5aSzRqVURaaUlHelVRWUoxVE5yZFhoWW8zZWg1VElOWHRYa0dkWjY1X1dYZzFNMWx3V0twMHpHY19waHAwQnFOZ3BtSVEwdHVvcGJpMTI0Ty1JNUpnM3FiOXhLNGlMTUZiZTlxT3A2b2VzOW5zVzA0aHBoclo5bU91aUx0b2sxWFBWdGJKT3RjY1FJS3hLaXpKWFFGRWlkWE9CNEludEZXZ1RyWFFlMGgwVmhrTEVIWGJIbzJN0gGqAkFVX3lxTE5KMTFrbGVIX19mR2xDMDk0ekRsREtyREN1V2ZtRmZONFBqTUtMV1kxUE9TVkNCOVNvSGNVRGRQZTZxRlZkVzVuUnlOalNXaFN4dEhaR3M1MDFmWGJpV21FWkN0ci04QzVGWWRJdWRMS0VvMlJ6ekxpMENzNTFNcXNYdEo4OEdZOV9fOV9NWWNWNU1wQzUzeW5VcF9Rblh2RllSRnNJRGx1S19ySENQZmtKdTNRTTc2ZVhLSkNNRkx4RFNPc3NDQlkwLVEyaW8wcF9MUzVESmZ4eG51RTBMSVdoOExzRDlQR3hFWWRUZ0RtaFBsQURMcGVfSFFpWjFMSllNOWhZYjdGbEo4bjM3YjJqMXJHMElRbU5PX0pmaE1kTzRfYjB4ZkFBUUE?oc=5
💊 Health,2025-11-16 15:30:00,'10 meetings daily': Nitish Kumar's family dismisses health rumours; thanks Bihar voters for NDA win - The Times of India,'10 meetings daily': Nitish Kumar's family dismisses health rumours; thanks Bihar voters for NDA win  The Times of India,https://news.google.com/rss/articles/CBMiigJBVV95cUxPNGJxS3VsMXh1OXUzNDRHTnRZc3JveE4yem40eXNMNllrV0hFdWlGQmZFZVRpU1hmbkR5UmJDTWxqZEpERUVlUUhzWUNvNVlJeVhtWnZNNENmaHZUZkVpREZZNENpT3hSMnBlVjlUZTFjd2tlV3BQV2szMjdRblFLSGU2M2JFMElPVDg4RmFLOGNFMU9mVmN1ekxuVVRQeS1mSkVnMkJscXdKZUdnTFBiN0hvckgyQzkwTi00dXpxRk90RHJWcUpncmk3aF9QVFN3Q2Zzd2VXOUpyYmRIRUlpc1cydlNUaGd6cTdTWDRxejczRTdCb1d1eS1LRkQ3a01vWnY0Q252dktjQdIBjwJBVV95cUxQcUY5blRpMDdCX1hFWVlER0wzZG1OUG5VWjJ0RjlKWkRNZjR5SHpvai1NU0Q4Z3JjVHB3RFBjamZSUnRpRno4Q0RUcEJTbTRnckdfbnN2Tk9JOXhySk90MzZqMWdLNFIzekRaZFJ3VTJ4b3lsNXU1WF9aOVdobktsUHpEWmZHME1JTDA4SGhvUndOZ2dUbUZ2NEJ3cmZzdXk0aXBMYnlTRXFmNjVKX3NYNHVXZTM0R2ZjRzVid19SWU9fSWVDWTJMWnYxaDQ3eF9UX19OSGFJaW51Z2RfeUE1MFY4bXlMWTlwTFB4UHYtb2tVU2tvYUNSbTVLNm9qVnJUTUdCTzZmYS1DVzdoQVcw?oc=5
🏅 Sports,2025-11-16 13:51:00,Sky Sports ditches ‘unbelievably sexist’ TikTok channel Halo after three days - The Guardian,Sky Sports ditches ‘unbelievably sexist’ TikTok channel Halo after three days  The Guardian,https://news.google.com/rss/articles/CBMiugFBVV95cUxNRjVxbWt1Z3Iyd05YYm1iQ2NCQnhUOUYtYkpxWlhsMVpPZ3dEeFkzM0FETkJtZHJnaUVNa2VKMWFWbWktZ1ltdDJyTXoxUVJRU3lDSlFnaTVrbmJ2cVFlX0xqUXRJblYyWF9BQ1BjN1JPVGpRM1M5dm51eDZEVzJCa0YybzRBYXBYWEl6MHJ5MjJ6ajlLRTFzc3RtZGx1WkZkVHNEb25TbXRpOF9oLVgxckQ3cF91THVXQkE?oc=5
💊 Health,2025-11-16 13:13:30,Yungblud to break from tour until 2026 for health reasons - BBC,Yungblud to break from tour until 2026 for health reasons  BBC,https://news.google.com/rss/articles/CBMiWkFVX3lxTE5wZVRURG9LYkMzM2EtZnFWdXVBNnZSTnJXZmtfdE1teGtuWFRkV08tekhSR1B3NFoxOUM2NWt4OHI5bm5UZ3JURDU3dnhQSE0xcUxQQU5YUkFhQdIBX0FVX3lxTE9wX3p4ekJPanN5Ty1sVDJUa3htWWhNRjA3OVdyLV9raXhfeXd1eW1OQnMxRkJ0R1ZDUms2TmZDNG5mNUh5bmxiRDJsT2JuSjQ5QjBYVE5rT2xEVGRMdm0w?oc=5
🎬 Entertainment,2025-11-16 13:01:54,Sexualized entertainment is corrupting young minds - Organiser,Sexualized entertainment is corrupting young minds  Organiser,https://news.google.com/rss/articles/CBMinwFBVV95cUxORmIyLTJzTTQ2OFdHX0VBMVl1VEVlRTVrZWFjQ3BReGNybnlxeGNmb2N6SEhHZ21BanFaRVdpbkdFYk9SYVkxeVpDQmZfZTNpa01yQ1lnQ1BJMVVPWlYwSy1ZMlRGSUdaTUd4dXIxZmg1Yzh1R3NNVFp6NnNIalhSNlFGcGtsdWt6RzBhT3dNNF80OXdMY3M2cExUUFEzYnc?oc=5
🔬 Science,2025-11-16 12:55:39,Science City Kolkata’s Climate Change Gallery Wins Prestigious CIMUSET Award - Newsonair,Science City Kolkata’s Climate Change Gallery Wins Prestigious CIMUSET Award  Newsonair,https://news.google.com/rss/articles/CBMiqAFBVV95cUxQeVdqM0JYYWlqSmNOZmJoVGlodUlmZzZxdWNGVU1QX0RrakR3WkV4bzZYaG9adDZ5em9CZUJueTRXWDZyMVFKRDFvcjNNOEp0YUJ1RXh5eU1FWDM5c3NkWFphRFg4bDFrNmFaeDRZVExPZkxkRTlDazB3bE5nNHFROUtCTHYyT0xwekZjMXI5M2Y5TWZtR194aU1OMTJJNXNiRGhhTE9FX0E?oc=5
🏅 Sports,2025-11-16 11:39:08,Sky Sports axes woman-focused TikTok channel Halo following fierce backlash - The Athletic - The New York Times,Sky Sports axes woman-focused TikTok channel Halo following fierce backlash - The Athletic  The New York Times,https://news.google.com/rss/articles/CBMikgFBVV95cUxNZGFhM0FRTGc4MWtNNmctRTU5UFJoT2NsRXhBOFZPUVVndEh4dHlpOGJwSEx6azRQUWdxQ2JDemtUM0hBWDlCSVcweEVyT2tTYVFLZVpqTjE3SUMyR3hXMkFURGptNV82VmxyZFNpZ3I0cW9LQWU1YTZXNWo2ellRZWlZbGNsWm9uTDRGTUJ2aDhUUQ?oc=5
🎬 Entertainment,2025-11-16 11:10:03,"This Week in Entertainment: Dharmendra’s health update, Mahesh Babu’s film titled Varanasi to Bigg Boss 19 mid-week eviction - Pinkvilla","This Week in Entertainment: Dharmendra’s health update, Mahesh Babu’s film titled Varanasi to Bigg Boss 19 mid-week eviction  Pinkvilla",https://news.google.com/rss/articles/CBMi8wFBVV95cUxQY29jSjl5UFRsV3p3OUNyRzBacFZRc3dhSGFFRzNNdVRnTlNZWDhNdVBwemY0Q19mM3pRNEY5MUJyMG9aSzhtOGo3S29vY1V5dU5FcWhlTDg0YVVxTklGMDI3UWNzb3YwWUc1VUFNOF92TEg5anU0OTB5ekhrUjdZdEFSeXFtVEdXSEt0c0pMbkVrX1g1dGpzY052QUsxTkZ4NU52eEdWNVd5Ny1CbUxwWGNSMzU0OW5JZ2FXM3lMN01KaENEQngzZXZ0ZHlRY1IyY0pRV1dDcHlpVWZMYjYzdVpnazNmY0JnV09FZjkyVVlDRUXSAfgBQVVfeXFMT1J3Z0stZjZYdWFkV29qVVRoM21oYjVKdFBFYU5jMEM4OUQwMFc3V2kzSkpmZmI3QlpwbGIxUUFubHNrcVYxaTRSQXdSUGpPSWRBc2xsOTYyM1B6TVRXczhLSG1hamtXM0twT0U5N1RFT2U2Q24zYTFFRzlOZUdYdWYzRTc3OVp1UEdjOFEyNFRlSTlVQm9vT0s0eEdRdUo0b0RPZE5vSTRfUjNtZlFzb3dUQnhLZGY2RXNFVTFyQWgwQjJTQlQ3T1h3T25sX1RIaWY1VUZvemhORGhSZHdZVURndmM2MmxoQWN0eFNMUjEyVHNDaVQ3Zlk?oc=5
💊 Health,2025-11-16 10:07:47,"AU, EU to Strengthen Health Partnership Ahead of G20 Meeting - G20 South Africa","AU, EU to Strengthen Health Partnership Ahead of G20 Meeting  G20 South Africa",https://news.google.com/rss/articles/CBMikAFBVV95cUxQSTYxTHNGb1ZHRXYwWU0tbHVPSnFRd0xQLVFzdHYwM1EzV2VFSjV2Wm0zSGNrUTlSVXFJbmU2aWxtTWZ0S0tneldzY3h1MFpQd2VPVTltYXE4a2VwSTgxdUpvVE1CUWJsT2NVdGZFeTlPODBkYTVYX0dIeGdwSjNrQzJDTFB1RVB3RXF2b2F6bGs?oc=5
🎬 Entertainment,2025-11-16 09:11:51,SS Rajamouli unveils ‘Varanasi’: Biggest blockbusters of the Globetrotter maker - financialexpress.com,SS Rajamouli unveils ‘Varanasi’: Biggest blockbusters of the Globetrotter maker  financialexpress.com,https://news.google.com/rss/articles/CBMi0wFBVV95cUxQS003Y0lTMFV6MDN5YjNwOUw2NGpndjlTN3lXM3ZXM05waWRkZFhDY1R4cFhYRFZNU3ZVU2FVVktTaloxX3lWNHVWU2RZVmJscGc2VGFjM01MWTVPZXpUcXo1cEJEbjEtTVZUazRnc0lBVjlfVDVUaTNwZTI4OHRsMkdtSW1PcHU0YUlTbV9FMGZWRENQY3dKN0NiTzJJZ3E4OWpHMFFkaEZ6dEZOaC1waFdvY3IwR1k4OUlOYjByY0dZQUY2NE53X3VrYkhlc0xzNEVF0gHaAUFVX3lxTE8tVnBHVThfaFEtalQ2ejVkZzFXYy1ucm9ESE5laUhKZG9YdzZ1Q3U0dDhkWFVPYXNxVG44Y2Z4QmZDcUZ0d0tYVDRmV0FMaGotLWZLTHZNY1ozTFhLUWpYdFpNMjV5SlMxU1FDeXIzckJMa2YwdUQtanQ5S3NaSV9NUkpvdlpxWHNQVUVUNWFzRU5rd21sLXhwZU53b3hnMnE3SGZXZ0FuQmFyeWQwSEhEbEE2Zjk5elBnUDdnQnhWQnZub3VKZi1QSnNhZkhUdTk5R1g0RzRkRjlB?oc=5
🎬 Entertainment,2025-11-16 09:11:32,Shemaroo Entertainment Faces Financial Challenges Amidst Strong Liquidity and Declining Sales - Markets Mojo,Shemaroo Entertainment Faces Financial Challenges Amidst Strong Liquidity and Declining Sales  Markets Mojo,https://news.google.com/rss/articles/CBMi3gFBVV95cUxQcC1LRWtLamxrRDdvajd6OEJUeVV3MlBYY05ubHNwUGh0RU9CY1B4LV9qUk5xT0JIa3VLcnlyY3p1U3V5Xzc4SXE0SmF3XzJUbG84a1A5Ql9pbVBnd0FtY2JLenN3LTZjZXB0aDRHcGxTTW04S2NlM2twb25icy1fVlgxRWhST21XUW42QnlQYVJjN2JpZ0hxejlJV1BfcDgxcDNOd3FVY2VaSlNfblVUV1NPSjNGZFFWOEtsSUxDYnVUb1V3X3kxdE9WSmFfdHVHSjFPd1k1eVNNcXcta0E?oc=5
🎬 Entertainment,2025-11-16 08:49:51,Entertainment Network India to Sell Three FM Radio Stations for Rs. 12.60 Crores - scanx.trade,Entertainment Network India to Sell Three FM Radio Stations for Rs. 12.60 Crores  scanx.trade,https://news.google.com/rss/articles/CBMi3AFBVV95cUxOVTBpYkVWSndGZXZpb1lpcDNQNjVmb2xEVThVQlctOWhJaHB1UlNuNUV3WkR1YUtUeGl4cWlEQ01ONW9Jb0c3dmZEN0Q1S1NOc256NDVDcUV1SVBvUVpZNEFCdUdlaVlXWU4yeG5xUW1DUll0ZDFpSjliemVkcnhvRHJCb25lTmM2ZTJIbGpBUjJaN1o4dnRNX0NNaHByUFNHZHJWVUdKVlFiOGQ4OG5qVDZtLUxranZqLXFubVYwaDhocnJfVmFvRlllRWlRUzhOMkNYem5fdXF2V0w5?oc=5
🎬 Entertainment,2025-11-16 07:35:00,"Mahesh Bhatt on mainstream entertainment: 'These are dark times, you become a voice in wilderness' - The Times of India","Mahesh Bhatt on mainstream entertainment: 'These are dark times, you become a voice in wilderness'  The Times of India",https://news.google.com/rss/articles/CBMimwJBVV95cUxOWk12SDViR0xmS1BCYWgzMmhURGZKbDFJbGJyRkY1QjNCSGw2RmRhV09aSVQ5ZENuVU9aTEFBWHRwNXlIcTJRaWhON1NRdVo2b1FxaVo4aVdQbHE1R09IM3BKdnQ5WWdUTkFsOWVLeEk4ZmlZeGJtM0NmY3hyRFgwaEhCRXZtYS1GMDJpa0pEdWdPcG5tRUxlM2V0MUxmSnFIUnNUNzBXLWloalNLZUp2dm5UeVVhZWZRNXNhOU1SNXNBVWktc3kzWW0zZml3R1hZVnYzdm9hd0lmRlFKcDJjMFdnaDJYN2x0Zm5Qd0JkdW4zU1pFaDY3MHB6OFFQOGQtN05DOTV1V1Z2c250d1hzYThna2k2eFZ0bkxF0gGgAkFVX3lxTFBETXlTY3NZOExsWXZlS1Q1TGs2a2o3dnRVV28yQnl4bUY4OF9ieWFYdUVpVVRaWlRsaWtzdExhbUtVYzZGR2ZCcGUyNTJUSXg5RmxMWFNMWFhUUC1kQnBoUlVIQXhkV1BwM2prMWtIblZKR1FhZ1lOZjVvM1ppekhlRHNBTnVfWXZ4Skxrem14ZE5UaGNBUklFa2pkazEzejU4LTBvUklkZVhub25EWW9xdVpha2lqcWRLSlYzWmFZcjRUMFdBZ1FwM2V1VlhqXzAzOHYtdFlnV2RGVzhCbFFQTHVhNzNMYUU1dFFITmhWUGdfbllxS044WWQ4dFk2TEtzZkt3SlVHek9tSUhkSEI4eHh4R1pYNmJSTGFIS182Uw?oc=5
🎬 Entertainment,2025-11-16 07:28:31,Bluegod Entertainment Adjusts Quality Grade Amid Mixed Performance Metrics in Fertilizers Sector - Markets Mojo,Bluegod Entertainment Adjusts Quality Grade Amid Mixed Performance Metrics in Fertilizers Sector  Markets Mojo,https://news.google.com/rss/articles/CBMi-AFBVV95cUxPcHJqeEpzNG9LUE9EX0o3WmlBejdpMlhBZWQ4S3g2cTVzUmJ4LTExa3VtN19Rck5FNnk2cE5NRFMtYWlDdjBVSU9TYmhmYzhWQmxDYnM4SmtiWC1RV0lIbHE4VG1qWnBpWXhkNVljTzdKM3N4Zy1sYmRjV3BwNjI1WFVEaGNHbmJQbnhadTZKSU5WYmtBaEdtYS1KOHdJbUJhOXJ0LUdrYmw4MnJhUlI5WkUxQmxDUlpqdlp4N2FpaWJ6b3pUbUpjSkdXYzB2MW93ZVl3azVMTS0zNERDWldJNnRKSkNDTVBqOW0xSE9pVFc1cm1YUjRoNQ?oc=5
🎬 Entertainment,2025-11-16 07:06:42,"Indian Media, Entertainment Market Projected to Top $100 Billion by 2030 - IBTimes India","Indian Media, Entertainment Market Projected to Top $100 Billion by 2030  IBTimes India",https://news.google.com/rss/articles/CBMiogFBVV95cUxNMkFQNVE1YzdFY0F5VVRGTFRsb1R3SkUyYjh6VDJqcGZDWHBvLW1QU3dONjVzckdUbHFqRlVfTVJybWRTS0dCd3pUZUk3UkR2UURnWkJtVUVxYWlWWjhoMHhQNzhUOXVKSG1nM2RQby1rSUY0TUc5SFBiUzZfS2dWcDFOQ0dxcDVhclAwRHhxb2lud2NDcXZMRVdtSm52bVhTM2c?oc=5
🔬 Science,2025-11-16 06:43:05,How to Contribute - NASA Science (.gov),How to Contribute  NASA Science (.gov),https://news.google.com/rss/articles/CBMigAFBVV95cUxPdkdTUzkyUDZuQmZPdk9uRlFxRW1ESmFHUmxYb3lFRmkzREthR2IwNnBibE9TZ0FMbTR6UWJYek1uMlpzNU5uZ2JaLXpramMwMTlkaXlWOHpoR2tfLTdyWm00YTJEODhCWUxiOWc5N2NSOGp3WGx6YkIyNXhJeFpFVA?oc=5
🎬 Entertainment,2025-11-16 05:52:23,Top 5 Highly Educated Bollywood Actors With Surprising Qualifications - Trade Brains,Top 5 Highly Educated Bollywood Actors With Surprising Qualifications  Trade Brains,https://news.google.com/rss/articles/CBMiqwFBVV95cUxOZURvbUE2WXk5OWF2MmRBczZsYTNZYXVRV19RaVoxdHh5YzBEZjJDQ0hYMkpSMnJkd3ZWd1c4T2VRX1BQdTdmSGVhQjkwUkFPZEFOQzRTblpLUF9Xdi00X0FqRjZuRUdXNGRtbERoYkVSdHFQNXlsWFA3RU5kZlBQc3lRMkpCM1lzUExDcTJfLVd6RU54dlZjbzRVX1JScVdhQk9SX1Z4ai1ibkk?oc=5
🔬 Science,2025-11-16 05:40:00,Why that song is stuck in your head: The science behind catchy tunes that replay on loop - The Times of India,Why that song is stuck in your head: The science behind catchy tunes that replay on loop  The Times of India,https://news.google.com/rss/articles/CBMi7gFBVV95cUxOY1ZiWklUMHVwRUREOW9idElEbjByZFRJWkVpSGNJd3pJSzlSOGU1bE5qeVJJeURaYmRhV29sTzdNRlRFX0ZyVU9hSkJ6WjhYOVk4TnpfTWJRN2N1TlBqWTFzU1pRUFFzZFViR1JrSmtSNDZRX1NUYWJhZmhaMFE3UFVwSGotYnh3ODdtT1plM19hQkVJQkNDU1ROWXBNYmR5UUNyNExyYmFmR1NGWWF5eVFrTFRYZnlkc2NianVNZGl6X3lGSTRNcjVyNjdTRlQ0QjE5WU1pODVudGVEWVRzaFBqY3o0WGNScnNfbTFn0gHzAUFVX3lxTFBpUy1PV0pvX3Qyd181Tk1ZNWQwNlJpRUpQNFZRcUpyYjlIYnBNdlV1UENKYXRPZmVzdXNVekkwZjlXb0lvXzZoVFA0M3F0TDQzT3BQWDNHb3AxQUk1NUp2U0R0SVJrZGJ5aHhmMHRRZmpTRE51UUlCc0JVOGZvMXo2Yk55SVg0UkhmcWNpNVFwTWJqY1BJRTJLSmZIV1dpMDhaVkNJd0MxdThoN01LSnRFTFZsZWlETmhpR3ozRmhFQU9rNGZMbmhzR1duWDRzOFRISHUySS1xbFhzeC1USVo1VmFrWVJkem5hMWctWXBITjA2RQ?oc=5
🏅 Sports,2025-11-16 05:07:21,Sports Minister Satish Sharma Participates in Jammu Midnight Marathon Promoting Fitness - Newsonair,Sports Minister Satish Sharma Participates in Jammu Midnight Marathon Promoting Fitness  Newsonair,https://news.google.com/rss/articles/CBMiuAFBVV95cUxOVzZTYWdEcXVEQWVZeVBUSDlKZlhXcS1DSElvTHJzRGJmNS1aQW1ucEtTNm1FcUVNbnlwblRhS2ZkUHMwZUtEaENuU193bGJjSjNtS0QyTjdYWWpwUnZ0d2R4aDJEa3U5cnM5Z3JHcUlLd2ZuSnhsQ0ZKQ0Q1dS0xYkVjODlrcWdsV2c3QVBkNjZOS2t5dnVxT3J3YjNqT0F3dFo0NERrQ3lmejAwTUJEeEUtWFh4dWg4?oc=5
🖥️ Technology,2025-11-16 03:10:00,"What are Capture Bags, the new technology to detect and capture asteroids? - The Indian Express","What are Capture Bags, the new technology to detect and capture asteroids?  The Indian Express",https://news.google.com/rss/articles/CBMi0AFBVV95cUxOaEVHZDlGSkhXeTl1YVFFS283ckhQYktiLXIweHgzeFZ6aG9lTFRvQXZoTld0Mm10TFkwd2F5djAxUldEQU1GbnEySThSTFUzaVd5Q0dHbFY0ajJJX0tITlRpXzhSdlcwb2hIcTN5VjY2Uk05OW40aXhtNHNDQkJuRUVMdklWMjVwT255MHFyTmhEdmhVSHp6X3RvcTBQam9JX3IxeEZqUHI3UTMxaTJBSmpucENQbmRWZURhY1VzWDUyY19OcmJhSGhWOGVuekhZ0gHXAUFVX3lxTE1qaFd1b3RvVlFZcDdmUmJMbWFqSU54MGJVZjhlc3J2SjJSTzdNNnFlblROalc4Qms3Z3N1dXJSV3g3UG9zNjEyZmVjdkNQZkd0R3dEcWFYOGkxa184cnVxa21ISk53OHR6RG5xNWNjbUNCWFlGUXZxcjRyRWdaTnR4VXZaY2t1Z2IwNWtMZHFWcGl1NFlVenhsMTJweTFzN0MwclBWSnluc2R4MVlOMUVSeklzTFozckkyNFUwOWJvanR6endtSTdYZmdmSkZIbDVFQmV0QzdN?oc=5
🎬 Entertainment,2025-11-16 02:54:18,Bluegod Entertainment Adjusts Valuation Amidst Strong Market Performance and Unique Growth Metrics - Markets Mojo,Bluegod Entertainment Adjusts Valuation Amidst Strong Market Performance and Unique Growth Metrics  Markets Mojo,https://news.google.com/rss/articles/CBMi0AFBVV95cUxNd21CM2tDVmtVazVjb1p3cXVtQW1fWEtJLXppbm1GczVKQ0I2T19YOTBHLU8zaUJKZ0Rzbi12Mk42VXcwMFB4UzhCRU5Ob2diZW1HVVJyNElpN3JSMzRoQUpXaFNMRkYyN2JTNnhieXNxTHBfczBlcGw1TFN4S3ZPdWVzWDhycUViNTR3VjhsOFNDUGRvQlJlbHdFNGNoNjBiWjVWNDhYd00tMzFtU2YyeEthdl9fdFlkM2JESGhPNTFJTWs4M2h6NGdkWEhfTjYt?oc=5
🏅 Sports,2025-11-15 23:45:43,Karnataka Sports Fest: Minister Byre Gowda Opens Festival - Deccan Herald,Karnataka Sports Fest: Minister Byre Gowda Opens Festival  Deccan Herald,https://news.google.com/rss/articles/CBMi3AFBVV95cUxPZ2RBYmpmbWVQTkJpeEc2Z0I1SFZwbnA1SXp3RVFtNnViTGJzY3dDRjVBS2JtbGFCQmx2eU9FUkFHUmdUYWNWVmh4WHRZM19KZ3lxM1RzWFVaRkphb2R0ZEd4cDNCNmdHR3JRWUczblE0U3ktUjRYb2ZjZG5hOXNVTENWemxSUE1rY0E2TkZVb19nZTBtRlZqcTEzN19ySE4yQ09tUmZFTnBzaXVhUERlMkVMa2VaamtNTXJrMXBlQ0QzalVzSHhPb24zRlNiTHlrc3FOZ2N1azJuZ1dC?oc=5
🔬 Science,2025-11-15 22:00:00,MSC programmes in AI & data science are most sought-after courses at Cusat - The Times of India,MSC programmes in AI & data science are most sought-after courses at Cusat  The Times of India,https://news.google.com/rss/articles/CBMi3gFBVV95cUxQR2RNelluTkF4OXk0S0xfdEl2YldDTWpKZFFLeGZCSWhTRC1hSXhwT1VFejRlTU42WjZBSl90b095Smo4TnRxbHREZk5WX0pYaFRKT2R1WHZvY1c2V0RKY0VIRGpyOGgta2RLb0Zram9pdVVWdGRTdmtaaUNMa3hWWW9neUtEajZCSDRuZEh0NmhCMHFjZGR0cnl4Q2ZESENjMUpJdDZla3lNMGF4TmhqallGeUxkcFNKUUZqTjhydUJJcGQtT3BkbUg5YUlwZmwza2xmNXZYVDk4eEo3T0HSAeMBQVVfeXFMUDF2TlBNSG5EeHVBWTlLUnFZN3BESUt4Q2NzYkFxQmtOT3VjZjIxOW90SHdEVEFadzd5YjM0N1BNZTMwZHhrNUFaVWR0dTB2c0xBaUwwM05Gd200cGNKUFR5SFFMNGJMWmt3eXUyc1ZtS2pUZUQ3WmM1bXNLcDBpLW1RcGNpOHI2clBQNURwMEMwQXBxY2xBMWJqc2ZXM2FPUVRZbnlDa3d2eXhTNkdZUlBzTng3aTRhZmd4dUFiS25WeF9qSTBmSXZScFRNMVpyR0Fhby1HN2l3dWxoWDJUa090UkE?oc=5
🔬 Science,2025-11-15 21:50:45,"Chitkara, New York University join hands to launch 2+2 computer science pathway | Hindustan Times - Hindustan Times","Chitkara, New York University join hands to launch 2+2 computer science pathway | Hindustan Times  Hindustan Times",https://news.google.com/rss/articles/CBMi6AFBVV95cUxNeEt0THFpYk5rTzJON0tKMkdOb29yMENXRXVuZm5YOTJqRHQ5MWpCTFUzcWhJa1U1N1JCZ3VTRDlaRHd0cjd1SXNpeGd6MlFreTZ3RW5ycENmOXlXWDhwRHB6SnpCX29NSHoxVzg1bnhIMXBOeld2NU4wV2NISFR2RXNaVExaTTg1d2Rac0NDb0JSS2FMTHplc21JOUhwV0MxUm9yZmhoSzEzNmVwQk85aWdTcTc3ejlJZ2NvUnc4Y19jYTRHMnd6Z0lNZXZXTm9iSzRpU3Vrd0tmUzk3eHMwOF9zVDBFLVk30gHuAUFVX3lxTE5JRVUwMGltWGpZX045a3F1U1NVR19tLWxrMER5em5YSmpKeWRZOW1wUHFaWWhBRkowZ3VNTHF1Y0lqOUQyRlVjcEdsV2U0MVZBMFNEQk5MZGlZcG5SUGQtYWkxTXgyanpTZmV4NTlJbElUQkE4d0dXZ2hQOEw3ZHd3REZsUi1UNmlGRk8waHdFLW41WXN6SGpVTHZKVE5hS252VzFfTlVmS29xRlZ2UDM3TjEzR0tZSnVBMGkxWGpEVXZCN2hIMFVxaW84S29NdG0xYnNXT2pDRkdDM1J0Mk55c0xHMkdaTGlTVGhLZHc?oc=5
🎬 Entertainment,2025-11-15 21:27:53,Entertainment Buzz - The Shillong Times,Entertainment Buzz  The Shillong Times,https://news.google.com/rss/articles/CBMicEFVX3lxTFB5OHptRmJUbjRyLWFYRGplUzZHQi1UeXZOUmtCWFFEbDFZR3JNTkNBZzQzdGZ1ckdNT1RuRUJRN3VwSXQ2dVZENUpJdEIxQlNuZFF1dWxXMllCUjY0YnAxRUFYYTF6alMyT05qWTBQWEM?oc=5
🎬 Entertainment,2025-11-15 19:21:00,Disney Blackout on YouTube ends; Disney Entertainment co-chairmen says pleased with deal; YouTube issues - The Times of India,Disney Blackout on YouTube ends; Disney Entertainment co-chairmen says pleased with deal; YouTube issues  The Times of India,https://news.google.com/rss/articles/CBMixAJBVV95cUxNUlFiODh4dDlGYzYxVW96THl5OGR6WExHcmdYNTBwdXc2N2k2SWxQWXBTX0ZpMnlmLTV5dkp6MWVtSVBMMUt1c0hxNGlFRGM4T2hWZHZXV0M3X2hDVzVPbVhDeDB2QXpjUUR6bW90cXlzSW9NdFppR2ZZSDd4WUhHSi1SVlJXS1dfS3pZdjVBajRKTjh5MjBzWVRDTDBzS09yVWd5Q1lLQjNxZUVqdnB3NUJVeTU0WlpFekpHZVprNDZnSFFBRG5QQ1U2bFI3cXBkdXp2Sl9kZVgwaHFVdVZFODk4WW5NaVROclNZMW5RNEt5R2djU3VNU3FaS3UtY3ZEYWhVcnRYaGhiTmR6aHFRaGdIdUxBTUQwT0s4cmtRb2V4TTN6Q1phRzlOWTlXNm1FTzYtdGotVUR6RlF0OEQ4SFJOSVjSAcoCQVVfeXFMTUVLNlVudUk2eW9uVGhVQzRwZERqTk1rVG1WY3k4MXp2VDl4U0lOUVh6Q01iNWFzMkVwUHdISFQtX1RRLWRYSVNqeHc4S08zeWxmT3pkenU0QlJ5UkYwYnFuMzV1clBxYnlTZnlNNXFudklDSE9NTVlZcGM5NkNIcUNWUW1OdnlLZU5zU3l0d3FGb0VOM29SeFZhWDRpR2MzZUVOQUdkTnpoTHZQRDMyWU1oWEZzeU9oYXVSYVRFNHFsZWJ4ZzhTSXpWM3puOUJyTko1SzZmb3I2dHd4b0xhVGFMUkZKdFBod2E4b2pGYjdYZVpzTFlNSFl6VW5yTjh4UWRzZjM1RE9HeDBhT2doTnNSMkdjemFoQ19QWkF1UGRkRXNjUm5WRmhhYU1xNVJtLU5tenY0XzdLTWN3RVZFMlhNemdvU2x3WVNB?oc=5
🔬 Science,2025-11-15 18:39:00,Patna Science College praised for fostering scientific temper among youth - The Times of India,Patna Science College praised for fostering scientific temper among youth  The Times of India,https://news.google.com/rss/articles/CBMi3wFBVV95cUxQaXRBQVVCOEotQTVOOFdjTF80QlktY1Z3ZVY5VUdoSGxSLWR1Y2FhdVdWdHVwTDhmcUZFdThfb3MxaGlVY3lUX2Y0OXVSMElXVl9HV1RaR3pQUFdkN0RwYVhWVXhlT256U2hlZFlqcE82U0xXcW55UUFfS1dXRGRyeFEyZFpfalM2SWNFYWRGNE45VmNmWnk2UVNVeXVpVDdKSlc0Z0dMMEZ4Qk50SXdFVVJVODZyZzhPYW5WSmFxM1BPMWpPQWJ5LWk5VlRnUTVSRHJfZjZUSmRITTVRRWJB0gHkAUFVX3lxTE9PUkxHdnozb3FNWDV2QTVULVZodDNPNUt1QmowNmxjNUtKcGNRejFfdmtJN2VtWjgxSkpnTkdqSUFXMjdoeFF2Vmp6R2FzOUVqZklyZmFQaDhzTDl0ano5NVVfdHJlWXJFU0V1QWJwdDBER0kyYVMyR2dOYklZYWk0SkNFcUVSRk5rWWo0dnktYm52YzRhUDA3MW1xTHVBSVdUOVB5SG1rdjYzMExWcWhiZWNHdndyUnRxdkVKVmpMM0gxRjJlMDBHSGd6dEk4VmRzdXFPeDdFTkR4ZVJ5ZXd1amlaSg?oc=5
🔬 Science,2025-11-15 18:30:00,Chennai Pubs Serve Science on the Rocks - The Times of India,Chennai Pubs Serve Science on the Rocks  The Times of India,https://news.google.com/rss/articles/CBMitAFBVV95cUxOOF8wZEU5TW5RVmt2UnFQQ0dNRjFUMWVGYTNWazhJc0FITjNsUWhjVUltV1YxeGIxNUlWeHAwRS1SckFQaUl4ZTlvLWZjdFZDUnJNV2ZyUXlMbXd6MnZHeE1vRkZRM3Y2YzNQMk9tV0ExVFFZNWZTbGFEdjdHSFFQbkNZMnVOeFBaYVhfaWZkQklyWnNCbzZwdnBDSHNLNDJiX2JJZlZZZTd5amhkVXBpT2F3OEfSAboBQVVfeXFMTThiaS1uZmsxOUpFcGpQZUhIcmdmLWlkTHdSMWp2WHF2OEtjS2pVd1p1U3hWMGJuX3IwS0szdUdGV2VSYkFNN0dvbWN5d29LVnpEVm5IVWxQV1BHMThJdVgxTlFqN2JvSjAtUmRaUVZ4TWp2Y1F5UGkzREVveVg4RHVEenVOb1k4LXZOMEFBNmtsUk1sNm54QVJiZGJSNGJVM1lLQ3BFZTREME4xZ05JSTBXb3ZmR2hGMG9B?oc=5
🎬 Entertainment,2025-11-15 18:22:29,"Top Entertainment News Of The Day: Rajkummar, Patralekhaa Welcome Baby Girl; SS Rajamouli Unveils Trailer Of V - Times Now","Top Entertainment News Of The Day: Rajkummar, Patralekhaa Welcome Baby Girl; SS Rajamouli Unveils Trailer Of V  Times Now",https://news.google.com/rss/articles/CBMiswJBVV95cUxPR3U2cHhBOVJEWWFhU1M2LU9nSDRrMFFjcUxJZ050NXVsYXNXT1FhSjhHWDFvQmhySEhLUkgyMXJ3Ujd4VmN5b1dnY1gxQVdqbDJ6UjlDem9sNlBDSkl4aEk5VW9uZ2xudE11cm9CSE1McF90U29IVXBaeWdBeUlEcVpTZmxOY0FhWmd3LTlsblRSaS16Z1JSMEF2b3k5MUdlYUl1U0Ywcm8xWUdRUUp5YjNHLUU3cXNfOXA5TWQ1WGFkZFRHZzZyMnVWTml4UWZkZml2ekFBLW1SdDVrUFNlU19QeE5LZnZCZm1mM1hqTFNHNzJnYXBqU2pnNF9ORHNvdms2Yl9EM1VkWXdkb2x5MnpiSEdZYzg2LW5hMDRxd3l5d2RJOFNETmdlb3pZb1JVc1Qw0gG4AkFVX3lxTE5zTVBiQ0txRTg3bUxpbHFmQ0FXQkFvYlVfek05YXpSLWo5QnI0ZTZna0VuRy1zQ2xwNXFGUm9DdXJjLWJPdkRPV3ctaENmbDRTclBOT1c2bWY2QUFrdFR2TDBPMEZsMm9iSTI4dE5ISHJRVkNyeFR6bDRUa2VwdkdXdklidlZyQjNmQWZWMGd0RWJxSGNVZkZYLVFmUVdxZVVibEhjTGljY1hWS0UyNnFkWVJKVDdtekE0UVNHSjVMdUN3UW5DZnhpWVBjU3JEV1RDeWZXY0NySTBZNzZidmxNSWg4RVpndzE3R3RHWDFTZWl3OHdldkZtMG91TlhGRTllSUNMek5JbXRyNDJfMFZRcVBnT1dBbmZYUUFjZ0N2aGtuR0VRdEM1Z3pTXzRQQW1VcE42TjNOLQ?oc=5
🏅 Sports,2025-11-15 18:04:21,Is global sports betting out of control? - Al Jazeera,Is global sports betting out of control?  Al Jazeera,https://news.google.com/rss/articles/CBMikAFBVV95cUxPOVB3MmktMVkyVVRxMnlWTF9YODRSS0M4NWZLcGdDTV9wMTlQUFlmOHdWR3ppdC0wTTZ6WUdIaFBWSGY4eENzX3JNbnN5YmRkSlpQWGlhNDN0RUN6ZmJYNjIxM2syOHhCeWhKQXZKOC1XRDUwNUN0X3JSSlBMOTdnTVU3eVh4UTJYV2ptOFF2YXfSAZYBQVVfeXFMTTV4eDhqd1Y5VktCVk5iR0tnNDk2dUxkZ18yU2dXMFdhdnJOU2haU1J4T1FJY0oyaUtRWE5wQjJGZ05PZnFZbElPQXZoOFh0cHE4N1kwTUVGLWJmc2ZaX2plcXJhSWF2M296WFhLdTNFTHpwMHdCdjgxUzRFNTF6YlNYYjlRbGY5OEp0Wl9KV2I4ZDVRQ1pn?oc=5
💊 Health,2025-11-15 18:00:00,Gaza’s medical students help health system decimated by Israel’s war - Al Jazeera,Gaza’s medical students help health system decimated by Israel’s war  Al Jazeera,https://news.google.com/rss/articles/CBMirAFBVV95cUxOMmxJbThOenpiU2QzVUJKWDJoamhVZjI0UTJiNzhkOGNkd1o1Y1BMT0hLUEFUQXN6eTQ1QWJvS2NOX0ZRVzVIYkh4OWpwTlc0QmNYazdUbjFSM0NFSHptR2l1aW50UndOSUNtQjZ0eHM4Qk4xMldLTXFQYnFpdlBOVklXbWc0S1FuUmp1dXU3WG01SDg2RVFVOE5pWllESmFXanFNZXBIOUt1WXNV0gGyAUFVX3lxTE5STVRQTHZMVHM2V09faENpdVlRNzVGcDVWbUswamt4RTlhNThiY2RUcTNpakl2UWlNa2k1N2FkOC00dWlOd1NsSU1CMWVtU2xJTlZ1OFhycFh6WW8tclg5M25qT2Z6UWNhZndBWlgzN01DRi1CNkZvSElEVXNoNFViYmdOYW9zYzZHM3p3b2RybzAwUDd0aFREa0Y5OFV5dEpRNjMzUlJma3ZZSDVnN3J4ZkE?oc=5
🎬 Entertainment,2025-11-15 17:08:21,BLACKPINK Jisoo’s sister Kim Ji Yoon to make debut | Entertainment News - Hindustan Times,BLACKPINK Jisoo’s sister Kim Ji Yoon to make debut | Entertainment News  Hindustan Times,https://news.google.com/rss/articles/CBMiwAFBVV95cUxONGVIaUFsQ0QxdGlqUzhubVcwa01FVlNVUjVjbjBicUFuUlJrLWZ1VlVlNE1IZUFNM3BSUlRwZkdJNTFKMEZMemNGMVNBeGtDX3dIcm80d3Z5b3ZYemMxNWh5UktOOFhhdDZjNEo0a0JYU0pjbFNuT3I1aGRLZnlralhudFQ0dDRMb2hlbVd0WjRnNW1aTUVzZ2tyUUlXSDZEMHhFSVJUdUxjVVJ3aE9MenBZMy10SVY2aUhodUFGZ1PSAcYBQVVfeXFMTTVxem8yNmdYM2ZWTlJFYUJCMkhxRy1JNzhCOHlldE9mYWhlTDdDdXkzVnJSWVJnLTlQY3BYOW0tZl9TNUxPWWwyNmlSSzZGZ2RDeTBPcGdveS1YS2FPdzVZWkt0eVluNUhiSmpLY1BYaG9CZEptRzMtZ2plZmhTYmNDbGVZWmNpWjBUOE42LTgwTkdhSFlvVEg4emlYN2xKd2FmUzdtU2VxNHM2dHFrRkFWRElDeUUxUlR4X1BBdWJNVXVjRC1n?oc=5
🎬 Entertainment,2025-11-15 17:01:01,India's media and entertainment sector set to cross $100 billion by 2030 - MSN,India's media and entertainment sector set to cross $100 billion by 2030  MSN,https://news.google.com/rss/articles/CBMixAFBVV95cUxQUUc0ZjB5aFJ5UExWQXRwZ2Y3NUp5LWpILTlES1dMS1FXdzFWMjBWZTdkZktaYlZXRjZpSnBwc2dYQkcxbzJiRW4wTDRyV29Ua0lwZzlrMWVNdERWd3VhN0c5SjZkZVNaY3ZKUlhwRVBMemZrdkYxOWtYWFZWUXRyYjFxbVZFQkxxNmlka3ZLb1dBUkhVWUtYbHY2TjZDVHFacm9PbTM5NDRvRWxIekhMZFg1RGlLdzFEOW5ZbXFPSmloUjFm?oc=5
💊 Health,2025-11-15 16:41:13,"US resident infected with rare H5N5 bird flu, health experts say ‘No one actually knows…’ - livemint.com","US resident infected with rare H5N5 bird flu, health experts say ‘No one actually knows…’  livemint.com",https://news.google.com/rss/articles/CBMi2wFBVV95cUxNTGNtQjMzV2I0NnRyS2M5cy1IZlBPWHdleERiQ0xQU1piajhTMzJaQnZQX29iR2hDdlR1RUlPSTI0bW9VbzNlc2ZlS1lHUzhfVHlZUm9UNlB6UEhfYlBTbWN0dTRBeWZtYWJkQmR5Rk5feWw4MFQxT1hUS3o2Ql8xeVItVVV2bGN4aGpiTjlQRUZVNEladDBaRG5qdmRYTnFzZEluLXNSRjBHcHNST3hwNUNlMjJHaXFjYkc0RWFGMGRlMlNZai1hNlZpOEhETC1HNlBtME9WenlyWm_SAeABQVVfeXFMTmJuSHFHQWZTVkNadTJNSDNrYUpOTTM1N1NUQVNNcDRmRWN6aGdPQ0k5SHpHMy03RnlFV1dHLXRwMmFuSDU4YXBVZGkxUFBOU2dnWWhVQXlhREprQzh3UDlHLUVOSy1MaFRZNnRFNl9UVFVSVkxEaDl4cU1nQXRhR1pyakVVTTVjSjMzUmRzUjZzUHdLbHZKVTJ4TmEtcHBITFE4VGhCbk9PRlVnSWliVDJMeG44cjFCNXhmdzUyMHVsMFJYZEs0TWZqekM2YXBzVExadFVKSm90MWQtbGZ1VTk?oc=5
🎬 Entertainment,2025-11-15 15:57:27,India's media and entertainment sector set to cross $100 billion by 2030 - Zee Business,India's media and entertainment sector set to cross $100 billion by 2030  Zee Business,https://news.google.com/rss/articles/CBMisAFBVV95cUxNVFJOd1hMcDNkYUZRb0lCclNiTzRKcDlvZDhoVEU3czRGYmFWWXJ2LWVIUy1fWDgyT0pIaTZlTi1qWHFuWVdmdmxmUEFQRFVDTXFUX2dYSUFqaU5MaHp4NXg3cDBVdnpNNTFYaDZUV2ctOGRXX3MyenVSWG4tQWZfRTdXMk1heW01VmVTVmhZSHlySlktVG9IQXhtdWEyZ3dhaWlUQ2MycEtkUXN3MzJieg?oc=5
🎬 Entertainment,2025-11-15 15:45:14,"Tech Query: Zee Entertainment Enterprises (ZEEL), Power Finance Corporation (PFC), Radhika Jeweltech, Marksans Pharma. What Is The Outlook? Where Are These Stocks Headed? - BusinessLine","Tech Query: Zee Entertainment Enterprises (ZEEL), Power Finance Corporation (PFC), Radhika Jeweltech, Marksans Pharma. What Is The Outlook? Where Are These Stocks Headed?  BusinessLine",https://news.google.com/rss/articles/CBMi4wJBVV95cUxQUnA3a3VNSU0tRDNldUJkZk5Zclozc3Fkd2JXYTlqTGtPVzdnR01xYnkwbllaMEdYaUw0anBvelB1N2Y4Yy1mVFdLbnpNRW44V083RTRQdWJLUEZ6emFmX1NDbU5HY2RJbjRhTWR4X091STJvZUcxanBRdUhzWm83MWxOODlEaVRxTXdoRXBwWjdhQk5DeWNudTZCRW4tZTNtTFdMVmpPTzhTYnJVdm80TEg4MFJMcmNyS21MaWh5MFIyZGVUWWZEUWk4bHFtWlR1Rjhid3BjWlNJSkZTMGxiZzNveGxBVFpEWVVTVmpYSnk0STR4MWptTTNKVTctQkhpY1htLTl4OG1ZdzhoOHluR3JMWkhkQ0ZLNHJKRkVPMWRBN3dEMGdyZWFXSzNJczd2N3dpR1ZUYWFKRDBZU2RJR0tMN3RwcG94eVpadDY3TUFvZnpjS1RtOWhreTN0akFTWjFN0gHqAkFVX3lxTFBORjR2Vm9jOEE3ZW1KV0R5c1A0MkdUaTd1b3h0NnFTQV83RGhLdVliZnU1TDBEelhPY0M5RUJLRVB0enZXejZWeFk0bDh3ZVZNRWJrQl9fSF84NzJQUlNLbVdaTFZyYmNyb0p0NURrczFIWTNhbWdCWXB1QmhIX2NsU2p6SXpybnNYZEpHQWZVc2ppeEdESkNkTU5CY3o5ZHdwNVYzck1kVlp6b21MSVN1dlhIN3g2MUpiOWJmMERhUXA0VzY0ZDgtSXdybWViMmhHZWZoaW1MVVJ3aENvbG82dTFGRV9YSUlxek8yc3ctdEw2YWM3aF9hQ0R4eWtzZ2VBdFRIa3B3UjZaTU52NnZDWVdFNFIwdGExMkJ0ZWxzSDBoZl9TdHk4SzlZcjY3T0QzcEl6WE9aZ3VwWUFJaVo3N0k5N3NPRXoyQzVNVlJyck9nYTdyOWpiNVduZHRGaHZLWGlJWk1nZGVB?oc=5
💊 Health,2025-11-15 15:34:00,Health Minister inaugurates 10 new AMRIT outlets across India - The Hindu,Health Minister inaugurates 10 new AMRIT outlets across India  The Hindu,https://news.google.com/rss/articles/CBMiuwFBVV95cUxObWpQQVpOMXdEbDdBSUFvU1lnRVA0dkRHc1pUWEhMQnRDVEhZQmJtemViVURFeVU3N3NfbklId3FBYUhKZ09vOFJmbnhIVmMwZGVmbExhVThjTl8xUDhWR0JOQkFKTE5XRXVEa2xEYkR2dXBwSHBzWk5lVXRUWFRkMkVzV1hMaWpYWHVTUEZ0Y05KbHNVWWVnMVFvdExDVEIxa0F5Ykc5X2F5UmpTZFYzTW1idHZrREQtc0lz0gHCAUFVX3lxTE9tTUxuMERJY29tc3FWTHJWZ0xnZkJ2U0JNbzd6QmprSlVCSDg2ZGVZVGVyYkhyYVFJZ2hIbzhFdW5adFRldHA2dVZEV1pOMFByUmF3U092a1lBQ2htVmZmSmRXLUpqSHJMNEJuWnJjSXFyY3JablJZTC1XMWJ3TkxjSmxRR2dyS2lfR21NTC13YzFyZUVPdUlfUVVOU1FubDVUOWpXajZFejFyUXZWZS0wOUtmUGYzaEFlX19HZFNaQmJB?oc=5
🏅 Sports,2025-11-15 14:00:00,Why Can’t I Just Watch Sports on Television? - The Atlantic,Why Can’t I Just Watch Sports on Television?  The Atlantic,https://news.google.com/rss/articles/CBMijwFBVV95cUxOVDV0WmJORkRkUEgwdndCR3FaZ193TzVLWnNLSkVUSG1GVmJEWENJdDVScHhYSV8yZ1ZmWjJBaWt4LUZFcTJUU2NJZmdaZnRSblB3Y2hRVm16RVVtSjRKeFkxclRBZUNrZFV4R2xrQ0w5VEhVUTZhQS1OZllGLThrQVlGdkpZejYzallsSjJGRQ?oc=5
🎬 Entertainment,2025-11-15 12:21:00,"As an Entertainment Editor, I'm Only Watching These Christmas Movies This Year - Yahoo","As an Entertainment Editor, I'm Only Watching These Christmas Movies This Year  Yahoo",https://news.google.com/rss/articles/CBMipwFBVV95cUxPRkhDdTIzeVNabTVVQnp2VF9GME5DYnd0VEpHWDMzT0tGZG9EVy1JZXg2bF9XV3JBMlVablZPYzRfbVpOaDBsZXQ1WFliYVJNRHBDS1ZpNHRlTURHVUlISFQteENobFBXZ1dsR1FyVkJMV010Nk1DODhGTU85N1JOb0haYjVBeHVSRUJkMndKeVZvNWhfRzJMZ2s3ZkZCZDBRREtFall2VQ?oc=5
💊 Health,2025-11-15 12:00:00,The anxious us: decoding anxiety in contemporary cultures of health - The Hindu,The anxious us: decoding anxiety in contemporary cultures of health  The Hindu,https://news.google.com/rss/articles/CBMixgFBVV95cUxPSVh3MWE1Y0NFM2g5bklKdzhYblNVai1KcHRIYUw0Z09kQmRkZHMyRk4yY2QwQW5CbEMwVS1PUzQzWU92dHcwYUdSNGdabFdKREVwX18xTGtwVXl2VEpYT3VIanFrQ3F0WXNaZzZsZ0VkcTRVUUxPc3Iza1Y1T0JUaGVtdV9FNnJodW5aQzJaUExkNGxJUk9mdE5BRWN6cjhtRDVMTUxPcVBIMVlaYk51SGk5TE9tUWQtb1dWNUhSUGZmb29BQUHSAcwBQVVfeXFMUGY1RlVabFhpUWI5WVVYVWdGMEx2MmJJeXEyRTVMaURsZ0lyRGdoQ3ZmWmtBenA5bHhXM1JSSFNfWjRPeGFVa01fME9RSHlucHM1c3B0dUNneWt5VkduWTVibkNSa045RHE1RVpqTGxnNUUzU09PUjd6M3dGTkdfbFB6WVNtOGhlOFVhLTNfeDN0UjZpbUpjTGdCa1VSV0VUdEM2aVdCc1ZMYThZdXpjV09hNGkzVjFxRU1OOW5YSkhHRXI5bldYQ19ucnl0?oc=5
🎬 Entertainment,2025-11-15 10:37:00,Philippine Airlines Adds 4 More Flights to Entertainment Capital of the World - Aviation A2Z,Philippine Airlines Adds 4 More Flights to Entertainment Capital of the World  Aviation A2Z,https://news.google.com/rss/articles/CBMiogFBVV95cUxNalNxRGVJUFBCOWVxN1F6X1lDcURvb2Y1RW9tZU9URTk4RHFkZmNjcEtLb3QteE1wV3pGNTFrenN2eWpzenFsejhIRkxTenpPNWF3R1NBT1ZoMWRBVmFxcm56SVVpLXUyV0d1Wm5uX19Ib1lZUjN1YjZaZ0M3Y0VzQklMRUZhVkE5OUdtMnE0SVdvODMxcDJFWjByOTZCcGk0SGc?oc=5
🎬 Entertainment,2025-11-15 10:35:14,‘Eight hours enough’: Deepika Padukone says ‘we’ve normalised overworking’ - financialexpress.com,‘Eight hours enough’: Deepika Padukone says ‘we’ve normalised overworking’  financialexpress.com,https://news.google.com/rss/articles/CBMiyAFBVV95cUxNX21tZmU0YW5Wb2I0cnBTcm5ZZUpIZXRqRTZCamFRTjBrZVVxckc3NWUwWkpJWE1UZjkxTnktNTFJejNVajVuZUFKeG0xU3VsbHBvTDJyb0doVzFUUl9iVHNRM0w2QjRNYlR4SUNrU1hUZmtscW9pMWM0OVVmRnFfaE9iMllvT3RPT0c5QU1hMGlJNFhDX0xaa2Vuamd1ZGtQT0lQenIxQnVHM0VuVHlRdi1yUEVCNTJvSGxxc2ptdWFRdUdrVXhWZtIBzwFBVV95cUxOSXdZc0NRT0tTQWpUUWNmM201V2ZLbmZuOHdGczFaNG13NThPZm5KblNUTFYySkZDeDV1ZnNibzBpUzJmeTBtejNYNjAzRnU4SzZJbE56V015NDVGYlcwc0xrRDBPMU82MW02VnVJZDVUODhBa0pUX0YzOUd6WE9YMjlFQ1pidWU5d24xdUFYQVVNWFlLV05oVDhmX0ZPR2YybHFFdWxOdzI1YWhRV2FlUUtOVU41OUVfaEIyamtFQVRXQWtCS0JyQ0hRQ25NdnM?oc=5
💊 Health,2025-11-15 08:18:04,"Delhi’s pollution is a crisis of democracy as much as public health, citizens say - France 24","Delhi’s pollution is a crisis of democracy as much as public health, citizens say  France 24",https://news.google.com/rss/articles/CBMirAFBVV95cUxOWnlnTlFNVkM2V3lfNlg4bGhtZ2hEclVjR1lZay1JdDc1a0NDcU13LWR1dW5FMFZmNl9hX3ZnMGhlbUV3enJIY1BxRnZQNl9ZZWVjdFNULWdLXzBhdEE4cjVxdl9xLWVBZ0NodXBrMUMzd0lZNThEOG1nVmUxREhEcWVKMFZxVlZDdnk1TlNuSEpBRmoxdjk1alUtbVF3QnVDMnRQTlpJbkhLRWNF?oc=5
🎬 Entertainment,2025-11-15 07:41:01,How Manish Sharma Is Systemizing India’s Entertainment Economy - Ahmedabad Mirror,How Manish Sharma Is Systemizing India’s Entertainment Economy  Ahmedabad Mirror,https://news.google.com/rss/articles/CBMiqwFBVV95cUxQZmkxbWp2QXNxd1hvSTNRUHdwY2czbHF4QnQwTVBSV0xsdVRNYklDQmxPd2F2WVo1X2RHVUY4UVdOMERuTGpXTjFpVldhMGhWWU1IVTdVUjdZcm5uS0ZNT1J6REJIZlRhLWpmYU0tSVBWSTRRVGppbWFEMnVpM1RKWmlPWjN4WXJSREFMVkVDbmVWVk9ieXBsWkdUSmFNRHhQWGo3c29YQ3BzaTQ?oc=5
🖥️ Technology,2025-11-15 06:30:05,Cognizant Technology Solutions case study - Google Cloud,Cognizant Technology Solutions case study  Google Cloud,https://news.google.com/rss/articles/CBMiV0FVX3lxTE8tR3FRLW1STWMzYkdEbkVSdjViQkxPc0g5RDhIdEpTNkE5T3ozNHI1ZDI0MjJqSFAxRHNPZHZERzV3aDZteGRwVGFIOU5obUxBSl9tWlZaMA?oc=5
🏅 Sports,2025-11-15 05:29:31,Jammu & Kashmir Sports Council organises 3rd edition of Jammu Midnight Marathon - Newsonair,Jammu & Kashmir Sports Council organises 3rd edition of Jammu Midnight Marathon  Newsonair,https://news.google.com/rss/articles/CBMiqwFBVV95cUxOYWhnejVqRU9QYVJiTnVDNTRTVlFveWNXUzdrV0tRM01QcFg3WHZtWEdPMENsMTU1NjVoLWRTcVJHVk1Na1F4cU1OY0d3N2dDZEpsQ3dhT0hlS1FXaGNUOG5JMHhvNVRyWHJZYWpnMUdtemltOUJwUmJyekJBSnlPYWxWeUZlWEFBTFVYaF9oRFE5aHpyQjNnbFlSOFh0U0dSTG5GeDdjUzB3SE0?oc=5
🏅 Sports,2025-11-15 05:03:00,"Connections: Sports Edition hints for Nov. 15, 2025, puzzle No. 418 - The New York Times","Connections: Sports Edition hints for Nov. 15, 2025, puzzle No. 418  The New York Times",https://news.google.com/rss/articles/CBMiowFBVV95cUxPeU5PcEFZakkwTm9OeU9WSV9qT0xzaEI5VFpkRVhyN0ZKSm5GUGR1S3ZFbkx5UEtMdXM5U2RUaXU2cVEtdzhLSExPZHh5dG54dXZzcUdhMjB5bmFQZlBicGh1ZmZFZmhTRWZJNElhUVJYS2IwX3ZydHRjMFRNTGVhUGVJa0gyRUcybmplTklVTnhpNGFUczhRV1FyaDJ4NnJfanBN?oc=5
🏅 Sports,2025-11-15 04:25:00,Sports power couple Dansby and Mallory Swanson celebrate birth of their first child in a latest Instagram - The Times of India,Sports power couple Dansby and Mallory Swanson celebrate birth of their first child in a latest Instagram  The Times of India,https://news.google.com/rss/articles/CBMilwJBVV95cUxQaUVqbXozUHJWbHpTVzBTR0g1eDNyMlRHSm9EUDZEWDYwWUpGVk02aEJQcW5IVkNHRHNJVjJMLXdVNHV6THZlUHRpb3dfeWNTeHJ1dEFMaGJJMkVsMU1NOFRsRzRXVTgyVmFjQklTRWQ4U3h1ZGI0OHdoazB1ZnFaTTI5TERjazdtbnVVSlpmMUluNFh1eXNNTHZISWxqOE5LaEQ4ZHZWNGlrT0hablc3VHlWTjJhNXpERlNrS1c5U3Jqa2lRS1FpLW5yWC1VcGJodV9PbjQzc2xCVFR2RThVTmtTZ3JLdzRIanM2MWJudF9jSWVOZGZZUm5MaW1NX3hCV1RKWkxQOUhRUkppeER4ajZtVW1oMEHSAZwCQVVfeXFMTmI3cVNzTERFZVBuRzQtcmk3QWI0TjhRMFhzUXgtSGFtLVRrNmdyVVZvYmZDeUZlR1JjRVR1YVI4Y3Z6R1BWdlpDRUpqOHZGZ1NIaHRYc3pTbjQtODZXTndDR3hCTVBIa3VHLTc2QXU2UGhDY1B3Y08wLXlmWm15Y2pfSHRHR1RXX2ZBMjBjMWQyVFBtTThEcy1rRVgtdGRXT2M4N28ycW11Ni1sU2lvQ2RZUHJYZEVxUER3UTlHblhmcmpDZEo2dnhDTjRkeDB5NHdLdFdGTnlKelZOYlRPeUlFb2NWSU5TR0RKZ3JxRk80bmRrdldaQlVNUllRZHN2VGhKV0VwZzFBdUNkSHhXbE5EQWVISGg0Xzdoa3U?oc=5
💊 Health,2025-11-15 04:11:00,"The best antioxidant for gut health, according to a Harvard doc - The Times of India","The best antioxidant for gut health, according to a Harvard doc  The Times of India",https://news.google.com/rss/articles/CBMihAJBVV95cUxNbXBvLUxpSzNiNVZuWlVDZ0pzQl9Gd3lrZFNNam96bHI3XzVYWDkwNUE2SDEyeTV0UDEzZ0s3N2Z3bEdIbWpHUU9LWWdCTkh5MGF3Mld4REtoTk1udGF4cmwxTVRHa3A4M2RYWW5zWlFyUXpBQTkzUVVBajBlcklNQWw4UWEzejlvdTNaNW5NV2VuWHNnemdGazhsM05jSzFBeHBHaDdCeDBValhrcFlhQWQxYkVsbjFjVkE4M2xBUEMwTWo5MGVLajVHSzg3X21ORTlkaFpQc0J6RXc2cldVTEtHd05UUExMY0lZQzk2bk04dGhBSjZBd0U3d2RQVXJ1RmxxRNIBigJBVV95cUxQRzFEWC1DTEl0ZHNDeXJ3TFRua3JCTVpDNUxOblRSc1BzZGlCazAzNXNJRUo3bkxFaU04MTdYMHYxdkY2d2FsdURfT1NXNG1jbFhnLWdMeHk2UExmc0FLenZDampJdGx5bGktTFRmVUp6Y0JOUnJyRkd1emJ3cXBlNlN4RnVtXzFQR0xDZFpLQ1ZldDEzendWbzVYZVl5VFlHRHFLRlNkX2czeUVkM1lfQTVpdHZwY1pjQkxJeFM1YXlqWlRGVUZnS21ZVmFnMzZuVE9CZGJubUt5T3hDdEI0dEQ4SWNKMHlUY0twUS1kalBqamdMWXZlU3lXS19sTzQ5QkVobWluekhtQQ?oc=5
🖥️ Technology,2025-11-15 04:03:27,Can technology fix fashion's sizing crisis? - BBC,Can technology fix fashion's sizing crisis?  BBC,https://news.google.com/rss/articles/CBMiWkFVX3lxTFA0Tm50NlhobHc5b2JTRUwzN3QzQ0ZBeHBWVXNDcDRkbFZTdVVlMHVjalczdTh0UG9tc2JWeVFpUGd3LWVrS2xpYlR6dzhJelN2cndLeGFBS3JmZ9IBX0FVX3lxTE1aMG13dVBONTdDaFp2ejNjSWthUWgxaUtPX051RF93eGQtMk5nckpyRjlMSTd6T25kbm1NX29sdlVFcGVvTzVaU3V2M2FEVU9Zd1oyZnJkV203dDhDQm13?oc=5
🎬 Entertainment,2025-11-15 03:51:31,Earnings Troubles May Signal Larger Issues for Imagicaaworld Entertainment (NSE:IMAGICAA) Shareholders - simplywall.st,Earnings Troubles May Signal Larger Issues for Imagicaaworld Entertainment (NSE:IMAGICAA) Shareholders  simplywall.st,https://news.google.com/rss/articles/CBMi9gFBVV95cUxNdTZ6ZXFaNXk0Q0c4QzJ1WVkwSFpWLUU4OXFSWTcxeWZJTkdPd3d4R0owaUJOS2RuNGRWOUhDNW9vczEzM29keFh2dGlyWkVvbnBnWWlaaE9JcC1ncDZON19DbVhhQU5mSHRqQTZoY01OWjg0Y19xOWp5SDQ3YWsxLWNuM01BbnhDTHN3VkxGNmZ4ZlQ2SDc1bUpVS2Rnd3ZYR3NJYzBqQ0FjYXhDbTcxWUlZV0kwcXVaN3JPeXhod2VXOWU2VjBoNk9hX1BzU1c3TnFwWFlHRHpEb1ktN3NEUnh0UDV5NFlubXl6VDdlcW94aklBalHSAfsBQVVfeXFMUGJvcWNpM3p1bjhSWEpyZXUzLTBpVGp4OXhoTVRvQnlfMEtVdFg0T21uRnpodGRZaG1UcXhEWVVHa2FRRUtfaTlPOEF2QTVuSmxFellOQ0ZmODhwSi0tVWNDVlI0bDd0OEdjNjVNNkd1TnI0elR5MmlGb2QxV0c5SlFNMEtVSmI1ck5faTdwZ3E4WTRHdU9XeVZIcm1DVWlKNDRYU3FwUmw1T0xGMC0teU80b2drN0lldFJUcF9PektISzkyZTJxMFlZNDZrQUtfTzY0aDlxcEVwVXpaejlaRjRDMlJ5eTdid0NxNzJHd2xNR3BHSE1qMDlBNzg?oc=5
🔬 Science,2025-11-15 03:40:00,Your ears are ageing quicker than you think: Science-backed ways to protect your hearing - The Times of India,Your ears are ageing quicker than you think: Science-backed ways to protect your hearing  The Times of India,https://news.google.com/rss/articles/CBMilgJBVV95cUxNSk5wcDBhSE5ZcGswTlBDbURjcE5YNHQ4WlNldkgwamhGRzlPTy1vZGg3YThtTmQwaGFfM191SHdIZzhnNmlXYmxmdlhGQmtnT1ZBcmJka0hrVGticHBsbXpnT1VobjlrZFk2LXNEQkxfZGpGZG1EQm9GN2czZERzc05UN0NXSnNvVEg5N0g0WFB2T1JDM3VPa0FtZ0F3QWxLZ0EyNE94eFRMNHZhU29zUGtTZXptWmFjSVpJUWkzTWotczc0UHlkRVdHMU11UWJGVW5EQWxoRDNYbTVobEZYdHVWNVBoWmt6bG0yXzBKUV91ZC1CZ3ExODVKUTlHWHNWamxxbVNVTTVaTjNUbmxwZE5oVzVOQdIBmwJBVV95cUxQQ2pTVjhpeFdCa2g3aUlDSUZnQlhva250UHpsM3VLaDNSa3FqNVNIcG14aHNaT1hET2piTVo0RFNaSjRlRFZ0VjV5dFB6QnNIeGw5WmhxXzd1SmpmaGl3UFIzUW1hSHl3N2o4ODZnUkt4OXprd2pkaWJJNmV2R0VGWUw4eDl5bk51b2hOa1BlZHlXb2h0OU44THkxVXRBTG14TDlRRVVzTzRGcnQtaHlsbTRYTG1jTXhIZGJSWUVyc1hyRzBaOTNhSnJhaFJCbTRxcEJTbFlSV2h2ckFZOE5wUEVHa056QjQwN19VVThuM1FYMTJqNU1VYVZ2OGFPLW5WN2VJLVF6YzhYTXNOb3R6b1dlWW9RbXhfdHBB?oc=5
🔬 Science,2025-11-15 03:18:13,"KIET now deemed university, to focus on science & research - The New Indian Express","KIET now deemed university, to focus on science & research  The New Indian Express",https://news.google.com/rss/articles/CBMiswFBVV95cUxQUVRxWUw0MEZqa3pXRk04cXRDODhqRTZLODREVUFxajBRTWRCY1ZydGx1MkhEZ2dmWjV0MDloRkJQZlNSZ3h3T29HYkJOZVV1S2NlRGdiY1NEbTVGLXZwenQ0UnpIWEVlNmotSzRpLVhtMTJ4RGVHQktZeFVoYzZmS0tLUzZVdWxPYmkyRi1MUXl4Rm0xZ3MzUU1DWjhCNU9wd2kwUFp3eG9tdUNxRjFqRXJ5d9IBwAFBVV95cUxOVkd6VS1nMHZsWjRCN1ozWVFNODRoM19qcVAtbTlQUEpqZi1BS1NqcGQyb3R2NEpOTTlzWVdqSkNCTjhVMVo1dHVJUnF3Zm8zS1JCX0ZnNTFPeXMwZUtmUmtPZE1GN0o4cnhnZmFaWTZ4bGdvSGhMaDFPZFJxV2xydUVXZEU0QnFzYTJaTnl4anNBMFpiaG40WUJEdWVVMjNfeFkzVlZDN3M1RWhQYWxEaHFpS2Ewb3hpT01qZU5IN0M?oc=5
💊 Health,2025-11-15 03:11:02,"Zero sugar, big damage? The bone health impact of diet soda - The Times of India","Zero sugar, big damage? The bone health impact of diet soda  The Times of India",https://news.google.com/rss/articles/CBMi7AFBVV95cUxNX0tTVWRqM3daTUd4dU55eEFha3JNd0JiYXV6WkEzQ3RWamdlUEVfUFBGTUJ1UExELWZZdHkzcUdZSWlWVTYzUWJ1OEw2cTZTTzlPMC02WnJacURZYm9KczhyT0t6S2ZQQXRsUkNZb25QWFVUNS1RRllvcVZHd00xZzRaeUhBVTk5X2hibmdkRWJ2dV9MU09uQVl6TnpZZTBPYnBvVDJEM0ZUWTd5WkJwMHVPNGhLd01zUFh6RmVBdmV0NkJqTW41R0lvclVGWmhDLWh0WkxSb0hObUszSG5qeVlsb29JczdRVTMtZtIB9AFBVV95cUxPYUFDNWVjMU8tMU1lTy0yLXRSUlhvMUhtUzFkZjByTE5GWUdNMTR5cnl0Z1Y1SENLUFozQnV6TFBFTnotelRyZG5Edjc5bHphNUxkNnBUNVhZTHlONkJhZHJacVpqVTE4aEFiX1daY2pRM214YUIzWW9BbDMySzNYU2NmVnFRSkhzRGtYT1ZvanhjbUN3V3dld0QzNDM5aXViNjdkcGhrNWJSTzI0TkhsS3VodnFrdkR3NmVRZm5oN2NDYWJZdjdWelBDSmlIYlpuakFTMlgzUmNxQjhNeC1UejNWQzNvZXJid0FveF9QMkNzUDJ0?oc=5
🏅 Sports,2025-11-15 02:53:11,"Arjun Erigaisi through to FIDE Chess WC quarters; Lakshya suffers loss in Japan Masters: Indian Sports, Nov 15 - ESPN India","Arjun Erigaisi through to FIDE Chess WC quarters; Lakshya suffers loss in Japan Masters: Indian Sports, Nov 15  ESPN India",https://news.google.com/rss/articles/CBMigwJBVV95cUxOQWRUVzNXTFpwd3F6NzNDZ1JoaTl6TU5IRUROR2RVWGkwXy0yVm9BLXMtcmhnaGdReFpzcGl2dVRjemctTTEtcW4xeDM0Tkl6YjRiWkhnTjFadzJ2U1ViV1dQbnF6NEhRMENuRE9BMUtmRHFseHd0WVBKRlZuVE12dUEwcDZudGY3SU1zYnl6SFhQekt6QnNMaGxaN190S081dHJMTEF1ZXU1NEpqb0F5X0hFRk9oUERCWHFlcGxscFhxbkV6eGJHbHVDN2lWYTZYb3ZZckhTNmF5em5fd1ZQNlFqeXM5cm43RW9zcjZEUzlJay1zeFhjSERmTHJKQWZyaWs0?oc=5
🏅 Sports,2025-11-15 00:30:00,"A stadium threw concrete, fans booed Sachin: Javagal Srinath’s epic reply - financialexpress.com","A stadium threw concrete, fans booed Sachin: Javagal Srinath’s epic reply  financialexpress.com",https://news.google.com/rss/articles/CBMi0AFBVV95cUxOQkNQS09hVDVjNE9MWUx4Q1NzSWR3am53RzJnMnhySU9naEdfWWkzcERMVmNtWUFCT200RmJ4YmlfMnQyMF9XTW1zWFRYbmNJd3VqTF9DMEE4WTV2WE1ubGpaMFpldGVFTnBiakVJOU1QcXZaaFFyaFpZbHZMTVhiY00xQklBbzdfY1BjN05zeUlacnhhRm1IeVdaRk1xYlpqbmdGdzhKV1BaLTlaa0tTVnlvNjF3TDg3ZS1JUnpzOXJVaGw1TTlwY0JNMVVpUFE10gHXAUFVX3lxTE5mU0dXUUZBSXQ5YkRKSGV4S2NtSXg3TE5ZSGNzX2VmR25LZ3FFeXNnZ3JzdVNhVTY0bXcxd0dnVHY2QndWcUJCNU9Ld3JBMldydm1QREZGRHRHSU85Z2dEVERPM1JJd0xEYnlHSUlJLW11RWp6THV0YWN4N2NpN3BTX1RrNjFRaTJwNV9rUk5waDZxQ2dwVFpTUGRaazZRYl9SZ3ZJYWZIXy1hMmRDQkdYZlhrdGlrbkdpUVdqZjFyOXJDRlhTRWY1a0E4Sms5dzdZa1dvckNr?oc=5
🎬 Entertainment,2025-11-15 00:14:53,Variety (Exclusive) – ‘Labyrinth’ Returning to Theaters in January: Fathom Entertainment Sets 40th Anniversary Re-Release - Fathom Entertainment,Variety (Exclusive) – ‘Labyrinth’ Returning to Theaters in January: Fathom Entertainment Sets 40th Anniversary Re-Release  Fathom Entertainment,https://news.google.com/rss/articles/CBMi7AFBVV95cUxNYXRtWExma1VqamFkYjZhaTJTS0xfSHJjdVFReU9KQUJjLWJqYWtZc0NpR3BldVdkcElaWDBPdlNhVTBxT25pdGpVcUhQR2JQQkpMZkowcDJCSnVGeGlER0RWd3AteU04LVI5dXl6Wlp3ZEFGMjNnamFXclczN25pdHNtUjk0UkQ2OUdCOWMtNjI1OWxLZ2ZHUENtSTVpMDByNWNIY2VJQXVINGFHNjlCc1UwUmVLUXB2Wm5tb0dKYnBKZ0NYOWV1Ri1mWEtyMVVDd0xyTTJ2aTZHNlNPMUo0NGZ2RWIxcXByTVNwNA?oc=5
🔬 Science,2025-11-15 00:14:00,Cancer to comics — Bengal researcher makes art out of science - The Hindu,Cancer to comics — Bengal researcher makes art out of science  The Hindu,https://news.google.com/rss/articles/CBMivwFBVV95cUxPYklyZ19lSThJZ1M4dE1yUlJuV09GR2xoRVdTX2FfUVpyLW9HMldybXdlcUlNSFlNUEUySVp4SEhwMFpXUEN0WkV6OWxxbHVqUnJYdElhbGJneUJzMEJLcE13ZElDMi1INUp4Qll5UGtGQW5JeVdVejVUQ0VuMXdfc0s5SExoY1c4ZjIxWjFwbzNJUnhJR2tlZnJpckhUVlRSeXgwdWhPdkZ1Rm4taFFyU3JFcDAyNjJ4bFdKVFNPa9IBxgFBVV95cUxQUnQ5ZU1UY2c0VGlxZnlDaFV2cWRaLXlrU3pTbHVMMVZUcjY2ZUhBeUo1Z0FoUlR5T1Y5ZHhFWHFackdNMkZtNWtUaXV3NlJpSUtKSlJVWThKY2J4WGRJZGR6TUIwdWJlYU1sVDYzRzY0SzdWVTRGZ0k0OVdJNnprTUZMTVFYckRNZ04wTmNDczhNZ1BmRkxkS0FweGR5a0JJZjl1SWtfcXNfajdKdFhyNEVXd3Y5SmRVaE92R21jTGdsSW50QlE?oc=5
🏅 Sports,2025-11-14 23:15:00,England news: Wayne Rooney tells Jack Grealish to forget about World Cup spot - Paper talk and football gossip - Sky Sports,England news: Wayne Rooney tells Jack Grealish to forget about World Cup spot - Paper talk and football gossip  Sky Sports,https://news.google.com/rss/articles/CBMiiAJBVV95cUxQemFMNk9BUjByek9zVmtFRjJmaEZHTlJXY0V0VVV1NnFCaFpYMVZsZUdVaTRnVy1iZFdFUXRDOVMxVXJpQ21mcWdwQWVsajBmNUp2N0lzR2REbFItcEdCTHVwd21LVDlnLXJUNWQ3SFYxTXhfdkNCLXAwS1JvQnBCR2I2VWZkUFZUbnhMRGpqd3pKMGtURXJEeXItMk15c3A5bmJRVk4tWHRKeFI1eEJObFk5ZkFUUXpFQnpYYkh4b1hUUV9oVEN3UzZ0eGpmR0tpR0plWm1DWXVROTc4NVBidUl0Tzd1V1lGbHBXcFZVQ2pvR21WdC1EZHZyaFFRNnBmWW1uNHhqRUs?oc=5
🏅 Sports,2025-11-14 22:38:31,"How sports betting is affecting NFL, NBA, MLB and NHL players - The Athletic - The New York Times","How sports betting is affecting NFL, NBA, MLB and NHL players - The Athletic  The New York Times",https://news.google.com/rss/articles/CBMilgFBVV95cUxOTjlyMk95Qm5SVGM1cnk1czUyejhPUkRCM3E3SUMxQUM0T0hsU3Ryd2JMTHdVeFRMaFB2cUI3N2VUUXBTTFN0WUhjbi1jVEl3c2lJM0NncEkydk1CQl9FZldWSG9KT1o1aVc5Qnp5WHdOTGRiaDZWSXVJMzBZY0IzYk1CRHNuclF5dVBfTnpueG9rdko0ZXc?oc=5
🔬 Science,2025-11-14 19:42:54,The Henri Poincaré Programme at École Polytechnique offers advanced science courses for secondary school pupils - polytechnique.edu,The Henri Poincaré Programme at École Polytechnique offers advanced science courses for secondary school pupils  polytechnique.edu,https://news.google.com/rss/articles/CBMi1AFBVV95cUxQQlBkLTZ1Uk13TTlTSkgxTDhQWFJqTDBrRk9ndWRLb1loZEVYMTcxNWRnN1lPZDY2QkVnSXFsdEw2eWw3WUlxZkRmNzRveXgxQ1Y2Mk92dW5LTDhkNUtHU1RJbVhVUGZVTDY0OGI2LU9hOEdyVEJFUVBjelpsYjRQaDRQU1lWS1I5aThaVWhTMV95Mk44dkRoOTk1Qzh3SDJpSEtnd3hfR29vcFhfTVJFOTBSZUREbXotb3FLWU1HMXkxVkdDUHNpcGhOUzZieW9ndmFHTw?oc=5
🖥️ Technology,2025-11-14 19:34:43,"NIT director emphasises role of technology, AI to protect tribal languages - The Arunachal Times","NIT director emphasises role of technology, AI to protect tribal languages  The Arunachal Times",https://news.google.com/rss/articles/CBMivgFBVV95cUxQXzUySTFGZHl0WnZLWXl1dm9XV1lnSklCMTNiOExveVV4NWZ1RFRlOG9LVGpOR29DcjBEeTJ6MDJzN01aT21hZWhfRVRyZmd2RTJFaGpYdzZUZ01vNnUxNmJQbk5jUE9YVVU5dlZPbWt4Q0FRMThpSS1IMklJbFdwLVpocUtHWEFQVTVINGU1RXBIR1VrMGpjOXdlay0zMEpFYzRfVnYwb1daTk5YNFEyaDNNMlBrWW5RSW9feEV3?oc=5
🔬 Science,2025-11-14 19:30:53,Quantum computing will make cryptography obsolete. But computer scientists are working to make them unhackable. - Live Science,Quantum computing will make cryptography obsolete. But computer scientists are working to make them unhackable.  Live Science,https://news.google.com/rss/articles/CBMi7wFBVV95cUxQeE9sanl1R2t5WHZPT09fM09lMlhKTUd5TVk5LU4zVWotT0haNUN5bk5iWm1LWTNCdlk0alVHd3V2NElpOFdaX01nU2MwbFNlRkl4UHd4WG5KUDJ3X2l3SFVoMVBkX3g5Vi1VTmMzcGN0RVhXQTRRQlphM3NlOWloYUVJXzhFcm9zdm1pUFFFMGdJU0JEYkdIUWtmcXdFcTJpaG1RYWZQRTVWaHBQV1doQlZQTy1lMjlCTVFVcjVOZFg4V0poa1hlTEpkbDMtLVFYYVNCWHYxbUw5LW0yVVllQ3FHTEEtaGNzbWNYRnpINA?oc=5
💊 Health,2025-11-14 19:17:59,"For 12th straight year, SSM Health earns ‘Most Wired’ honors - SSM Health","For 12th straight year, SSM Health earns ‘Most Wired’ honors  SSM Health",https://news.google.com/rss/articles/CBMiywFBVV95cUxQYXZRZXRFTTVKQUhReXFnTDVheFc2UkRoaFNvUE9mYWJrVDJ0VUk5WDI5Mml5X00wZGMwOWJpcEl0czZNNWVyVzl0Y2FpcWV0ekJIUnEwVHVxU3RzZXdQRjVyVmFtYkoyTW50R0Z0QVlMbUU2Sl9qRFBQeE9OZm5XalFpdEpXQ3VuLW5PR0dVZFRaWHRYOGVnV2w1dTE1blZ6U2FpbElhRENCMjdmemJmM1R4Tm9ubTMwR1JiNzhOVVRwZ3YtWG1SRWRSRQ?oc=5
🖥️ Technology,2025-11-14 19:00:00,Stellar Startup IoT Technology Vendors To Know In 2025 - CRN Magazine,Stellar Startup IoT Technology Vendors To Know In 2025  CRN Magazine,https://news.google.com/rss/articles/CBMiqwFBVV95cUxOeWNjN05VcFNuYXpadEtqSUIwUEF4dEtmLWh3LUstSG9YNlBsMEpXejRWeFRxQlk5R2tsaE9OQkUyRU9LSG1Vc2c0NmpWd0pQWXQzSVFSemJMX0VGT1R6SEdqYnZBOXdfSmlCQXFrNlplZmdrdEhQdV9KNUQ1eFJxQ3p4Q1N1V2tva0ZtWmdLWUEydDZlOS1JUGJ4Z1RIQmFfQXJILWc1X2xoa2c?oc=5
🖥️ Technology,2025-11-14 18:56:15,Forbes Technology Council - Forbes,Forbes Technology Council  Forbes,https://news.google.com/rss/articles/CBMiX0FVX3lxTFBCcDdtQUM2SmRTZGdyUkkxQy1kZkJHREtNd3kzMG1ITmdQLTl6dnNMdFhLMHQ0ZFFuV09keEdqN0hpQWNyRFB6OWdjZ1EzaVhkUmRtcGF5bVNYRWhWSmtF?oc=5
🎬 Entertainment,2025-11-14 18:44:51,"Fathom Entertainment and The Jim Henson Company Bring Back Jim Henson's 1986 Epic Fantasy Adventure Labyrinth, from Sony Pictures to Theatres January 8-11 for its 40th Anniversary, Starring David Bowie and Jennifer Connelly; Remastered in 4K - Fathom Entertainment","Fathom Entertainment and The Jim Henson Company Bring Back Jim Henson's 1986 Epic Fantasy Adventure Labyrinth, from Sony Pictures to Theatres January 8-11 for its 40th Anniversary, Starring David Bowie and Jennifer Connelly; Remastered in 4K  Fathom Entertainment",https://news.google.com/rss/articles/CBMiXkFVX3lxTE11T2FsTV9VOUVmQUFBME1RcERsUGxGdm9IQk5RR3RHZlRzSjVXdWZpd3ZmTFhxTDhRcXBkZWl3Q0NuZFRyWnNSRDByY3FQQlB0Ml9vc0hTTDZxTGphaHc?oc=5
🏅 Sports,2025-11-14 18:24:29,Summer sports would 'dilute' Winter Olympics - BBC,Summer sports would 'dilute' Winter Olympics  BBC,https://news.google.com/rss/articles/CBMiW0FVX3lxTE01XzhvRUVyaExvVlFReVFpejhVOHJ3Ymw5cEtRbkV1azhSYWhEMTVKZWdOUGJVVFo3WUV4NjdOd1NCdThidmh0emJodU03dW56Q3lSUmRTRnhFUUU?oc=5
💊 Health,2025-11-14 18:08:03,Doctor strike inflicting pain and misery on patients - Streeting - BBC,Doctor strike inflicting pain and misery on patients - Streeting  BBC,https://news.google.com/rss/articles/CBMiWkFVX3lxTE1sSm1rYkt5ek9RWUZHUGpGWmMzRXZsZHJvTDVmYUQ5SUV3aHF0UFl6UG1tQm54ZXc1dzZ3ZEJNVUZPWnZjelE3alhsOVBXNGNZMXBsa0RfUXdwQdIBX0FVX3lxTE1lWG42OEMzREx0YWNzV3NMMXg3V1dFY0FuSmphQ2FPRW9QLVJuLUh1bDhoaWVwTlJXWkNKQzh5QXY4b0NtWGtCT19ZRzZ5eWtldl8za2RQMDFJRWZIanJV?oc=5
🎬 Entertainment,2025-11-14 18:07:44,"Entertainment, 1990s culture dominate 2025's top pet names - upi.com","Entertainment, 1990s culture dominate 2025's top pet names  upi.com",https://news.google.com/rss/articles/CBMikgFBVV95cUxQcGxianY3TW9HTG5SQ205X0dUT2tRbThlQzE3eDM1aE9iNU9NSHQ3Mjd6a0hwbERSdW9JZmhPUndnNGQyS29CQU1JWjk0a2xVOTNxc2toQzNBcjQwcGh1NF9URkkwZDZzajdYb2ZSSDJ4Vm5OclQ2LTJWdVZHR2hzLW9BazM4amRRUkRVSFZuQVV0Z9IBlwFBVV95cUxNcWlDZW85dnExS2x4NlMtWm9qMk5vWWNtR0EtRVhZN3FSd09ZWXp6dUYxVmo3QjFhZHRCWEhkUWRyaWs5QWdXZi1qd2pZdlllSzcybVE5c0N0R2JWS3oyV3FNZUpSOE5RdmRnYVlQT2NVMzlTUG5uNzJtYnJ3WkFNZHJrNDQ4eU5KVlh5c3k5WFFzaS1wclVz?oc=5
🖥️ Technology,2025-11-14 17:48:27,Scientist turns people’s mental images into text using ‘mind-captioning’ technology - CNN,Scientist turns people’s mental images into text using ‘mind-captioning’ technology  CNN,https://news.google.com/rss/articles/CBMilAFBVV95cUxQTlpJa0QyMWlKMDhBV1RVLTZJSDZLOUZZU0NNSThEQ2dtelJsY2NiY3dtLWRfd3VmeFpiWXo5U043R0liMHA4RUJ5aXdwakVCdHpQSjB5M1dyTGQtUFkxQ3hzejItRTQ0NGhuZjVMN1JEcGpSSTRKUS0zSm9vWkdPT3l0S05WaDJzTVMzUFhGTU1hWDgx?oc=5
🏅 Sports,2025-11-14 17:43:08,What the NBC Sports Network revival and new USA Sports brand mean for fans - USA Today,What the NBC Sports Network revival and new USA Sports brand mean for fans  USA Today,https://news.google.com/rss/articles/CBMiqAFBVV95cUxOQXBuZ3FzdTBkT2U0bmpkaGRjbnpXaXZiRjlfLW5pUElSSkcya2pMUHpNMDlUWjdrRkxsZGYyNXgtLVNXTkFndnh2MkN6SUhWY1B5anliajFGbkNpUFktSTR4YW1kRERkVGR2WUlTZXVvdUJPXzQ0SlFVQUdLcVVKMzUyWVNDUWFmSzk5RGlmaU52MHYwdDNXOS1nN2NuSEYxTU81Q0ZUai0?oc=5
🔬 Science,2025-11-14 17:32:00,Is Tony Stark’s arc reactor possible? Neil deGrasse Tyson explains the science behind it - The Times of India,Is Tony Stark’s arc reactor possible? Neil deGrasse Tyson explains the science behind it  The Times of India,https://news.google.com/rss/articles/CBMi9wFBVV95cUxQMFhGMUUtM3h0cWgyel9qRkRJckxzX1V5MjlEVmoyX1pzNVRIVXRaNUpsblFHWmJnR3BSQkpORDg5MURNT05YcmpIbFdCUGc2RWJfN3FUc3pISFc2S1AyX21oRXdIVXlNN1Q1dDBMQTVBY0x1RlQ4eEVYVXYzZm9va1BpdGFMOVQySGZqN2JxTFduSVU3UDAzUTJDWWt4aHRnS2QxeEprYjZPVXJDOEZabWFuRFVuYVMzdGo3ZXdHSnNSd0dhWVZnaklja1l2TGp4WEh6cDhONk54Y2psM25VQzJZWTd3UTl0eGNyOU00NXNUY3EtaEtJ0gH8AUFVX3lxTFBBcTUteGZZVmpjWnl6ZXhsQWZzLVVfU1FwUVlkaGlVNXVCWU1WeFNRVmlnek10aUw3bW8xWm1VY1JRTzgwTE9QbHdzNVFIcEVPMV9qaGIzMWhVbFAzQ2t0NERJbXA1U2VtZTdBVHIyWGlyQURFQndrOG5XRE93MmZERkZFekRYVDR4OXZzeTI2bW4zSDJHNG1qYVBsZnVpd21NN3Bydm1VNWJnbTM1RVlNM3BUazNUUzM2RnNQZnlZNEVwYVFKQXBSeVFDN3RTZC1sejJTdFRMOVA4V0ZXU29KbzhNYkszRGYzXzlBSndkSzhfVnVGRDJ2UjZYaA?oc=5
🔬 Science,2025-11-14 17:25:43,How I found an unexpected connection to science in the works of Iris Murdoch – by a molecular biophysicist - The Conversation,How I found an unexpected connection to science in the works of Iris Murdoch – by a molecular biophysicist  The Conversation,https://news.google.com/rss/articles/CBMi1gFBVV95cUxQek9yWHRzV0xuSlJ5Tnk4ekZDSzFkdThpZGJQb0FQMzFHeU8yQ21Kelg4RDVncVloU2NTcWJndUl5VnRIV3dzVldXY05aWEtXU3M4aG8tM1M5SEFocVdGU0I1MUNaWjRDMkFja3dOck94M2xHR19rc1FQNFZHaWRSNHJkNmQzTWVfaHRsMHJ0N28tdmZTRHM5Tnd5aXVibnFTdXFEMmRLdkdSc3hrS1lsSFhLdXNENUpTd3hyZlNZVTVmZlJzMlRHYUVfUkhMbWtwU3Vpck1R?oc=5
🎬 Entertainment,2025-11-14 17:25:00,"Howard Gordon, Ginnifer Goodwin and Joel Fields Help Launch Jewish Entertainment Alliance - Variety","Howard Gordon, Ginnifer Goodwin and Joel Fields Help Launch Jewish Entertainment Alliance  Variety",https://news.google.com/rss/articles/CBMipwFBVV95cUxOUi1FT2ktTURQTC1lYldqOHdFRlJIVHNXMXRvVlZ3QWFYUmZ5TUo3SEplOWlWUEJpajIxX3BhbUlSNkQ5VHh4a2prR2tPYnRzemM4a3dTWEJTSkhXNkVLV2I5SDJnQkVOMGxEV1NXUUVLT0hSTUlpLUI5MUh2enBJWDF6LW5mOHdvVXlXUUEwbDJrQ1NnMGloMGhEVG1YUXNpbmJZOVAwNA?oc=5
🎬 Entertainment,2025-11-14 17:24:21,"Top Entertainment News Of The Day: Salman Khan Says Dharmendra 'Is Like My Father', Veteran Actress Kamini Kau - Times Now","Top Entertainment News Of The Day: Salman Khan Says Dharmendra 'Is Like My Father', Veteran Actress Kamini Kau  Times Now",https://news.google.com/rss/articles/CBMimwJBVV95cUxPZU1RMlV2N3BZcFhJQzZxWFVnMnFiODYtNE45ZXFKTVNFVnZmek54dW02ZWdGRUVZTnN0bi02cGJna3pEbDRCUUdCMnlPZVZ6M0NESUN4bVJrdERTT0pNaTc1enN4Z2c1UjlKQmN0bXZPbVhZMEpsaWc5dEFCU1pURXZZbUdlZ2ZYUnM2REhJZEhDalFocHg1Q3gtbTlQZnRaazNEbjNZWF9DNUNPT01STFloeFAxYkJ3V0F1Y3V3UEk0NWVVX2JmWDZRQkUxaVlRZ2R4bTVyX2o2MFcwUVdFWFF5dU1yVFFMWTMtMFVDdjM2Y1ZpWjBNdjRXdng4ODlKUFlYQkZGYzZ2QmdFc3FUZWRldjdvTzkxNzJR0gGgAkFVX3lxTE84RXJ6WkowWXhPblR1alNQclJvdHAzeUhjQUkxczhHaXZlMVhjTG04TVhpV29WVmR1eHIxVW5GMFcwanc3T1ZpUGVteF9iNll0dVQzVnlqN3hDRmRpN2xuTEZQbEhBaWYxb0V5OVpFZ1o4c3NQZVVNX2NURTZCdUU5V1E1eGYzSzZLeUlGRzBUX21JRkgwUXI4TUNwQUxuOWwtcXA0SHUxWFRkV2pRNURqZUtJZU80TU5WcVhHN3oxeElFNWZ2RExjeDh4bzJ6NGJyMVlOQTlMYWU3Z0N2Ynh0cjBPbDFlTVlEOGRtZVctVmhVMk5mV2QzRmtHeFBzbGw1eGVIajR3X2FjaVhyckw1Q1Rxd1g4Q09QX2VXdms4LQ?oc=5
🔬 Science,2025-11-14 17:14:08,Science Quiz: Prime Numbers and Sun Eruptions - Scientific American,Science Quiz: Prime Numbers and Sun Eruptions  Scientific American,https://news.google.com/rss/articles/CBMijgFBVV95cUxQRXZqb0lCRWJfVU9vTnJvZmN0enFoOEczSEVFOFdrRE9YbWk5NEJ6RGZtcjdpM1lWbzlRcUg0NWZZOUYzcnUydWYySERZOWRmSHY2RmdlRU5OX2xTSWlJVU4yem9GRjRNbktLMmlXVElxampZbEF4SWk1YXNWRHFqbVdwZ2Z2WDJiWUpmaXln?oc=5
🏅 Sports,2025-11-14 17:08:36,"First-Ever Tribal Sports Conclave concludes in Ladakh, showcases emerging talent - Newsonair","First-Ever Tribal Sports Conclave concludes in Ladakh, showcases emerging talent  Newsonair",https://news.google.com/rss/articles/CBMirgFBVV95cUxQVGtVRGM1RlhqUVZhN0lNOHlPckhCUkhoUDBFMkUzQ1BISEdHMHFRcU0yS29GYlF6RkNJTVZSNzY1M18zV3cxMU9BSGIzamdwOGNvS2hsdHU2d2JHUjZmYllGRTR0Rl9nVG9uNUdZTVdQMzJHS0FUTmNzQUZ1SWVodFNvWVRaR0x5OFZvaW9UaThuVE0xQVM2WU5uVkNqbDJQS0lJLTFLTUhUelR4RXc?oc=5
🖥️ Technology,2025-11-14 16:41:15,The future of quantum physics and technology debated at the Royal Institution - Physics World,The future of quantum physics and technology debated at the Royal Institution  Physics World,https://news.google.com/rss/articles/CBMiqAFBVV95cUxOcDd5R003R1VwMHF2NnVwQnNyckVkSV9OeEtQLWV4SmpXV195Y2hEcE45N2V6VlA2MHFYZDlqUElfODU2aHczSG84TUdvMU9iU1ZDV2VaQ05YNW9CREFGY2VZdW5PMW1kVm85MEN0MENScFh2SzdNbjRwbWVzeF9xd2tieXBiTkNEUjdYeWhFa3NQU3RGdkVGV3ByWGhETHBRdGJiTjZBOFA?oc=5
💊 Health,2025-11-14 16:23:17,Manipur observes Diabetes Day to promote awareness and healthy lifestyle - Newsonair,Manipur observes Diabetes Day to promote awareness and healthy lifestyle  Newsonair,https://news.google.com/rss/articles/CBMipAFBVV95cUxPX2ctVmN6aGtvMHZtNkdnQW5vQjUtTTdXYjVNSHhLRThYS2ZtVVlVcW5oNnNwNFdjUzZ6RDdCdmtaSmxBTmdLSDNQWUdjTV9KUlZQX05BcGNpRW5oN0lJSDdScWVCdkhuZkJVTDBhRjFtR3RPSjZMaGlMODRhaE5wb3ZmWm9nbXhvZ2p6X1ZqeHd6SnpUejd0SmVmYl9sOXJEYW56Zw?oc=5
🏅 Sports,2025-11-14 16:18:00,"Stand aside Australia, New Zealand are now England’s No 1 sporting rival | Emma John - The Guardian","Stand aside Australia, New Zealand are now England’s No 1 sporting rival | Emma John  The Guardian",https://news.google.com/rss/articles/CBMitwFBVV95cUxOQ2p6Q0pYNGpZY1dvUEZzc2tJRTcyQ2dXUjF6TXVJcFZRUHhQaEVSM05hak51a3lsSnp3aERNdFR4QUxtekpJNTNNamdidzJoTXR5NHNncTZzTjljYXUyX2lxWG1jemtOcF8zVWtqaTJRNDdQSnRSS1FWck1NVG00aVU0RnN5T0wwUjBfRDRSbG1DZUV1VERLNk0zLTlyUWtvSVJMWU5iYnp0R1V1RWQzcFJfN3NDOW8?oc=5
💊 Health,2025-11-14 16:16:22,Towards personalized care for all: Abu Dhabi's digital health quest - The World Economic Forum,Towards personalized care for all: Abu Dhabi's digital health quest  The World Economic Forum,https://news.google.com/rss/articles/CBMieEFVX3lxTE5fZUhYMXZwMmlwaEhhZXhwTVhhaERaU05IWUZhX0ZaX1Nsa1pUV2U1dHpGWGdrWEp1cFZDS0tIcll6b3d5N2c4dWF5Q3JWZTJLWERkb1AxNjNFMldZX2Vra3FsWExIQ0xkaC1wcEZzRWg4XzA0NWlaVg?oc=5
🖥️ Technology,2025-11-14 16:02:32,"Technology must serve humanity, leaving no Indian behind: Vice President C P Radhakrishnan - livemint.com","Technology must serve humanity, leaving no Indian behind: Vice President C P Radhakrishnan  livemint.com",https://news.google.com/rss/articles/CBMi6gFBVV95cUxOZDZjZzdUTlRXajNBVVJ4cTBvdFJZMk5HMzlrSDF5bnhTWXhScXRBUGMtMXJ2QU5GYndYRmVzeVVoT245RWdROW1jdl8yOHZQUnNISDFvU2VJVHAwRVpoQ1V5RFNOdHZJZGlJOE1mcW14T0p5Y0F0RGJueUlnalhza1k5VGhlVjlxMVFVMll3VHowT3lHbGFBMFhpdHUyVGYya1RTREFwb3F0bzFNcVV6ckYzcFR4M295S3FvRUt0Q2xIMmpGME1CWjJxai1qOE1RRGpWenF3MTA2X0N6RDhtdmNaZnF5LXFtZnfSAe8BQVVfeXFMUGEyX01qemhoeHpWUm4wd25HRlJPa01teVN1WXJHQTliQ0l1dVUzZXNwclJqYnZzSmplc0M5cC1XMTYtRUplbVNNS0l1Nm8tbjU4Zm12bENBV1EyalZOM1ROS0xWYWxhemNGT2tKRWtBNV9RZkt5MWNSSkZiNkIybkZ5YkRMWFo3WWxKeENua1NkazJkOVp4d1JDcFBxejNUdzZCRGN3VVdRYUpNNmdyMUlyem5YT0NuWk5UNzhWR0ZKVHR1c3NsYlhGWEtxWENVMlBoRHRiWFZYNS1FaTFaM1JSeFhjdGlTV2dLbjVHLW8?oc=5
💊 Health,2025-11-14 14:37:59,FAO: One Health approach can advance public health through better water management - Food and Agriculture Organization,FAO: One Health approach can advance public health through better water management  Food and Agriculture Organization,https://news.google.com/rss/articles/CBMiwgFBVV95cUxNUVUzX0Y0RkdzVl82NE9qS3c3alFnT1hnMERKRFZfZUFnN1hlSXpBY3VnXzhNMmJRZ1FScmpKaHVlTVVXRFhFNmh6RW5QNFd0TzgzTjRzXzJTbThPaFRpWHhqR3BkaHEtNTZvRkljUjFoMFlsS3FGNGVvVG9Od0E4MklhQ1l1bmRsOXpMS0NkdzRkLVhzSE1RRWc1TkVrYjNZNTJCdXRYVDgxQUZWQy1NdnlwemQ1Tk9VaVQtUWhmRFNkQQ?oc=5
💊 Health,2025-11-14 14:30:00,"Is it safe for diabetics to eat cherries? Nutrition, GI score, health benefits and smart eating tips - The Times of India","Is it safe for diabetics to eat cherries? Nutrition, GI score, health benefits and smart eating tips  The Times of India",https://news.google.com/rss/articles/CBMijAJBVV95cUxPWm5EOG9iNVJzc2YxSk9PSFZtRWtQNTJyeF9XOUl4N2FMdDBfU090d1ZSRDN1US1jYndrMlZyQnFBd2dlQzhFMjEyaXh6YUFjb1p1cnNmZnp2Zktwd3pfVHdPUmhiaE5COGxydVBrRVA1ZWFXS1VUbmhkQWlHTGRoUGtvcE9GYWduQ2VpZ0NEQTFYYVNXRTVZbzNsbG43QnFLWG9VSEc3M3l5ZjB4bkMtdmVqOWFjcjhTcFNZLWJfWVZ6MHNjdmJ6ZVJnOGVnMTZ6SzRjaEFtMElwOGJPUFdpOWh4SHV1Ql9yRGhGZEEtZ3R5RFpGNm5oQTdldTVVUHhhazhlWjhOUTFJQ0NE0gGSAkFVX3lxTE16MDMtU2hkM3daZXdJT2NULXlrOEhka1FESDFHTTRCRHg0NFFDR1Z4aGxsUlA1RThWalpiQUM2TlRNS1lqa1JZTXdrSkdLOFFReXhoMExCUmJGZ1JIeGZRaFVDUHRtUnotYUVyOG90UHp3dlpTTUVSUFM3VzQwVlhVMG9vOGZXX194eWRPM0xaa2I2TjNMVHg4MHAwSGJKZjFXSnYzR2VtWFhKWTUyRjRmWnpyN0dwR3I5S1NwS3JsVnByTV9UTkNMMVYzbkZmMzJiajVWanJWcHFsY09EaEV3OGRhQ1I4eHB2NVBJYkp4bXdvc2lhdHJCTG1mYkdaQWVzUzNhY2ktZVgzVWdhMndzU0E?oc=5
💊 Health,2025-11-14 14:30:00,"Heart health: Not just medicines, but this is the number one food to prevent arterial plaque - The Times of India","Heart health: Not just medicines, but this is the number one food to prevent arterial plaque  The Times of India",https://news.google.com/rss/articles/CBMiigJBVV95cUxOOWxrWV9QY0pnWGY2RzhNZWlOa3UtQTlKVHJtSFJZRks5UlVEVlhBOTR3TGpXVjdwWDJiRmxIb1V3VFJLSjdKQWNSalcwRnRYV0tkYi1hNTE1QUNuMDJORWdBY1FMVEYwZ21KdjZLaUlnT18xZkdBR1kxMXpfWHNqZDdhak45cENkOE5HVTJXWFRheG1JMlU2SjZhMjZJdUlycDNmakxSOWNVemh3d0hZQjdHdXBibkFnSEhWQUNNbzFWdVVMdTVzOHVGZTZtbW8tV1VlMmhZV2NaaUhuci1YTm1VclBkbEt0VzY1TWJOZVpYUDVnd0I3bUlpOWptZW1hMTk2dVZOeVgxUdIBjwJBVV95cUxOa0RRaXNfM2FrU3dMVmtjWTVZOUwwN1hIVkFLUTZ4eWI4cXVRcnE0bWN2ZzNWQ0NtRzhEaEEtSDBWOFNTMzdvTHdwdG10S1JMTWIyY0VWNkJxWTFEZVFOaTZGQXdTN1pHQ0hOX1hkbjZrdktmQWxhSVRpNFE2ajdhWXlOempYal9kVlQ0dDZyb0RnX2t6NktDR3FidGxMZmdMWmMtWHdDU1FFR05xRldQM1Z0V2xIb0I3SXNCTWFob2w2V3NCckNDMXJFeTZXYlJaZ0RJSGZXaTVNMENaMk5wRDZNc3c0QXZuNGVhNUkyZzVNZm42ZENZZVFiNExtYXBkNHZrWmZOU29YdG0yMV9R?oc=5
🎬 Entertainment,2025-11-14 14:09:37,Zee Entertainment gets 51 score in S&P sustainability assessment - The Economic Times,Zee Entertainment gets 51 score in S&P sustainability assessment  The Economic Times,https://news.google.com/rss/articles/CBMi5wFBVV95cUxNdFpsS19vcEVKX05NVEl1R0cybFlpSjg3Y1BxTnFETXR4OTFVYzBlS0MtWkE4VkJYTXVEMnNSQ3JkSjhSZ1lfX09CTUJROXRacjJKLThfRng1RjlkMldTeUhaX0c3S01aWEstaXl6d3B4S1VWNWZRXzhvNHdLbng5aHJya0xRODgzQmphNUlQLUVsQzFpdHJJdVRqejNXczJuQlYtZTFnalQxdU43blZTSDIyY1FIRTY1Z2VNMUNmcmU3Z1ZCbU9PbW1uVWNGNHhBZTQwZjh6NHZBOTJOUHVTVFBsMlRDTlnSAewBQVVfeXFMTS0wMDg5MEJMa3NBbFhyamhkQVVOVTNxbTB0clNWaVcyRGRpZlBpYlpEZVdTU3VHT3NXMVJwS0Q1eG5XZXlwRjVzRTJVU3lSbzJpNU9RaWl3N2hKUmRZNk96NU9KaDh3MHhVZnhJbjNncGhuaDc4aURKdzd2VmpmUG43MGFkbUNWdkIxekNucDBnTnVxYlRET2h6bjBIRkF1RmlGcUJfTEpHdk5VbUZhOWxoMlRqS2tlUWk3cENSYU00Z1ViMDB2LUZrdG5xeGp2ekIwei1ocDA4TDBYMXNJLXZTUURtcS04WVhOU3g?oc=5
💊 Health,2025-11-14 14:08:25,"Marshall Browning Hospital Selects Oracle Health CommunityWorks to Optimize Care Delivery, Expand Access to Healthcare in Its Rural Community - Oracle","Marshall Browning Hospital Selects Oracle Health CommunityWorks to Optimize Care Delivery, Expand Access to Healthcare in Its Rural Community  Oracle",https://news.google.com/rss/articles/CBMitwFBVV95cUxQSEUzeV9yb1NQUWhGT2JhZWpZZzhvR0V2S0w0Ty1fVHN2ZUxNZ1Z5UU5mbWhsZ3g4a0ZQMXRUbldTblZzM1B0SkRqQmU5a0xyem9UYnRsU19tU3NBeExmdkFuMHNxWWJBcjRHSkJaei1Pd0Z2UXR6bmtTcTR3Qk9Ca0FRem9rYlY3Vm84LV81WG9kMGtTVEtEM0xTekkyc1A3eEd2ZmJsYW5NbkNxTlFMd2Q1SGFaM2s?oc=5
🔬 Science,2025-11-14 14:00:00,Why are most people right-handed? - Popular Science,Why are most people right-handed?  Popular Science,https://news.google.com/rss/articles/CBMickFVX3lxTE5zOVNnRmtya0NKYWRyZUpHTGtYYXktTkwwb2FzZUhad2I5NkcwV1hGQ0Ztc3lEMFVlQWdJdTcxLU5qaDBKbGdlN1RUYl9rRVZGbDJEOEhZdzByZ0hIRlhlamZ2U3gtaXhKMDZDcVBrb1FVQQ?oc=5
💊 Health,2025-11-14 13:32:28,COP30 Special report on health and climate change: delivering the Belém Health Action Plan - ReliefWeb,COP30 Special report on health and climate change: delivering the Belém Health Action Plan  ReliefWeb,https://news.google.com/rss/articles/CBMiuAFBVV95cUxPQ3J5UnhtbTRLUjFYd085bVN5S0dmZUJrQXBHckhNVWxob3FpODk5Tzk4dUgwbDk5Z2Zla1NYaUlia0NzbnFRVHkyMkMtX0hGUE5CR3hyLUdsQjN3QUNPajZLejNlLUxtS2dmWWI4Q1ZFV0UydVhLTU4yUXQxWlVPRDktNWtlZ2RuQXh5SHI0dDhELWE0TFFxeFFudVlwYmFQUDV5ZjFFOENheDVLb1haS2c0dy1tOGdp?oc=5
🎬 Entertainment,2025-11-14 12:53:57,Abundantia Entertainment announces its next AI film Jai Santoshi Mata: Sukh Sampatti Daata - Cinema Express,Abundantia Entertainment announces its next AI film Jai Santoshi Mata: Sukh Sampatti Daata  Cinema Express,https://news.google.com/rss/articles/CBMi2gFBVV95cUxPQkJUb2daeVdZeUk3RndtR0l6UE0xNUJJemhKTkFCcFI4MS1uX29LMkVkZWNJd1NUaV8yTHl2bktiWTE4VDVJV0VtNXhlTUY0Z1JDcEh4cjU2WmVBcXRNczZ4Zy1vaUpIcXduSVNIaXdmdmFJRm1BUkVYYzNfNjc2elRBV0xoMGJGdk1JcnZLcF83QmIzbmZQYXU2aVdjM2Q4U1R6VnBmMDdMNTRwQ0NQbUM3YXY2LXdCZ1BKYi1JM1FTU1VXajR1U0JyOEg3bm9XYWpMT3VadjQyd9IB5wFBVV95cUxPaGloT0llNWMwODdWMEs3d01MZDNqTHU4RGhzSWczWGZmdTdwaE8tYkRVWmViZ1VEMzJZYUQ2WHczQktJMkxLTTIxN3J0NThzM0I4SkNSNlpSanZ5aEpjYjRmTkhUblk5UUFHejd5Vk5fSG13RGRrYmlZU204Zy1Td0tJbndGcTh0V2NhdlZLNExZekRJLVJBcEJYYVc5dzJnNjkxMU1mbk9aN09iZmVVQUd1UEVMRlAwOTVzRGRSRGlDbjBBVko2bENrTWVNVkI2ODhnVzNKS0ZrdzJYck1LRHhMVHF2MVE?oc=5
🎬 Entertainment,2025-11-14 12:41:18,Entertainment Meets Politics: The Ascendant Profiles of Maithili Thakur and Khesari Lal Yadav in Bihar’s 2025 Assembly Election - The Logical Indian,Entertainment Meets Politics: The Ascendant Profiles of Maithili Thakur and Khesari Lal Yadav in Bihar’s 2025 Assembly Election  The Logical Indian,https://news.google.com/rss/articles/CBMi6wFBVV95cUxPUzY0UEZBS3VGdU5qWmlvRjN0NHFWWlcxSWpMR2NTX3daRndLNmc0NkpmeW9kYVRzMmpETUt6V0ZJVmkyMS1HdUtSUWtZcjBKcWN1WmF4ZHN0VFN6UXQtMnF5bEt6ZE5uNXlSUFotTHltZThUalp0TDJndnBkR0FxTU8zWkFmN2cyMGN4Q1NjMGRwNktXNkFpZzdNWTQ0WHRSR2trRUtVdzFIbTdDb2hEQnJaeUR2LW1keWRFeTZqQ0dDUlJ2c2lxV2tfeVZfN3otVlVBX3BKakdWZkhJbkNBU3BRRVJmWUM3QzBz?oc=5
🎬 Entertainment,2025-11-14 12:12:42,What’s new: Indian wedding entertainment trends in 2025 - Luxebook India,What’s new: Indian wedding entertainment trends in 2025  Luxebook India,https://news.google.com/rss/articles/CBMif0FVX3lxTFBtWEZuX2cxQzZpUEtmeVM0ZE9Za3BCMk5CZVAtMENIOFVMMUxYelZCTjdoNmZ1aE1vdG1Gcl9OaGp3VWRGMkl2WkxvNVVibTkxZmJIVXZMQzRxbk5XVDF6ZmVWQkhEWklMSzhyblFoWjRrOXA0N003bHhlTU4xX1E?oc=5
🔬 Science,2025-11-14 12:00:17,The 19 best Christmas gifts for science lovers (and nerds) - New Scientist,The 19 best Christmas gifts for science lovers (and nerds)  New Scientist,https://news.google.com/rss/articles/CBMipAFBVV95cUxNZERId3NsZHNXODJoVkpFWFVaNUhTLTY5U0dpWVJjNkxyWW82MnBXX0xkQnk1VEhFZ1hNOVlSU1YwNjB6Ti1XdVB6eXpKVFBhU2FVZzhFTGEwaWl1Q0p1amk4Rk5vNVRnVHhzaUdKSmFPRDRPaXZKa2FIbUZUcGhxQU5iOHFfdGlhRERESXEtRGVPc0FXWHBRcEdlRkQzNkdyRTlRRQ?oc=5
🖥️ Technology,2025-11-14 11:49:43,This Week’s Top 5 Stories in Technology - Technology Magazine,This Week’s Top 5 Stories in Technology  Technology Magazine,https://news.google.com/rss/articles/CBMijgFBVV95cUxNbzdUSlFfWml5cnZnNWgyY2xKS090cE56dzFlUGk4aTQ1WHVLYzFXT3dYSlA4NGtyTi02WWlLNGdYZ0h6RnctNFd1akN4X3g0QXp2NnVxOWNuUm9uMzBaUk40THhycExDVHFZSk8tWGM2RkhmYmdoay1TSzljQ1NQNXdzMXlJbkpDY2k4bk1B?oc=5
🎬 Entertainment,2025-11-14 11:29:58,‘Caption With Intention’ Wins 3 Grands at Clio Entertainment Awards - Muse by Clio,‘Caption With Intention’ Wins 3 Grands at Clio Entertainment Awards  Muse by Clio,https://news.google.com/rss/articles/CBMimwFBVV95cUxPSGJUbzJIbEhTNkhQVVhzY2l1UnFIeGozcW9NZk9BNzVqbVVWaENubjZUcXRuV1lHRDlxMGM4WGdrT0FwcEpFZC1PNHowTzdCeWpCTHFEajJ2LXJCSm55LVpVbThZQnVaXzFrRlphYWJOZkFZX1JDbFNSRm1VRDhYVDd5WWpEYS10Y0lqb1Zubkxzb3ZuU1lLLWZnVQ?oc=5
🔬 Science,2025-11-14 11:03:19,Astronomers unearth unexpected chemical link during stellar evolution - Department of Science & Technology (DST),Astronomers unearth unexpected chemical link during stellar evolution  Department of Science & Technology (DST),https://news.google.com/rss/articles/CBMikgFBVV95cUxNSEVyTWF0MENVcGltS1Y3Ukc2UGpnWVpQWkxUbTZ5WmdXdlFWaHh5Z1lfckxrWFBIMjVYSGVPc1U3VWNZZ0FCb08wZ2NEYUxQSHo0eF9RZ3UxRXdBOHFja0QwNmd1cnVMZFNoZmNSZUhFOUhGT3o4XzhGSnJWUTJMWmNJbWpDNnJiSGowNzJJNV96Zw?oc=5
💊 Health,2025-11-14 11:02:41,Investing in primary health care in Ethiopia: a joint technical workshop - World Health Organization (WHO),Investing in primary health care in Ethiopia: a joint technical workshop  World Health Organization (WHO),https://news.google.com/rss/articles/CBMisgFBVV95cUxNdl9FX2ZBOFVjeUlZbDduTFF6LWk4Ym5rRE1mRGJodmtJa3VnQkxLb3hLdlhmX2NzVVE0NFVFcldyMzI1WWtmWmt2NTdJVS1jNjJoeTRHSzc1Y254QUttVmhGbnp4OWNCY1ZTLW1zUFIwTzBfakJTV2dheHZPRkZmU2NoU1FpejZVMnVySHgxUnFWdFJ0OExLMkxoVnYxM1VNRzh4MG4yQVlrdlZsUHNvMDlB?oc=5
🏅 Sports,2025-11-14 10:39:00,"Sports quiz of the week: Ashes, All Blacks and a big payday in tennis - The Guardian","Sports quiz of the week: Ashes, All Blacks and a big payday in tennis  The Guardian",https://news.google.com/rss/articles/CBMi0gFBVV95cUxPallIbmJ5Vm01bHlLUzV1dW90alRBem9GdGFzQjFXRGZKNmE5NnpfejhkdW9YbG5SUnBpaUsxN2FHMFBhRjlYOHk2Wm43UEppSDdkZk9nOEJBTTg5RlUtYjIxQV9IVm52V0dnZzIwXzNmZk1YaGZIQWo1eEx1d1U4MXhycVRzeWhfemJwYzRnUkRqazVsN1VwS1Y1ZFVLOUs3OGdqZGRnZHNzTE83MjFSS3BVRFBUaURpa1NTOWxNN0d5bEJEZXRQU01uQ3BVVUZHbWc?oc=5
🎬 Entertainment,2025-11-14 09:53:49,"BLACKPINK’s Jisoo’s sister Kim Ji Yoon to make entertainment industry debut, here’s what she’s doing - Pinkvilla","BLACKPINK’s Jisoo’s sister Kim Ji Yoon to make entertainment industry debut, here’s what she’s doing  Pinkvilla",https://news.google.com/rss/articles/CBMi2wFBVV95cUxOeV9LVG9pWkFvckpubTJCUUZUYzF1VW5xekhoMmdkckczT0tWb0RPOUdSdVkzVE9FQ0pYampPU25uMXljeUp0WkVLUnNtbzAxa2VubnlPQWZreEtON1NsbjJXclAxNTZmUjRybmpPdmZKU2ZEQTRHU054NXN6amZDa3h3aEpiTlljWTg1NVV1aDZZaS12ZEdfZUJqRHNkUWRCd09IaHJFdk9NYW1vT0pXbHBqZUdNZFd0d3NaWl9VQ0REUzRJQ0prY3hmOGx0bzJWbUQxa1JVd3ZRNEXSAeABQVVfeXFMUHNmUUNCZVZZc3p3b09wemdfUC12cm1pSmMySXc5cHdXN1hSOENpZV9oWmxPSDV1clA4WnNlXzIxaGtkY1pkeWV6aFFuUVdRRndWeF96eWVndEZNZ1VFZHVUTDFPclp6T3pYTjFmU1p2bDJJSnNBeFJZd21fcS0waU0tRFBmaHNhUXNxU2x6Z3ZSclRlaTFMekNUcHhId2t4djlkOWJEY2U2djI3ODVHYlFnQUo3eVFneFl3QWk0OHFHa2lQWXVxT1FzTU10ajFRR1RRLTFWeVVCOEktZ21Zc2Q?oc=5
🔬 Science,2025-11-14 09:34:00,World-class science park in Gkp to be ready by March - The Times of India,World-class science park in Gkp to be ready by March  The Times of India,https://news.google.com/rss/articles/CBMixwFBVV95cUxNMFRKTmJXNHFYTjQ1aEUyS3c0YlhYNHY1ZEFUNHJrM1FWX3Y1WHZGR1o0RnR6Y3Bza3JNT2tiUU5QaDFYcS1YNmNuNzFCaGo3WFlJRjY5SjFZOXlKRHdSd0I5b3NFX2tTMk9aYVVWaklQd0pvdGtkMnc5aUprOWVRcVlNYTFBVGxPaE53M2tBUmloOFdmM0hBeWNtTS1kRGJzajYwRHBkdVVFR1lFNjVSTDZQZHEwdXc2ZDZ1VU41dFpRV0J5VC1F0gHMAUFVX3lxTFBtSk80VUhkbzE2akdNZjNpSWZBTUk1UEdnT0FUREdOWkVGTjhuTFZKNHdhRnRacFUwcXoyWDJyaFptczFaeXQyRS10czF4RGJHMGJobVNKLXcwVzBCbThfV1hvaktweVJDMDVqb19hbC13ZUNGNXkwcEc2a0tNdk9KR2hVSVRxYkpYSVBRYjV4TldnQ2VUSW54bkdaOWJxNDdsdU5URGpqb2tPdTg4b19lNENkZWg0ZzY5X2FWMWlxQXE2Sk9ELXJiaEk2OQ?oc=5
🎬 Entertainment,2025-11-14 09:31:47,Kaantha X reviews: Fans call Dulquer Salmaan’s performance “career-defining” - financialexpress.com,Kaantha X reviews: Fans call Dulquer Salmaan’s performance “career-defining”  financialexpress.com,https://news.google.com/rss/articles/CBMizgFBVV95cUxQbFJvOTlFX2sydVJHemZzeEhodEVNTWcyY1pMTWJEb3NBUGpkN29yZ3NBSVJzWUxBX3JMUWVBSER6cVpNRTZVbmJOdFh6Nl9NU0gycDZ1Z01IbVhCUHRJNDNxckxHVmszUXM4dy1xaEU4UzlSU1ZQbGF4dGgtVVo3TkFBQkozQ194b0lCV2NVaXdoY1dwWFNYbTBjWHFXdXBaemFBZkoyamllbmJ3Ylk4Y0dJdVNKT3RwYTRkQXNOeENpY2NBSXZtdmdneXFuQQ?oc=5
🔬 Science,2025-11-14 09:17:00,Science Quiz: Kindness in the animal kingdom - The Hindu,Science Quiz: Kindness in the animal kingdom  The Hindu,https://news.google.com/rss/articles/CBMiqAFBVV95cUxOd3lldDNBNWtvV256Umw5bFVUOUhEN0NJcFBLOF9BODh0OU9NTUk5eFE2VXFuWWFBbS1GMEhLbmdLTGgtNS1xUHZJZVVzeGRVanI4OUFGX1BRYUpVN0dtZzBVVURBdDdrMUJOWTZoeWNMbEtHUW9OeDJDMHdVWHVBbUxfOC13TzNhVkN4MWRFUk5yRFZGbXVFUThycm53dWo3aWNiM0c0SGM?oc=5
💊 Health,2025-11-14 09:16:09,Strengthening Health Security in Bangladesh: National Action Plan for Health Security (NAPHS) Development Workshop Held in Dhaka - World Health Organization (WHO),Strengthening Health Security in Bangladesh: National Action Plan for Health Security (NAPHS) Development Workshop Held in Dhaka  World Health Organization (WHO),https://news.google.com/rss/articles/CBMie0FVX3lxTFBrejBnb2R0ZUVkX3l5RjZiejZqaExCbGtUZjJWeTczRUtPN2ljNEN4ajhYMmdYTk1sX25jRDVydlNrdElQSlJ2d0pTT1Z1ZkZpTkphZ0RueVgzNmRLS0QwLURrVDVUZ3VJeG1jZjB5SVJjaGV1Nkw4MVFwbw?oc=5
🖥️ Technology,2025-11-14 09:10:24,Gallery of How Technology Is Quietly Reinventing the Safety of Heritage Buildings - 4 - ArchDaily,Gallery of How Technology Is Quietly Reinventing the Safety of Heritage Buildings - 4  ArchDaily,https://news.google.com/rss/articles/CBMirwJBVV95cUxOT3drLTNMUmlvYmpSMjk3WElvaDBGWWpfX2EzZmxzWnJCTjdkZ3dLVkJFb1p3MG1xWWpTc2s1aXh2TzZBNHE4SmtneVc5ZE9lZ1U3N2tHYnNNblZfOVE2amM1QkJyWWZnaVZSaGI3ZDNDeTNRZENLbUluQWVjcktNRlBFZldUaVh1VlpIWTc0ZXdseDVxN281TG1BNEwxcFlBUnp6TzBHbVpUU01CMU9MTWJqTDFjRWdlbTB1TlpRd1ZiUm9neHVNWGl3X0xEUE5lSWxtOF9UYVRDU0R5MHVQUFpTMTRZM2hhWHZVcXZNcFlJMk5MbWgtUzY2bFYwWVlfRjl2ZWJrOVBRZVZ6dzlJSTJ6STAydUVxU2ItRFQxNTdZTGJra2dTS3kwd1dyYTA?oc=5
🖥️ Technology,2025-11-14 09:10:20,Gallery of How Technology Is Quietly Reinventing the Safety of Heritage Buildings - 1 - ArchDaily,Gallery of How Technology Is Quietly Reinventing the Safety of Heritage Buildings - 1  ArchDaily,https://news.google.com/rss/articles/CBMirwJBVV95cUxNNmxSWGp4bVNqQUNkS0tUSGVKQ1F1VEVabkNsRGpHeHZLNHRiaVlBcWtjYXM5NGdMTzJmbDh0RG1QTXNpQ0tXRWJUbFZQNURlNVh6dmFLcjlVNGtIVG5wLWVqNmZXektlRTBEQXB3SWVRNGliTGh5MEVGYzRjRVU3MnR2Q2xLUG82UHZMdzcyU09rME5KUWQzd3BGTUpoeUZTR3AtVDNPdFBUXy1TS1ViZjdSQzllRWFEeUY0NXhQcVNQdDFNU29pZEJsYjBJX0UxRWM1R0plLWc5OWZsNmJLMFlWM3hYVy1LODRaRXFIN1ZKLU1WLXpiRzNmNGFJcF9jczBzQ0xCbHA0OUJuNHBUTGNHbk1HUzJjLTJsYmZ1eFV1aUd2RUIwUUcwamZma1k?oc=5
🖥️ Technology,2025-11-14 09:00:00,How Technology Is Quietly Reinventing the Safety of Heritage Buildings - ArchDaily,How Technology Is Quietly Reinventing the Safety of Heritage Buildings  ArchDaily,https://news.google.com/rss/articles/CBMipwFBVV95cUxOckFuaUZPOGJXZ1UxVFZYR2FtRjZlYnc1aVp0bkx5WjNJZlhmYW53d0Z6MkczQWhaSEt3ejVQT2RuamkwMTJMR3p3QmRWVTUyU3hFcm5QMWo5T1BXeFVTM0MteFpFdWMwTHk4YXV6VDcwY0hrcTlCWk1RUnRuQkxZVVRnY2l5LWh3aUl5MEN6eUViUG1NV1pQVDM0ZVN2S1BXQXUwVG5xVQ?oc=5
🖥️ Technology,2025-11-14 08:51:58,"Indian 4G, 5G technology trials ongoing overseas: Tejas Networks' Arnob Roy - ET Telecom","Indian 4G, 5G technology trials ongoing overseas: Tejas Networks' Arnob Roy  ET Telecom",https://news.google.com/rss/articles/CBMi2AFBVV95cUxOM3NWSXBmOGdqbk5RZVotOVdVbUs1NWdoVFUzdHJ4c1REOXFRSmdiekR3VEhIZHRvWEczRGt5WUxzdDhpaXFxQWNIVTJmQ1NnTUhqZTN3NnIzSTVzQjFybnVrQWI5cmlPZ2ZTVFBRSU9Kb0R3UEZ4X2RHaUZZR3VkTkh6Vl9ERHhwUzJhbW5tZ29VMnFpTWdITFNLYnExWXlERmgwTUhSYjNRbHd6Z09MN04yZjdlTlNIUEp6dVRjUWM5QTdhRkRjdXloYVpKUmo1eXlieEVNOF_SAd4BQVVfeXFMT0NyRTJ0UUN4bXJfX0NKdTI4NW1xY1lLeTM4ZWxNRDV4R0tXY0V2UW4tTl9HU0x2ZXAxUW5WVmo3MlBQSHlUVEN2eUoyUmpOdk10SmdVMEhJVDNfYm9PMEkzRnhFYUZmcnJZR2ZTa2FGU001OEFZZHNnRHZ3TTNvb3RPSUNZQnRxcDFoeVRRcEpxa2NDekJEak12QmpVZzBjendtd29MZDczVUVhY2dvcWNNdHZXS2JLdGxKeDFWRnpQZjczaGdVMHdaOWQzSXFFWkgxQUstVWQ0WjlkV05B?oc=5
🔬 Science,2025-11-14 08:16:03,Art meets science: Secret marks from ancient Roman Empire discovered - India Today,Art meets science: Secret marks from ancient Roman Empire discovered  India Today,https://news.google.com/rss/articles/CBMixAFBVV95cUxOSXp5ci1IUVAyQW13YkI3QU00ZkVxS05ZU2RxeXpoSlZaUnhmUDNEa1pjRTg5dGk5UDlLMWs0dUpWajZwdlkwY0VoZ244dnVuM1FHNHFndnN1MnVhci1jaHcxTnVxcHo5eTVBVFZ0YVN5YW9RYXZYWDRnZlR4ZUVSVlVTN3U2U3lYeGlsSXhfaGptRkR6UUJlWTJxak4tMEV2YzBXTFlvV29SRkVIM011WjUwemY3dmhFMUlVZVBKMlJpWi1K0gHKAUFVX3lxTE9nRU00QnNpNlJMbTRPN01jREYzLVdpYVZ4Q3VnUWtsOXFhUk4tM25mMHg4SkRjN2doejB0VF9iYjNpR0pwUVdGaWJBZjdrdDdZZENyck1wbUV2LUlrM09pSU9Dd3FSdk9BOUxjaDJvalhNUTNId1hQYU92aWpYeUhZNDUzanM1QlBsOVNTZjltVm0xQ29nbG00bDU0NTNSc1pKMDFHbFhkYkVYZ0MzQzVMdVFsNEpZcnllNk5pNVdZeWtZQ2JBSVBCNmc?oc=5
🎬 Entertainment,2025-11-14 08:07:00,Abundantia Entertainment announces AI-driven film Jai Santoshi Mata: Sukh Sampatti Daata - Adgully.com,Abundantia Entertainment announces AI-driven film Jai Santoshi Mata: Sukh Sampatti Daata  Adgully.com,https://news.google.com/rss/articles/CBMivgFBVV95cUxQTFk1a3NmTXgybHBsYmtqSVRKcWxxMFlpUm5pR3RlcTlYQ1lPQXZPTVRwcjdHS1NJSC1tRGhhM3hPT1hzWThfbjBVQmpnYnpfUTBEcnFYcV8za0c3VG0wa3FTUWlmRTJjTDJ2NFhEbHI3QnVkWWVpdDM5a3hRckU5NlhpV3hTMkUzTm5pbmdyS2JacnZKdXNEb1phVl9wOTNrb05RUXcxbUI3OVp0dVNxVWNrU3JLalRJZUpqdml3?oc=5
💊 Health,2025-11-14 07:40:54,AIIB and Gavi Launch Report Recognizing Health and Immunization Investments as Key to Building Climate-Resilient Communities - Asian Infrastructure Investment Bank (AIIB),AIIB and Gavi Launch Report Recognizing Health and Immunization Investments as Key to Building Climate-Resilient Communities  Asian Infrastructure Investment Bank (AIIB),https://news.google.com/rss/articles/CBMi9wFBVV95cUxNQy1UVmVvQ2I4aTU2Nll2Yzk2ekNEZU5MN3c1ZWNCRWpqckZsSWJZc1VSRUJJV2J6aW5qWlo3T3BxTFBRekdSRTZZdTJmVGxqeTFFTmtGUmJzc1oybDFXM3JNVnhkQzV1WFktM2FoUjJ4UVRQUW8wazc3bGZNd0s3eEU4aEpldGJ6VE9KVy1ubmxCRUJCRjNxbWUyQW4xNTl3TDNjUjVoMkZvX0NnVUwzTy00NkRidVhBZVIzVUZpVzZzZ0o4amRuQ3JIN0JCQWRJZnlrV09KbzJZRzJCQm1fSUlTNW9IWnBvSFdrVnVfNl94Tk8yZ1lN?oc=5
🖥️ Technology,2025-11-14 07:38:44,Two-Day Military Heritage Festival opens with focus on Technology and Tradition - Newsonair,Two-Day Military Heritage Festival opens with focus on Technology and Tradition  Newsonair,https://news.google.com/rss/articles/CBMirgFBVV95cUxPajB5b0lZZnNTbjhGX1U2NEFoOVpjMVJPY0dKeVJObG02d1hpNTFMTjN2NkRmcC1aNDFMVU9RNTBpOFNJSDdUTU1IN3dzbFBLaHFHaHR1dVBaemtMNFlkcFB5V1ZxSGhHT2pwb0JMZkZzUXRvZkotbVdxaHBnc09hUWliQXk1XzdyYlM3OW1ILXN4czhXTGs5SDZucTM4c1B2XzZoRXltUnB6QkV1VUE?oc=5
🎬 Entertainment,2025-11-14 07:35:42,Bluegod Entertainment Ltd Faces Selling Pressure with 1.85% Decline Amidst Five-Day Loss Streak - Markets Mojo,Bluegod Entertainment Ltd Faces Selling Pressure with 1.85% Decline Amidst Five-Day Loss Streak  Markets Mojo,https://news.google.com/rss/articles/CBMi5gFBVV95cUxOTFNrRURQUHZVYlNia2s2QTc5SjcxNF9aREpfckQxMDk0TUZtWE0waWhkYkthZG9MQzRKQUhvVml0djRUeUF2dmVPRG5YZjBsUVhFTGVCbHctSmF1b2ZjZXpGWkFLdFRKYVFiY2hTbnVPZGdJeHVsc3EtdXk2WUtNazA3ZEM4Vi16RlV3azVta01iaXFlQ3VfVXNDRWpVRndKeVYwSTZqTTdUR2FBY29IR2NEM3ppbDRNYVZubjJMbkZ2WFhFUWUtNVVGeHFrWlJJeFBMVlZwbjdsU25xRG56akdKWWVkZw?oc=5
🎬 Entertainment,2025-11-14 07:00:38,"Marketing Campaigns for ‘Wicked,’ ‘Severance,’ ‘Sinners’ Among 2025 Clio Entertainment Winners - The Hollywood Reporter","Marketing Campaigns for ‘Wicked,’ ‘Severance,’ ‘Sinners’ Among 2025 Clio Entertainment Winners  The Hollywood Reporter",https://news.google.com/rss/articles/CBMivAFBVV95cUxNZjcxSUtJTWxvMjhKWXJxVldnaWx6aVlURkpCbnR2WmJSTnpXLXNVdmF0TnhZclJtbHUyTy03X2NDQWZVb0NpalhxZzFoTGtLNGhEc3ZaeXBXT3R1anFqWGIzSUdLaGRfM2tqenFrOUZabzdKUmk2VFlvT19jMFdkRWQ5TzYwT20zdV9zZFJnN0FQSUZhT3J2RGRiWGRHRTNlWjBMUmVfSFlVLTdlV290SGxkNlJTVmtnOGdBbA?oc=5
🖥️ Technology,2025-11-14 07:00:14,Pushing Hydrogen Engine Technology to New Heights in the Super Taikyu Series Final Race - トヨタ自動車株式会社 公式企業サイト,Pushing Hydrogen Engine Technology to New Heights in the Super Taikyu Series Final Race  トヨタ自動車株式会社 公式企業サイト,https://news.google.com/rss/articles/CBMiaEFVX3lxTE1QNm5qQWcxQzluNzhZNmVMUlVUal9DbV9HMmVLTXdEWXg4MlR1RUctQmZhcUhYY1V4dkVXVWJ4T1VXZTZnMmhrU3dmYTRxWDl6dkFYbk5iQ0pLODBwaVZuY0JVVHBZcUFv?oc=5
🔬 Science,2025-11-14 07:00:00,"Science history: Chemists discover buckyballs — the most perfect molecules in existence — Nov. 14, 1985 - Live Science","Science history: Chemists discover buckyballs — the most perfect molecules in existence — Nov. 14, 1985  Live Science",https://news.google.com/rss/articles/CBMizwFBVV95cUxNQjFBMDNnZ0gtWnA1dXl1WHZwQjhuMmJMQ1Z6MnNvNDlzQXFVY0N0eGZhT0l5N3VRc2ZmR0F5LTZkR25HbC14SVpicWVkZFpITnhOcFA4QlBpbnZJVjgyT2YxMUVPYTJ4VURtSUxPVE1aWVlYZ3VuYl9Xd0hEa1dUMWhseWd5aFNxTUpOWmhLR1B2cVM3UzNsYXZ1MHVJdUotVlB6LXNzcmRHZkw3a3E3T1RpYWR2ZHppNUc3Mm00Wm5KV0xhZjVHUm5WOW9xWjg?oc=5
🎬 Entertainment,2025-11-14 06:56:15,"15 Shows and Movies to Watch This Weekend, Recommended by Our VP of Entertainment - PureWow","15 Shows and Movies to Watch This Weekend, Recommended by Our VP of Entertainment  PureWow",https://news.google.com/rss/articles/CBMickFVX3lxTE1hUVpEak01U2MwMW9OT1NwRTkwbWxsTmliUFkxWXNmdFJsVmxSN1NGdVJZZ3EydkZGVW9qUUdseGp6eXRjODRINFI3eG92VlJQbTlQN19lRDBRSTNtMjBkUG12SkJ3MmhyM1B0NTkzTmg2UQ?oc=5
🔬 Science,2025-11-14 05:02:02,"November 14, 2025 - Science Friday","November 14, 2025  Science Friday",https://news.google.com/rss/articles/CBMiZ0FVX3lxTE04WThQTWdSMXdfSFhzcmFiVzFtdE9JbU9FbUctYThYZUxFcVVRdjFvX3RZOUdKVUt2NmFlcEx1ZXFSbmp4YXoxUU1QRVJSUDhQWlhOUjdNd25FbkdiSWJwREJ0OFRYUXM?oc=5
🏅 Sports,2025-11-14 05:00:00,"Connections: Sports Edition hints for Nov. 14, 2025, puzzle No. 417 - The New York Times","Connections: Sports Edition hints for Nov. 14, 2025, puzzle No. 417  The New York Times",https://news.google.com/rss/articles/CBMiowFBVV95cUxNMUtJbEVodUhxMUlmckxmd1NmUURDaHRSVUhYRFNacXdvVDBVUGoxQXd2cWNOMXpKRUtFeEJ3OVd2WVFSdXNTNnFXZHRUVDc0Y3lvUDhLU29YSE5kTGpxa2NnOTMwNDlLbExqazRjb1ZpSWtjS2U5NFVrNnZvRHlMeG5FMFB6ODg3SVdNT0dEbHphR3VwN0cxSGl5M3A0RElHVW1z?oc=5
🔬 Science,2025-11-14 04:58:19,Scientists find a molecule that mimics exercise and slows aging - ScienceDaily,Scientists find a molecule that mimics exercise and slows aging  ScienceDaily,https://news.google.com/rss/articles/CBMib0FVX3lxTE1FRzZLU2pLWktYUl9xV1Rfd240ckpuN3hQLWNxQXhoUlpnLVAtRVRCbXZ0RFdXNHkxWl90U2xQRlRxdUxsNG5pdlRBaVpBbW8wN21hWExjNmR1RzBTZWhpRmtzcXk0NEs3RlViaENERQ?oc=5
🖥️ Technology,2025-11-14 04:43:24,"Capillary Technologies IPO day 1: GMP, subscription status, review, other key details. Should you apply? - livemint.com","Capillary Technologies IPO day 1: GMP, subscription status, review, other key details. Should you apply?  livemint.com",https://news.google.com/rss/articles/CBMi6gFBVV95cUxPcjZ5UExiZ1hjM3MwbjlxdlpLR3NWMUhiLXNYSDJOZ01SQ0QxYXBNM1BVZHBCMzJheVdJQkhwR05JSzFnMXFUMW1wY2xRZGE3MmdKYlJsSXN3anFUbmFkODdNUkdWQXIxaVNNcy1sUC1yVG5PNnBFTUpCaDNjbmdhSG9IVUhQd08zc1RtTi1lZG96cnZMTnpHbVRDSmx1NWJXYUt2REtxZDZFc2pSR1lMWGtUVTZROWdVb0xWTXRjZE1zQzNkWG55TTdnSm4yVEdSeVliY181LTJqd1NtRzQ3MHZWZVBNMF9vZ1HSAe8BQVVfeXFMTkFQb2phaVR1S2RtTUx5eXB1alhUQ0lBemw5LUVmR2VEdUJVbnhlZERtcEstUzVlbGdnMmduX3lIaVpJRk05aENPRHlwaWF4a0tocWx5WC1FSFJULWZfSFN4QTJPSTB2V19ldy11MGY4YWdUNmZIQWpPTVRQN2YwUFNRbU1FUG5BeHlWQlZZTVBFR3dUVGN2QWM3dUhXN01OQlRGcE1XQkRQZVRoRzg5QmVWWXI5S3J3X0VqdVZ2djlWbkg2TWdfR1lReW5kb3RCeGNjMjhZbmFWOHBDNEN5Q2VIQlhrX2x3a1pIREZtalU?oc=5
🎬 Entertainment,2025-11-14 04:15:00,Alibaba Group’s Damai Entertainment Launches MAISEAT to Provide a New Option for Global Events Ticket Purchasing and Cross-Border Attendance - Laotian Times,Alibaba Group’s Damai Entertainment Launches MAISEAT to Provide a New Option for Global Events Ticket Purchasing and Cross-Border Attendance  Laotian Times,https://news.google.com/rss/articles/CBMihwJBVV95cUxNWFRqVi1YdUltSWl5d1MzZ3dDZGRpeW91clBsdkxRcTZnMzhFQjI1MGpuUC1lMEREUElZMWptNFJ5LTFmYmFGSFd1QzZSZWc2eTZrdWlCUGxHZGdyUzB3NFNOYy1uV1gwSDRFOTB3YWw1ZTBXMnBlalBXTkRNRUZVTzZpeXZZdXRrSlNPTVl0ck90VEdoX2dJak5pRUhoUmgtbTlNenBoSjVldTVfYmREZjlHalVMVWlSSmlKcHZFdUNseTZOTDRUVGFiQ0VpU2Q4QVdFVnZHSzhaTklZMDYwTFZLZGFla251SDZtcTFPbHJXbUpmMkxfT2ZCdm9IM2tGZGJILVZtMA?oc=5
🖥️ Technology,2025-11-14 04:09:27,Deepwatch makes up to 80 layoffs amid technology overhaul - People Matters - HR News,Deepwatch makes up to 80 layoffs amid technology overhaul  People Matters - HR News,https://news.google.com/rss/articles/CBMirwFBVV95cUxOTW9fb0FHMkQySW53RmhRczBUdWNDODJQV1BXaVFCa0pTZXVqejlSTW1DREd6OHJpRlpGSi03VnVNNHFHd040dlpDUjFGZGl5dWJmeDk2TUtOcXQ0a1VLWUJxdHA2WmRNVWJhOWtSWEhYWlBuVWJDOFFXYnNLRVdmZHk1WEgzaFVMYjNRamZaQ0s4SU5vMEIzM1MzM0RwbGN5OXc3SGtTQkVoQkxIYkhJ?oc=5
🎬 Entertainment,2025-11-14 04:06:57,"Remembering Tatsuya Nakadai, Japan’s Man of a Thousand Faces | Entertainment News - Hindustan Times","Remembering Tatsuya Nakadai, Japan’s Man of a Thousand Faces | Entertainment News  Hindustan Times",https://news.google.com/rss/articles/CBMiwwFBVV95cUxOTk4zRmoxckpFeVZYbklCYXFBS0RWQjVCNEFWRDU0VzVsR0pKSW0yZWlDQVhKOE1ZbDJJMHl1a3Q3QzBpUjFOeXV5RC1vUkVIaVJpUVVzVkdHYmtmSjB5cWdLUkg0MDl3cWJ2c2VOd0lqaFU2MksxRW5PRTdOYVlCYi1xRTc5QTZ2LUd6NGE4b3hyQzVKRjR6ekpkSXNKRFQyUTFibm5GRUFydFNKTVp1Q1BQWUF5Y2xDeXB3ejhPam1Sb2vSAcgBQVVfeXFMT0lpeTMtbmpPWjRINUJ5bnd4NTZZQUdaRkxTMWE5M1BtN1h3RTRhbG9UQVpYeWU3bDlWak5lLXhvVVdFa0ZrX0RIZDUtUzBkeXhBdFN6aV8xbG83TkZQMFU3QmRTRmFEMlE4LUM2a3BHaXRSNS1GYmozNkRwM0o2ejU0ZmpFY0gtUFdnbWNPVXFPWTVlSHRFbDJTY0dIa2tYdWVWYUdDd180WWxSQms0dTl3cUxUQkZJUVo2dEdMV1YtR1VUWTFTV2U?oc=5
🏅 Sports,2025-11-14 03:58:21,Star–Zee arbitration: Will the case rewrite rules of sports rights market? - Exchange4Media,Star–Zee arbitration: Will the case rewrite rules of sports rights market?  Exchange4Media,https://news.google.com/rss/articles/CBMixwFBVV95cUxOc3JjSlpYSml6NFV1QmRiTXlGWVJTVl9UNENLcXpEYjl0WFhSMW1LbG5NNXQxV3AzUXFnVVI4czdZTWI1Mm9KNzdETkdaNnNRZEhjNERMN3VTMlpvcVNCVUxXUUJQWjRmSFgxZWdCSWxpU1hVdXZQMURYSW9RX3k2RkVTSlpLYV9KUU5pUllnblZrQkVfWEp3RVZCY3VuNTBySjZGMm1oUDNiUjY0d1U0VTFuX3RhN3oyVWRkN3BxRXBsT1hBZDNJ?oc=5
🎬 Entertainment,2025-11-14 03:57:23,India’s children deserve intentional and enriching cinema - financialexpress.com,India’s children deserve intentional and enriching cinema  financialexpress.com,https://news.google.com/rss/articles/CBMiuAFBVV95cUxPTi11S1RLd2xDeUpNenI4SC05MFR3cWZhcW1MSEhNOFp1d09aTjJvNjJTOFptSDZYaUszYVJsdEx3Z0VJU3hkWUpHckRESVVHMlRkczNxYkdqdFZoQmxHLWtraVU1Y2RoXzlfSUpKVnJNMmxqbVNxOWxDbVdFMEZMOFpnYjh5cWMzNV92bnF3YUtQUWFKTHhndW14ZXBwcktGZWRTQ0tlTUNtcnRHN0tPVmxQeXdFZ0V20gG_AUFVX3lxTFBUMWYxZW54REJGWFNobVBFeHJUVVRSWEV5SmYzeTZ4RG82N1R5d1JsaWw2WGU4clluV1dUNm00aXN2SUNBeG05Q0xSRkRMUmIzUXFUcHdNc1Ffd2Q5anVnMGtuMUN2X08wWDQxNGZjd2p2UzNQYjdHckNtSkVEWXUyMmo5NGhkcmFnbjVhRWdkMHU0d3dMeWpMeXhTUnlaMjZTaDQyTXJKYmVtVG05VzRwaHBCWEV0a21QTjUtUnpB?oc=5
🖥️ Technology,2025-11-14 03:13:54,"Karnataka cabinet nod for IT, space technology policies - The New Indian Express","Karnataka cabinet nod for IT, space technology policies  The New Indian Express",https://news.google.com/rss/articles/CBMitwFBVV95cUxQQmlGWGZuQzF1Zy1WMnBtZ1BqejUwLVNGTW84dWwxeU9WdVU3VzFKaG90QTJfbGNQRkl4dndKNkZNeFppZndVZ3pxYWdTd1ptcEczMXJKTXhVdm5GempXUlZSaEhPWF9TbjhkbEZULVpWWlk1T1YwckhVbFJaQXUwS3VOVkstbkhxQzZKOHVmZGNvNFd4QmQzN3VMbzhZYWdUWlpfX3V4VlVOVG53MHNJS3ZBUWNNVzDSAcQBQVVfeXFMUFJpMW84dGdhaUdJRWpJZnp0NkNzZVk2VXZRUWVPMVgxMkpudVRTaHo5WUdzYnBmU1B2SndnX2NoQzcyVjJZS2dLYlV2NHZBdzNFd0NKeFFqQnhCZmZTdF9lUFpTMnJ5T0xKbUE5SW9Jdkhha21XMVVpZ2hKVmc3aF8xaXBJbzhLZ2tWME93LWVCNW5vR24zNEF6T0MweVhWVkJYQ0VIdlR4c0FWSkZfSW1nMWlneF9xY3BlOVFjaVVzUEV6Uw?oc=5
💊 Health,2025-11-14 03:00:00,Can Tamil Nadu’s reforms change transgender healthcare? | Explained - The Hindu,Can Tamil Nadu’s reforms change transgender healthcare? | Explained  The Hindu,https://news.google.com/rss/articles/CBMiwgFBVV95cUxNcUQwSkR4TDV3Y1JpSGxCTnRESW1BTzlKNndNNlUwM2FoWHlWT29qc05ZWDE0Qk0wUFdLdkcyQjI2SWxGRHhET25yc1FGZVNKdllNSHRyT3NtVUZOX2tyUE9raXJSMGJPQ1ZVbnFrcTA5UDFUbGl0RDJWUzVTWFBQVS0tdUpwX1ZVa1NVQ3VRemRiYnZNbW8xbHRjSW10RVlzRjFUVUc1V0VYSTY5dk5Vd2JRRC00WUJEYmhsamVCZ0tGUdIByAFBVV95cUxOR1ptdnBJSWhfeU9lLVMzY1NmOG1qWEFtMXp2ODFfc3l0TFp6Z0pRNnFnWWpHa1NBMkRZcmlyejM0Y0JQNEFiR2VXZ0VlTGRlY1c2cF9pRVZmSFZKak1hdzdzWHhTQnJLVmlCU2kyLUo1SkVPYlJHMk9sejRIQ1ZNSmRHRVVwdU42b3VvdmJoTUJMZHc0aUYxOERiaUsydDl0c0g0UXlaQVFUekZWZG16aHItenF1a21lbHJJbzR3MXJwY2J2N3JJZg?oc=5
🎬 Entertainment,2025-11-14 02:17:00,52 Weeks Entertainment reports standalone net loss of Rs 0.01 crore in the September 2025 quarter - Business Standard,52 Weeks Entertainment reports standalone net loss of Rs 0.01 crore in the September 2025 quarter  Business Standard,https://news.google.com/rss/articles/CBMiiwJBVV95cUxPcS04MVRKNWt2WlphZ3laQzVCUVF1ZUFqOWdUWlpfcHVtb05mNE9KNC1VMF93cHhvMW9YMDN0OXZfYVc0Mm52QVVxcDRqRWhTVExkMFVxd24wdWRCa2ZKYm1Ccm9XODZ6cGs2aGljRm9MaGxieWUzZmxZam1YckhlTGZJeXBrbDR2RzgyXzNONHo4bTVYeE05b2Z0NWhrRDBNcFpOY0dPLW4tQ1A4Vm1UTm1GUkIwNmt5cnR5WVk1S1JDclRnelloeUJtdm96VU8zSnJTMGVXQ3gwREV1WGJrdkxVLTJ6WmY0RWVMdHoycDJtQU1sVURMZTBSQlF0X29DNEJGb3hfZVBLOFHSAZACQVVfeXFMTnV2NE05Q2tVcDhvNUhjdl9URndwRV9xcDdwb2czc0QtckloaTVmSHBqcUFONHlHT0Q2VmUzWktxcGV3c3RwVTJtbkZTSnFPM200aWpyWlVSdllrbm82RWxHUHh1T2VtU3BRdlpnT0d6dVMwUDZmZjNhb3hnNERVQURkR3NHRmZZamVySWhrbUR2OG43dFJGaEU3bHpiWDN1XzAyczNSMGVrSkhDUmlNTkQ3VzhpSl81aU10ZGhzTEp4WU42M0hVNVExaGgxb0ltR01oQzVIVFVaTmVEX3lDQ0RqSTVlLVZvbmJSXy03dHpwZHdmS2c5OE5uU05yb05RbWtIYU8zV284SnZlYjJTVmI?oc=5
🔬 Science,2025-11-14 01:00:00,Review of Gauhar Raza’s From Myths to Science - The Hindu,Review of Gauhar Raza’s From Myths to Science  The Hindu,https://news.google.com/rss/articles/CBMipAFBVV95cUxPZTZjSU5LU0pfdy1nd2FCYlNnMlhCNFpQRDNqLTVCNEJXLTlWWEpoUGNTWjNpTE1uV0NoNE44d01sRS0wTTNKTEdQS2N5YjZjOUl6cEJ4d2M4TkVWZzM1YlFJQTA3X2x6WDRMd2c0Ukw1TnlyQ0NSZC1GZWVpS19BSVdWMzhXZXJucllmUEVYQ1BPQmpwYXo1T25uWUlVMy13THIzYdIBqwFBVV95cUxNTm9IcjhCdlowaEhCRmVtOS1xT0s1OElWejdkRC1hZUFJRF9ZcVlQR1otWm42V0U1MWNtMmJYS1FUSDBzNTQtd0Z0MW5XZkFSbnJySDh5NVpZME81WlB3b3Y2Mld1M2hsYU9tUHZRRTB1M0V4bFZueEdmSmFhVF9XWDJ3M2J5Zy1xRV91S3VBUW96UVhibnZqaHpuSVFVc0p5SlFMSWFPckJnS3c?oc=5
🎬 Entertainment,2025-11-14 00:44:26,The future of entertainment is here: see what’s next on YouTube - blog.youtube,The future of entertainment is here: see what’s next on YouTube  blog.youtube,https://news.google.com/rss/articles/CBMifkFVX3lxTFAyY1hiNWFuanV2SXNNTWRnb01SMmtQcmRBSjZXRG96cEY5TkVNSER3NjJaNGtCak1WSmtqSnZYNDJuaG1TbWpFN1Awa05paW1YMmdlMkdvN0hyZE42dmk0VmFIa0JUU0h3ZUtPY0diZEoxNkN3bkI2VWxINVdUUQ?oc=5
🏅 Sports,2025-11-14 00:30:00,"School assembly news headlines, November 14: Top India, world, sports, business news - India Today","School assembly news headlines, November 14: Top India, world, sports, business news  India Today",https://news.google.com/rss/articles/CBMi5gFBVV95cUxOUlAwaUtQS2NNb2NqNG5fVTNwYnc3Z2pHTUtHTDN1a0xtLWpjVnd0c3dJb0Q2cWNmRU5FQ0RaRXcydkpvU0U1MDZMNmMtZ0pyUGxrcW80VjJQeV83aHVGSzNGVW0yZkhUemktX2dPaVltNEFvSHBHV256QmJHYXN6VUI2UjcyN0pYM1RuNzJQejhWamw1dmNFdGczaGM2NkVTd1I1TGlYdjZkcm1DOUl2QlJkOFJIbi13MGNwVHBEdjJENElKNlpkekdKUXBKajRjWU8xZUZpYUQweWpTR0oxM2tEMWpJZ9IB6wFBVV95cUxPTy0za1dMZm5VaXo2SjJHeFdzdGxBZVJTeTZ2QmFZNkw2Mzk5bTNrV2JZM0g5QUJBNm1rZjRCcWE5V0EzRTNCN2Zvb0FFOVJ1SlBQTDVVaUtqbks2ZVFUUjF2ZHU1N3c2R3BjUGpxcjVMSG54bEtVVE1yX0Jpc0ZPZ2pIYnhYZmYtTU1nMXhKcjlob3BtVWJ4b2J6bXR2WEpfX1laZDZ5cDV5QnQyWjNpeUVfbDM4aE1xaTkxYWt2UHlsZm5fd0J3dGxWMnNiLTJHQnZac3JVajJvQ1V2TUhESTNxaVpLWVJvRUxj?oc=5
🖥️ Technology,2025-11-14 00:04:59,ICE eyes new AI translation technology - NBC News,ICE eyes new AI translation technology  NBC News,https://news.google.com/rss/articles/CBMikgFBVV95cUxOdnZJamR0SFl3ZFN0cFpvcEFoT3JJdHl3SEJXUmw3Yk4ydHdPT3g3c1RBaGJrWWdESkxEbi0wMXZDSG8yYXo4QWVublZJNHlvN21CLVBOanY0Ul95TFZ3Y3lvVktGRmZfS0wxVnQwcms2OUlMNTBCTzlLZjFCc01NZ2J2QjhQRVlpbU55dTUyTmxLUdIBZkFVX3lxTE5WMXNoRTNzaTBpbzcxRVdmX1dFNndFMzkyVGNobmItcnd4RFdUSF9nYUg4RWdVc3V3YnI2RzV4eGJWRmJUQzZjRDlXOTlGaWFzbmhDbzE4Ni1FRk5jUlNmSExlTVppQQ?oc=5
🏅 Sports,2025-11-13 23:27:00,"Deadline over in ’22, ATS gets notice for Sports City delay - The Times of India","Deadline over in ’22, ATS gets notice for Sports City delay  The Times of India",https://news.google.com/rss/articles/CBMiygFBVV95cUxQSjZKT2U4eV91V0FURVU1ZFZ5ci0yRlpQLXNWdDBRdVJabjI1ZlRWY0RINC1Rb2Nvb3hhdGlScUxoMkxsejZ5dXJ0YzViTWNwd1c2X2tjb2tFVEJsMVh3ZWt2TnpzTnl6MWNqaW9pRGhsTDBXUXI2M1VKYTR1OWljZHdjcElBSjRrc3d6a2pUdTFiUTVqV0Q3ZVp3akpRSlczRUxrZVVWZ0hqQzlVUEpaN0w0eW9md1Yzb1FNTWw4ZF9CVVFnM0FzbXBR0gHPAUFVX3lxTE5fdUtGM1FDc3JQSGFRRzVNTnFTb2NLOVd1X2dHR2NoNEtyNUFmSnlpVlRGZGZ3QU1aTFUyeXVmZy1Ga090TXhVSVozUXdjTXltYm9jUlEwZ3dWcDc1ODIyU2xvSWczdzZpQnd3Vm5kaXlWbWxuN3VsSFlFNWJ1ck43YklicHVaUG80NnpabDVLVUxwaUNLNWFBUmdoOElfNVQ3WmtTYm9nYXd3YzNXUTVXdWxoc0I3dGh0RmJSQzEtelJrVWlzN1Q0S1NqYUxMaw?oc=5
🖥️ Technology,2025-11-13 23:10:33,Army Chief General Upendra Dwivedi Calls for Technology Democratisation and Citizen Engagement in Modern Warfare - Newsonair,Army Chief General Upendra Dwivedi Calls for Technology Democratisation and Citizen Engagement in Modern Warfare  Newsonair,https://news.google.com/rss/articles/CBMi2gFBVV95cUxOd2RPTzVpUEd5TFE5ZkRLT09CQnQ4NXhFZE45MzY1OWw1U0ViTjFMN0FONTF3YnIxWjRhZmlWODgyNFJBMFBjZ3lYREppUVplOUxFOGtTLUIxbHJYUGZjdkV0TFBHZmVsbXFxV3J2THFGZHBGajZ6SU1rMzJsUlBTWWNlUG5Kd19DX2JqWmo2cVI2TDB5UktsdWtvaDBpVDFIMXVHZ09iX3ZJcTh1UmNoNnZCR2dfQUpMY09lVWROZThPdkwxRmFCWGprYVR4RnhZM2QtVGZ3NnFZZw?oc=5
🎬 Entertainment,2025-11-13 23:05:44,Zee Entertainment Achieves Top 5% Global ESG Ranking in Media Sector - scanx.trade,Zee Entertainment Achieves Top 5% Global ESG Ranking in Media Sector  scanx.trade,https://news.google.com/rss/articles/CBMivgFBVV95cUxPREVPMHFnRXdLVmJIaHZaYzJCVWlwbXlYenN6LVZOZllJck1OczBwbF9HVFF6OUdXYTZsTlZhODJ5eFlBME1Zbk1keUdTdndMTEY2bEgwdVBOa3lMVkVweE5LbWNWTk53MkpuRlJGX096N0p4UURLV0o0MmhZeHYtZVp0VXZvMDloUEM5R2NaT3AxWnR5Y1dhT0p3VGJHTVZHRGhybmlXcHhpT3RJak9xMXhtNmlZZXdQakJCRk1n?oc=5
🎬 Entertainment,2025-11-13 22:50:00,Dream concert organizer files complaint against nCH Entertainment over interference - The Korea Times,Dream concert organizer files complaint against nCH Entertainment over interference  The Korea Times,https://news.google.com/rss/articles/CBMi2AFBVV95cUxOTHZKT2JxTUxxZ3BpUms3QU5qVmFGVDNCeDlRN3A0QVlLSEw5ZWJUcXllYTBScDV1WEl6S010WHJjUVZvekVyVFBtRTdGVm9nSG9FNGNVVlhhVXNxMmdib253MXEyR2dnTmlyaU9OTWFOb0tiNThiWHF1Z2Mza0ZnVDJiVHJMWkVDWUJQb0l0N0FoTDhVOHV3LTJpTWRIVWNGZXJoU2kxLWRoYUZhWjZIZ29XTjFGR3JmSTdDOGZXb2xhd2NEa1k4YnQyV2s0cDdwTlZBWm1qb2LSAd4BQVVfeXFMUGdqa0pmbWdGdW53NmdOWmVnYklLT0JXV1lqVnRyN1liRlJOMDRzQzVaOFFfUXNBNnVrRXpldlpZaGI1MnEtdUJLVWQ0OWdIN1FZWHRxYXFUaXhqWWlEU19VeF9vVHVEZWNOaHF3SXQtMUxHc0VFd1RlNlhXcEg3UWliX3ZDZXZ5WXVLb0xRU3liNlcwRVNUX1k3cEhrcVdjQl83Y0l1bjFWQzFNa0RfRWlVdlB4Z2V0eGpPVTlFaEVrcGhaZFRaLXpGMGZuclMzd3ZKWHhDTjFDdlpBSXFB?oc=5
🔬 Science,2025-11-13 22:06:00,PAU’s vegetable science dept wins nine awards at ‘horticulture Congress’ - The Times of India,PAU’s vegetable science dept wins nine awards at ‘horticulture Congress’  The Times of India,https://news.google.com/rss/articles/CBMi3gFBVV95cUxQeEd4Z3ROYlRkRjM0dXF6QThpM2VPckY2VTJGUTRGeW0zbWpKRjRtd3lzaDdzQy1lM2FQTUk5LXo4VFIyQmlma2VJWXc2NV9kcEtuQkVUTFlsM000Wk1pUU1oOXo3ckFGTklhdmtLUGhvZkhWQlloRWhUbUdmM3NxczNYaUlpbTBpOFlXUkVuZkVYQm5qNmtabzd0elB3UXFnXzVTR1hUS1c0Ykw3Umo0LXNrNVQwb0dfcDBtYWJJQ3ZPQVJfQ2piLWRIeG9SVEMxRXk5RnNZaUxpLWJpeFHSAeMBQVVfeXFMTUJ1bTU0VXAzZDJPUVJtM2c3TUVYMjRZVS1vcFhvdUF4THlXRHJfUy1MUGluWXNxNXM4T3lWNGo0N0xVa0J3eDVLVEd2bjVWajBBWHFlV3Z5Q08zVXRWTGN3M0I3emhubXhqcFd3dVZYRGE0VkhIYUFTQS1MT21HZ1AxdkNwSVA4YU43TUUtTS1JeUg3Yy0yRGMyNE1LX3M5TEFmMnVfai00MFNrdVhtMXVxU21IaVJSYkprNzhob1pEaXRIOFhKaGxXNEtXSXp1cXdVbW5MMlk0SVIzeG80WDkyeVE?oc=5
🎬 Entertainment,2025-11-13 21:27:16,We Think Coast Entertainment Holdings (ASX:CEH) Can Afford To Drive Business Growth - Yahoo Finance,We Think Coast Entertainment Holdings (ASX:CEH) Can Afford To Drive Business Growth  Yahoo Finance,https://news.google.com/rss/articles/CBMijAFBVV95cUxOWVk0ek9yX2F1cmV1SzI5SWR3ejk3TjNJNlFWM2taYmFiOVZ0c0dxT2owVTB1UUNETHdTNGlyUFhaSTB6UUtUYkJfLW9IdTAzUTFRVEYzQmVVbkhFUVNHOXcyMnVHWC0yWnlfU1NpLTVhdi1SRG5zRlRTMGdQbHdIOXhGbE1Jd25WeVNhSA?oc=5
🖥️ Technology,2025-11-13 20:54:00,Amaravati emerges as quantum technology hub with ambitious roadmap and global partnerships - The Times of India,Amaravati emerges as quantum technology hub with ambitious roadmap and global partnerships  The Times of India,https://news.google.com/rss/articles/CBMi_AFBVV95cUxQSEhaZXZWaWtLLWR3UkEtM3RJZTRhRGVVMmhzZHMzbEhKRThXaHQwSDZlWDVzSEFaX19iYjFTSUw3aUVjSVczM1ViLS1hOE5OR0JZcGdEbnVvbE0xbWJqOUx6enJJRi10ZVNwWVNEOFBfUUdrOUlPZGUxaWlicnVpcDRBR1lfbjVvenRxelI1akliTHBCV2pXblpGWU1tWjZuUEdrZDdSaXVkOWJqYWllaHQ3OTN2Z3dWczRJUjFZLWtyR1lqZ29vN3drcGlGX2l6SHllZWlJMHpNeDZmWkNRR0J3SmxYcklsclg3NW9PdmJtY3p5RUh3WUdXamfSAYICQVVfeXFMTzdqUmxNSmp6a0RTN044ckxrcmREUDR4Z3RxUjk5bXFxQ3hySGJWRk50TEpIVFJBbkxGcFp4U0NmWDV0V2FiVVA1OUMzNHh3ZE9kWFJSUGhuYUZsclh5MDBVOXl0bk5USHJ1UnhPbWRGNW9CNG1YQ2VQMXpwYm5YenUxZmhMUWY3eE1aMWR3cjFoMkFqMzk5bkhoTVM2R2NFQlVySk45cGd3RnRCdHlpb2dLQ0l0M25uLTRZYnEzS18xRmdScU1jb0ROUk5nNU5vVC1sWWo1WmZvcV9BY21FOTh1TmxlSi1sWHBheGpoOFVXYjdITm1VTlVGTHNLRW9ZYTd3?oc=5
💊 Health,2025-11-13 20:50:39,USF Health Celebrates World Diabetes Day - University of South Florida,USF Health Celebrates World Diabetes Day  University of South Florida,https://news.google.com/rss/articles/CBMiigFBVV95cUxOWHduT3RmR29tcnNkdkszeDNCNTBUMGxGeXFsTTU5UXAtX0FZaFh1MEVzSlRLRmVOa09IOGRMT3JVdWZKcElJT3hSckxTakJzZHdwb3d2NTZybmdWTWNhMkNDdGQ2eDJVMm4zc255ZjFNUTNRSVJJeUVuRHZ2ZnRud2pkS0hsMEprYWc?oc=5
🎬 Entertainment,2025-11-13 20:23:54,Flutter Entertainment (FLUT) Faces Larger Losses—Is Profitability Being Sacrificed for Ambitious Growth Plans? - Yahoo Finance,Flutter Entertainment (FLUT) Faces Larger Losses—Is Profitability Being Sacrificed for Ambitious Growth Plans?  Yahoo Finance,https://news.google.com/rss/articles/CBMijgFBVV95cUxPbHRkS2VoeUJrakY0TjdfUVJ1akw0RHhGeWozRUZCM0lISTUzdmx0SUJXVnZnRjJocUwwSmVCS0N6alcxZzFuR3VWYXhwdmU0ZHlUbV9IRlRZbVkyZ2xiRDg5MXJaZERXeTRQYXlXeW1HdF9kQ1BQZnc0REhoODk4dzVvcHl3Q1c0ZWlKaHJR?oc=5
💊 Health,2025-11-13 20:10:35,Dr. Kyle Walsh selected to lead the National Institute of Environmental Health Sciences - National Institutes of Health (.gov),Dr. Kyle Walsh selected to lead the National Institute of Environmental Health Sciences  National Institutes of Health (.gov),https://news.google.com/rss/articles/CBMivwFBVV95cUxNZjZkODZLQlp5bWRSczlpc0VWd1pKazlieTFzVzlueVYwMFBSRnV6a1J2ZlczVmR1V0ZST2RlVUFQYXM2WFhtdnlMQW13ckN3VFlhVHFIMVdZYjE0S0JrZ3RPSk8tRWRxRVhOa05lMGdSeS1aRkZxWVNlUEt6dzVvUjNsd1hxeExQLWRUNnlYYzlsS2RtckxnR3pQaDdaT3pGVnY3RzFZVmJXRGZxVnlUY3Z0MkU1aXl6bEhzcTB3RQ?oc=5
💊 Health,2025-11-13 20:01:16,Why are expiring ACA subsidies raising health insurance premiums? - Brookings,Why are expiring ACA subsidies raising health insurance premiums?  Brookings,https://news.google.com/rss/articles/CBMiogFBVV95cUxObGxUNUkwYmJCZzJyWnM0WEhxYXMxOHBpaFp5WHFvVmJZUDlTeEFWMnktenFlRVpjdnlyWmVrY3d6U2xGaW1qQlhUT3BhNFoxQVBURFcxbGpDZXlPN0tNSnlwYmVLbG1OcTVVVFhDdWNZUXktN2RWRWVLSmpGQnZ6NjZXVFdKVEs4clN4U01XZl90XzA4ZXl5aE1RVV9pNlE1RFE?oc=5
🔬 Science,2025-11-13 19:30:02,Science + Spacecraft - NASA Science (.gov),Science + Spacecraft  NASA Science (.gov),https://news.google.com/rss/articles/CBMidEFVX3lxTE9BYlAyMnAzNnlFdy15MW5pWF9lVjhYVkNhamd1M1FvMEd1QjV1aUFpdE9sT1R5c0tsVTR4ZmZWNkx0UXdTeFRUSFBRV21KNEdRWS04VF9IWXBfQ2IweHNpUmxCX0N4cHYyZGNPN2M3WXZhVzdS?oc=5
🔬 Science,2025-11-13 19:12:00,"Young scientists, big dreams: Gujarat’s teens turn curiosity into glory - The Times of India","Young scientists, big dreams: Gujarat’s teens turn curiosity into glory  The Times of India",https://news.google.com/rss/articles/CBMi3gFBVV95cUxNaUJHbXgtM1MycVBUSExubU41eVRUU05oMTExSXhqaElKMzE0OHFxZG14SGZOdjN1ZWV1NG1TbXpWcTFjVUUtekNfdm91R21Bb1ZJNEl2NFg2OWhhNlhYOVFlVFdNc1JiTVM2VURGaVhKSlNmNTZCR0FqTG85b21iRzJoWjI1UndfbnhUWDJNRGdMdHgwWk5mU09qa2x2NGNPNFMyQXBvVk9wMmFYZ3ktMVJyY0ZqZHc3SXlSRHVmNkswSThneUdmQlA1Q2NaRGJiY21USFQ3ZHJGY2ZrOXfSAeMBQVVfeXFMTUZlUkFsNVhXeWZ6YU84TWRlN2pvYTNiRzFOcU9LQ1N0ZWZEcl9KR3RtdF80ZzBQU2J3T0kzSzNibXRmN2J5V0tsbmFXcEVZcjlCMkFnb2tES3RXNmdUdjloZFZodnVuUEhrRFZaeUpKRGozTTZiYURXTjU4di1rejBYcloxTWFac1VtZ3JFTzFWQ3dHbjJZcV9PTERtWE9IQTNLZ3d0cmFGZFM3cTlQYjdCQ2JGQzRtMEhTM0VmT2JsU0tHSEphUEZOaGxGS1FiX1E4azhIQl9ZVW5WVXhOM1pMNTQ?oc=5
🏅 Sports,2025-11-13 19:06:37,Kevin Hart and Kenan Thompson set to host ‘Good Sports’ on Prime Video - About Amazon,Kevin Hart and Kenan Thompson set to host ‘Good Sports’ on Prime Video  About Amazon,https://news.google.com/rss/articles/CBMinAFBVV95cUxPblFrMlFYZFZoaTFCM0xzRUxMcy1OeTlCRWI3c3pqUFZsa3gtQ0FfczlIbTBmUWYtdTAxUEVKZC1IR0F5Q0pwVkNDWUYtRHVqTnZySVEtSU5pc3NVR0ZRd05EdXRraHdCVE9CeURObEZGanBzbVVXVk9iTnhqQzNmTUY0VEFKTHpBaDFKYmFPRE9tSkZmdURCUTdWU3U?oc=5
🎬 Entertainment,2025-11-13 19:01:32,"Top Entertainment News Of The Day: Hospital Staff Who Leaked Dharmendra's Video ARRESTED, Jaat 2 Director Gets - Times Now","Top Entertainment News Of The Day: Hospital Staff Who Leaked Dharmendra's Video ARRESTED, Jaat 2 Director Gets  Times Now",https://news.google.com/rss/articles/CBMirwJBVV95cUxQbXpWUkxfTktUcjJkdzdCSGVPY05XSVctTUtBRl9yamhBdFc3Z2RBYU9YX1RlUy13SnctdU53eU8xZHE5bm5kYlRGNWRYYUcwajI4YmNlazRhUnhwVldhODl1M0k3SzlYYW1FS1VMLV83emRwOXlUYXoxdlhXY2RONDV4YUlzZm5BcGN3emNvdzJxblU0R29qZmRGV2FmLVppTW5GZ1J5aEVJZ2N2aDNTTmU2NGJ1X1gwbFE1dHlpRU5UTDZRQnV4bzNuU1B1YmVGR3Y3c2lNVEsyNjlMVmxrVHlvYmxvQ1RneVZUbmFnQ3Qwa2J0MzZ6UlF0Z3o0NlltM1FDXzNGbEQ1ZnhyZ0NUVTMxeUFxRjNMOW5BUE5GYkJldzBaWkhnSW1QSlUxdGPSAbQCQVVfeXFMTlJFbzBQOVFjbm93TWY3bXo2OXgybC1nd0pQakxTMWtwTS1fTHB5Wi1qbmZYUVpHWEpDQXFla3c5UkFJdUQxakszRVpJdkNKOVNSOFN3MXhVYXhBbldpUGxaMFMwM2hPREM2dDFRbTV0T1UzWUR0anpGbDZWVDBtaUZJUnRvMko0dlVwVHhRWjgyV0paX1h2a2k1WFE1bnlkb09leE1KU3hXVG5vNUR1S2VuYnVzQU1QQU9XV25tTEFiNXZ2U1dRdVZJLXhtbXp1SVlwMmM1ckpwWGdCYXpRWG5hMF9yb05qeF96SDdJZGJPWFJYdUlNZG9xc216aUtjTGwxUmpnYkZsQlo4MmdNT0ZTTmFqc0w1NVo4d0E1QWc0Yk9YQW1NMWlpTVJVLVhlalJNTHU?oc=5
🖥️ Technology,2025-11-13 18:59:00,10 Best Tech Stocks to Buy for 2026 - US News Money,10 Best Tech Stocks to Buy for 2026  US News Money,https://news.google.com/rss/articles/CBMigwFBVV95cUxPTlNBMDg3UlhwZ1k5ZURWU0RMdEZXdlpRenJ1aFpGZm16SHpPam5MYlZRa0pYU2pVWlpuT0lEUXV0WklPLWVWUVdBZ3lIaEdnNF9xY2ZCOFZwckRyTmI1VXRlQ3dHWE90SWFSS1RDT0MzYWVIcVhTcHNUcTV5OWNjRHFjRQ?oc=5
🎬 Entertainment,2025-11-13 18:55:00,Who’s Who in Microdramas: The Power Players Reshaping Short-Form Entertainment - Variety,Who’s Who in Microdramas: The Power Players Reshaping Short-Form Entertainment  Variety,https://news.google.com/rss/articles/CBMid0FVX3lxTE5RYXdHbkxFTUlnbEhVYjUxVmJuSEZtM2RlV0RSQjhmMHVKSFRiUFVqQ3FNZXdzM1pOWXdZT2hETjJHcE1xMllPb3UxWWtCUGx4R0pEUGJUNGFGTjQ0dGVpVWt6dU45S3QtazB5TUNoVDFGbm5QY2I4?oc=5
🔬 Science,2025-11-13 18:53:13,NEC Advances Research Information Infrastructure for Open Science: Press Releases - NEC Global,NEC Advances Research Information Infrastructure for Open Science: Press Releases  NEC Global,https://news.google.com/rss/articles/CBMia0FVX3lxTE4wTzBaNjJlVVFWbENYWUduUVpRRUZvTW1qeUNsZk0tZURvdG1XTFB6QmlFcTlqSlF3MXdsLU1tMzEtd3VLempoN3FSSkRBdWhJdU5aNHFNXzcxX1EyaFc2aVU0dlFDSGhETTk4?oc=5
💊 Health,2025-11-13 18:47:13,"PAHO launches new resources to strengthen diabetes diagnosis, treatment, and control in primary health care - Pan American Health Organization (PAHO)","PAHO launches new resources to strengthen diabetes diagnosis, treatment, and control in primary health care  Pan American Health Organization (PAHO)",https://news.google.com/rss/articles/CBMiuwFBVV95cUxQekFaZWYxZGtqMXdEdExsMXhHWjNXd2VjbzAzOEN5M295N0xuSXZRekNiR0Fidkh2V3p3Y284Q3c5MFhaUW9pVDloUHlMSlI0dXY3YXRLSENuWFZvSklFMXZUb0l4UmN0RlF3YlhoVWpSQUlXa1ZzWjR1SFVpOURnWHk0Z25BMGdrd3VWWEllTl82Q0JmcVJ4N21yMVBRY3hxTUgxeWtZSm5BcUM3cU5lQ0t6cW9HVURyQkFZ?oc=5
💊 Health,2025-11-13 18:00:00,Primary Health Care: The Cornerstone of Resilient Health Systems - Pan American Health Organization (PAHO),Primary Health Care: The Cornerstone of Resilient Health Systems  Pan American Health Organization (PAHO),https://news.google.com/rss/articles/CBMinAFBVV95cUxPR1NjSHB1Vk42a0RJa2tObXhhU05HLUI1SWp3ZFl3M2VnVGFLQ2M5YU5RQV9qNWk3V0Z0T28xcWIzS2d0YnN4eWpvRFUtcjR3TDlXUTdJckpKdS1fam9BeVExSVZlNmozVklIb3VmRm5DRzZBVjFmYlBFUHloclFsV2IxUFIzN1RQXzhHZnBCNmtaeHdtc2hXM2R4WVE?oc=5
💊 Health,2025-11-13 17:53:59,"COP30: PAHO Director call countries to implement the Belém Health Action Plan to build more resilient, inclusive health systems - Pan American Health Organization (PAHO)","COP30: PAHO Director call countries to implement the Belém Health Action Plan to build more resilient, inclusive health systems  Pan American Health Organization (PAHO)",https://news.google.com/rss/articles/CBMivAFBVV95cUxPSUZDaDBRVmVzUUI5UTBDd2lTS3VraTM3UEtDRjlzMHlzN3F1OGpmRU13c1hLUDZHWHFVMXRCOFZ1a2EyQkpIV01OMS1mUzI3OEZmaW1LMXJFRlZrSHMtTG0wVzVnT29kdlNTaGNsTUo3MFBydkJUVzF5Ym9YbFg4YkZtUGx2LTNmUkNQOE1ZREE5cVoxd1pFRjBqOFVySjhjUHpXQkVfT0lXLU00Qm1EdUlYUTFPT0xnZzlRRA?oc=5
🔬 Science,2025-11-13 17:46:23,"NYU Establishes New School: The Courant Institute School of Mathematics, Computing, and Data Science - NYU","NYU Establishes New School: The Courant Institute School of Mathematics, Computing, and Data Science  NYU",https://news.google.com/rss/articles/CBMizAFBVV95cUxNTDdqT0ZuR3FHeWZoOW5RZUFGb3N5UHBqZ1FncG9SbUtpVFd3TERVYjBqbVBnQ1pRNzEwbmhlODFFb2RULVBzZkJvNzNGZEFkaU5uV25sMU82cWFodEZkZlpPeFVGU0k0M0F5NTV4YXYyVTE2SVhFYXkwWFB5M01udXdUNmxZdExseHJOZ1o2VmZJaEZGUmliTk1LOGQyRWZMd2VsZkVkZmpvMUpFMXRPQXFwdF9UR2ZhU2pOZDBKTEM3MVNWUE5CWUhwYkc?oc=5
💊 Health,2025-11-13 17:38:13,Protecting lives in a warming world: Health takes centre stage at COP30 - UN News,Protecting lives in a warming world: Health takes centre stage at COP30  UN News,https://news.google.com/rss/articles/CBMiV0FVX3lxTE9JbnhQdTd5blpVTFdLYm0tS2Ewd0RsZlU1VnV3SzlGamhUMy1ZbkRqWXhlNW5PbDkyem54cTZiY2ZPSlNlQ09mWEpKOWJkclVrT0JsY0hlaw?oc=5
🔬 Science,2025-11-13 17:20:16,ROSES-25 Due Dates will be reset soon - NASA Science (.gov),ROSES-25 Due Dates will be reset soon  NASA Science (.gov),https://news.google.com/rss/articles/CBMiogFBVV95cUxQeUd2N0Q2S3NITnRhZ2NVWUdqVTV2SjVZZlZZcEQwbUhLS1AtV1ZqdFZwcDhUV1BvTzhqMEZhOUJZWEU4NWxWZUdidTdwVHhyTGlIa3hVY1hmVUxZbmZBWXdBRGRQaUQzYmJ4R1B6OUp3NmFQREdOVjYyYW9DbDl4bWdvaW0weG5waXN2UGpjNVBiRlNvM3VnU0ZhNDBMVUFzV1E?oc=5
💊 Health,2025-11-13 17:00:00,The magic touch: how healthy are massages actually? - The Guardian,The magic touch: how healthy are massages actually?  The Guardian,https://news.google.com/rss/articles/CBMifEFVX3lxTE5ubDkzNUlHcmhlb2VQaXl1SEdBY1FCNmZob0tfVVVLR19UZUtEMW1Kby1renlpSThSNXZRc2owMFV6NlQxSWtFUjRzYjkxVUNMSEhPNUh2SDAxNEJGd0NCYWdOTFFnX3Nib2tJT2lzLTVSS1pGOFV6aUlUZEI?oc=5
🎬 Entertainment,2025-11-13 16:49:03,World's top YouTuber MrBeast launches Saudi theme park | Entertainment News - Hindustan Times,World's top YouTuber MrBeast launches Saudi theme park | Entertainment News  Hindustan Times,https://news.google.com/rss/articles/CBMiuwFBVV95cUxQUV96d1gwWnFjbVNNdmtBRmNsUTdUVjFxVmxNdVRKSVZ6Vk5IWjUwVkZaN0dNUldKcG1XbzRwVXduQktqZ0d2SkpiMVlRRzVWbUVZb2paV3VEbWdoejJYQUNzeld0blYzdFlKcnhZemgzSlJ0dWM0eXpaYVN3WWd4V1l4b1FNcjJUYzVjUGhDa0NTOHY2TjVYOU5GUXZiOE81cVgtcHJDb2lKbXBIWVNfUGltUk9FMlc1cVdj0gHAAUFVX3lxTE9RYWhNOWtsUXZmTHFtTWJmSUh1OFR2Tk50TzFYN2hLNnIzMVZaYVYzSGFZaUp5Q29Ja2U1TWZhVTZEYWg4MHIxc3lYcGtFRGpmck9fdFI5bEt2Nk5aWWZyQl9WYjN5bDktQnBqWXhxdHpoZzRldHJ0QnBRTDNqZXpVQTE2MkJ4d21UT2NrZFE1cGhKai1sdlJuY0tidTRaQXRjU3ZSSjc0MXJKR1FyS3NtaDB2X0tkLWRHWHAyNkZxNA?oc=5
💊 Health,2025-11-13 16:38:32,"Solar electricity powers improved service delivery at Kano health centres - Gavi, the Vaccine Alliance","Solar electricity powers improved service delivery at Kano health centres  Gavi, the Vaccine Alliance",https://news.google.com/rss/articles/CBMipwFBVV95cUxOZ1lHeFhPdWdiUEQ0elhUV2Y0RS1uc2ZheVkzMzdwWkZwQ0QtTE93SThDLU44a25EWUMyQS1NX0JpV0NqZTVGQlJMZXIwU2pLUHAtNXJKdzUzTGRXX1owdUxwVUd3cE5HcDlpQmhoX2RCeGlydjFIMC15ZVYxbGRjbW53eG00V0RzRE5oVTU5aWVNZHdMSUFyX2ktSnA0QXUzaEFJSzRpQQ?oc=5
🖥️ Technology,2025-11-13 16:31:39,New biosensor technology maps enzyme mystery inside cells - Cornell Chronicle,New biosensor technology maps enzyme mystery inside cells  Cornell Chronicle,https://news.google.com/rss/articles/CBMiogFBVV95cUxPY1FyX3NiZ1llSHhtNjN6b0xEdkxlRVNIcXY4Q0pocEtKdzBlTXdfTmEyNXVfbHNWdGhmX2hxdFZ0TGtPR0Z1ejdvT2tTVmE0S1o4Q1V0ak1vSDJJNHA2dk5GY1BRZmVpOFl1QmxxbG8weFU0ajFVQ044ZWJRVW81NnVJMlFMYWNrai1QNHVGOENFS0xBRjB3N1ZrLWxCMXdXUXc?oc=5
🔬 Science,2025-11-13 16:11:07,From Smoke to Science: What History Teaches Us About Air Pollution - The Lakshmi Mittal and Family South Asia Institute,From Smoke to Science: What History Teaches Us About Air Pollution  The Lakshmi Mittal and Family South Asia Institute,https://news.google.com/rss/articles/CBMiuwFBVV95cUxPOGVhNGxIMElSTGQwTFJQTS1UOFJsSkJHcjFUSl85Vk84ZUV2aFhVX1FCTWdFQmZvdUg2YU5uV19CRm9xRVQyekgycEpzSlQyZDVIQThzLUhNTm9KZ2hqSWtCQmNwNENjWlltQ2xLejU1U19fczdoN3VOal9yM18wT3h2QXV5cDJqSEhRaWhMNmhyVWFtYTJwXy1QNU9sNDdoc2I1dkhmbHVmYkRja2cwc0tpa3FDZUx5a0hn?oc=5
🖥️ Technology,2025-11-13 15:26:41,Upcoming Webinar Covers Deployment & Use of Technology in India with Local Indian Counsel - Morgan Lewis,Upcoming Webinar Covers Deployment & Use of Technology in India with Local Indian Counsel  Morgan Lewis,https://news.google.com/rss/articles/CBMi6wFBVV95cUxQNUQ5TWp5NGc2OVF6X0VyOHlCRmpsaGlENmk3N1dVZUw1TVpzeURleWVzUHRsSHl4NDE5T0dpWDhkX3dLUGs4cVBKQmNjSUF3bUhtdU1kVkFUS1dlbVV3d3RCazJsa1drODFMYllBdGFMUHNGTlg5RENpVnZudVNQR0xLa19IckV3Ty1qMXNyQkpCMy1qSDc3TDA1UUdXMk01cVd1cVhWMmVxaFRyLVlhX0ZPRUdOQ2FwZ1EwaENKTmRtX1Iza0RqX0g0OGFrZlo2SnhGT2g5eGtfVzRPZjNDRmFGVFZUS0ZRdWc0?oc=5
🖥️ Technology,2025-11-13 15:08:00,How UK is using technology to reduce immigration queues at airports across the country - The Times of India,How UK is using technology to reduce immigration queues at airports across the country  The Times of India,https://news.google.com/rss/articles/CBMi_gFBVV95cUxQdXI3U0RJdzZadThSbUhkRWRva1FwSmI4VzRKX1BJdWl1OGZZdDV0NHpySmQyT0E3MU5GMVdZV004eEl3d25PVHgzdE1HTTVBUUJfcmxNSk9VYS1wMldndExxUkhxRF9WTzl2MTNMOHB3bUhWY01UT28tbkkxby1BaDZnV2h4LVMxY2F1UGVaZlhINkZsZGZBQl9iX0VfOC1UVUxNRHdqOFdDZkRFeVJhalpQOGJBQUpudldIM0R0eThqeEdoVEYzRW9HZ0JUblhBSjNUbXgwUlZZYmVtZmtDc1VPbUpuR3M1WGljeXpKWkduQklSa3NuYm5pYUJrUdIBgwJBVV95cUxQclVyYVM5TkJySl9aellPajYtczlaM0IyMzM0OHZDVnl0Mk8zMlpaS2VCb0hLb3c0ektPUHBJeW55N1F1NTVhdkpyX080SEdNdEZrMVZqR29PVHNPaU5RV0t5aVg3UDF6NWVpU3BFckRoUFhsTTZyWTJJR2l5aHV6eDhEd1JzaVpyZHpybkZLRFVYODk4UHlJblgtZWZfMjY0ZXhfcGZTNGpxSXNsRlpNUjJrSmNUSk8tRWxiTEJBcGpGUTdWUTZMa2pPbXB2bGt3SU9rZlNmT3E0bkRyeXpzX1VTQ0liVEZ2YTlvX0U1Wk81QkRzNnIwUGxuX2RTQ3p5UE9V?oc=5
🖥️ Technology,2025-11-13 15:05:58,Data Compliance: Can AI Help Users Navigate New Technologies and Regulations? - Technology Networks,Data Compliance: Can AI Help Users Navigate New Technologies and Regulations?  Technology Networks,https://news.google.com/rss/articles/CBMiyAFBVV95cUxNbXZjdzNfRG9wR2ZQYWFvQlRYZThJVW0xYlcydG9CcGVwRGl1cHlpMmNpRnBLVzdPbWFMV2N3WDJGaGluaEhUaXVwWU9JVHRqVktadEx3cjdmdGtOQXZCWlpFeXY5VDdkOFJ3UEoxTXFMYlhYZEVWQ00xUlBiR3AtXzV4TllQXy1Ba21kajNuc2ZqazBGbzU0MExqdVV5dUNaT05KUGd5TG1Dal9laUZlSjJZanl2cHh5R2JTbkFsWmFINkhzcDlJYg?oc=5
🏅 Sports,2025-11-13 15:02:17,NBCUniversal to launch new sports TV channel on November 17 - Reuters,NBCUniversal to launch new sports TV channel on November 17  Reuters,https://news.google.com/rss/articles/CBMisgFBVV95cUxPUm5oSjNHSTBFVUZzb0NodkRRb1ltNng2aVoyTFQzQlIxZlc3eHZadVZXM0NtMG5vZHB1enplQy1hYjZqNEVQMmdnRFFRQXFvMWlFZGdIdmZSMFY5MWhvU3NZZlF3d21pbUx1bUZ2clJodDh3QlpIWEhYeENLaHN3ZnVUczBaYVU0dW9WejE3eXhISmMtX201bzNnZ0hOQ2lyY2U2dzJtQWxVblVvRTFmT29n?oc=5
🎬 Entertainment,2025-11-13 15:00:46,Verizon Business Powers Next-Generation Broadcasts for Monumental Sports & Entertainment - Verizon,Verizon Business Powers Next-Generation Broadcasts for Monumental Sports & Entertainment  Verizon,https://news.google.com/rss/articles/CBMiiwFBVV95cUxNQ3l2Z1NINk1KOHI1NEt3bjdUMWttcnI5R0s1ZXQ0dDJfeHFyZUNzUkhNRzBKNzBlVW5TZ0J6U29RSFBORzN5dGpEcEMyY0JIVFlRRTE0V1FCa3kzdEJjeVM2Uk9Ranh0MThrVUdxcWt6THRJQmI0NDhjZEhZazRXbWdlWWc2Xy0wSG9j?oc=5
🎬 Entertainment,2025-11-13 14:45:43,Introducing the 2025 PlayStation Holiday Gift Guide - Sony Interactive Entertainment,Introducing the 2025 PlayStation Holiday Gift Guide  Sony Interactive Entertainment,https://news.google.com/rss/articles/CBMipgFBVV95cUxQdTRhR2NMVnlKcjBRZHNHT3JLX0RNTXdxYjd0Z3BhUG9XcUhXRGJrMU9BM2tVWllMaTJ1b0VMM0tvQVJjRFA5cHVIanp0UktEMWwzajh4bndDQ2RnTndhSU10MjFxb0tNUXZyQmp6UzlRN0x1V0dJT0lCT0dTVE1ZTjJtd0pnYWtQRHlVN29Jd2cyeUlrMWJPbG9LbzhKYkg1R091a3NR?oc=5
🔬 Science,2025-11-13 14:41:00,‘Basic science subjects set to gain demand in the coming days’ - The Hindu,‘Basic science subjects set to gain demand in the coming days’  The Hindu,https://news.google.com/rss/articles/CBMixgFBVV95cUxQcHVUbkFvRW9HT0h3TDM1MFRFQzlxOXIwOTNxVHVtcFBPQmpVenhsb2c0WDBnUFVpVjlPLUJfdTB0d0FFRG5COHpDV2JjaEYxd0lLejFkU3BBcDU2cGQzWmQtNG9ETU4yOGhZa3BVWlozY0pMLXBPVTlEeFVpX05MY2Nkd2RxUG9leUN3NU1GX1IxNW9FeHJGeE1JeEpXeHZMOXl5U1ZQNXRSdXFyVzVqejRBcjB0aFhXbW9QVXNNQXl4bmRKTHfSAcwBQVVfeXFMTmhOOFhzOUktT0FWQkxkUmdic1gtMTA2akVhN3BkYnJCTDM3S3l6cXVuNFhDelExcjZsQ3RqUXZZLUFjc3RVVFZyVGN3SjltVk1rcWZzaldhanVlaDg5VkFfVUpIb1owN09BVkFhb3VxakZORXRRSEpoRTRIbjM2YVh4bGlwRFMySV9selViOWppdG9JeVRfUUtHTVc4NjY3bWNVRDk4a0hiVlNwWlF4STRBdnJueENNQUpLN09IckVRQ0JCRnZDTm9ZU05m?oc=5
💊 Health,2025-11-13 14:30:03,The Climate and Health Funders Coalition - Partnerships - wellcome.org,The Climate and Health Funders Coalition - Partnerships  wellcome.org,https://news.google.com/rss/articles/CBMipgFBVV95cUxPbUxOTlJTaExmVy1vVkpkNm1IemlGaE5ZbFZGNXpyUkNndjNZaXF2T1BpTDBJVktsQ3V1cS1EWVpNNW00RkNiV0wtRF81YXFnRVNqTFRFMU1aNHhjMGFZLU5FUG5kaGVFQzhCSUd6UDR6dDJ0Vm5mUGs3RjkxSGk0Y2l5eWFMeFFlbFhkWWFIUVljV01PT3BiY3AtTG9HNHRyVXIzUWNn?oc=5
🎬 Entertainment,2025-11-13 14:00:00,"Nicolas Cage says this is the best actor he's ever worked with, even surpassing Meryl Streep - Entertainment Weekly","Nicolas Cage says this is the best actor he's ever worked with, even surpassing Meryl Streep  Entertainment Weekly",https://news.google.com/rss/articles/CBMinAFBVV95cUxNb0c5VFJrcWVRZTc2bzJzTHJhQmw3alZlQTBFNFhidVBjNk9pVGhwN2VfRXpPMk5WQ2dxWEV1Z0N2d1lsS0ZhamVXdEFYNFZGQXN1X3JuWTliVTFmQmxmQlhWMVFKbmNab1cxbFdTdkY5MVZobVpBNUZtTVBFUHlRNlZ0SDRsUlFqVmVJdG9rQVVzQjd5czJIYjN4eFY?oc=5
💊 Health,2025-11-13 13:56:41,"Future-proofing health in Latin America through climate-smart, equitable care - The World Economic Forum","Future-proofing health in Latin America through climate-smart, equitable care  The World Economic Forum",https://news.google.com/rss/articles/CBMilAFBVV95cUxNNmNLZVlrUWpJSVNWQ3FJeXp2eDJyTnRPZDE1YUFxb3BJZkJEaWcxZXNUcEtDMlFyWEtHSHI0TjQzeWlnZUtiSDU0T0tsN0tuTldPSGdFSDI5Rlh4WktEbVFuS3I0cU5UWXZRbVJqRGQzNFBWc2s5empsQVJMMXcwdU84cHdCblZpT1hDWkdaaXVURjUz?oc=5
🖥️ Technology,2025-11-13 13:55:00,"China completes first phase of 6G technology trials, defining main technical directions: ministry - Global Times","China completes first phase of 6G technology trials, defining main technical directions: ministry  Global Times",https://news.google.com/rss/articles/CBMiYkFVX3lxTFAzak9xb244djRJQ1lMcUxUNV84LUlOTGRDVHpQYjF3RU40Y0VFYTFfdXpDQVR0bjBmS19wUm9SMGxSWE1VM1I2YWxDaklteWFjSUktcjRKYjNXUklkR2JxWWRB?oc=5
🔬 Science,2025-11-13 13:48:00,Curtain raiser programme on India International Science Festival held - The Hindu,Curtain raiser programme on India International Science Festival held  The Hindu,https://news.google.com/rss/articles/CBMi1AFBVV95cUxOYmo4QnhLR1lMaUZ0RXFhTkxsc0tRSk04cWFMeUYzUjRXTzBNaEx0cm8zbDZ5QTJ3YVJrUnJkQ3VaMzRNUFNYOWhfVmptNmowcUZaT083ZWthbVpxTUtjLXpNbGlFZ2JTVWx5c1M5Vi0wWjhlRHUxZjI1dU5TMklCVW04MHM5MTRJUWh5TFhWOUZjNWowcVpsbHNJMHNvYjZYN0t3VURnUmJ5MzE2OUxNREJFZDl2eVh5aTVRamtGN1NxNkxvSEVWbTVlanE1RjQxdkZvMtIB2wFBVV95cUxNTk5qcW1mRVBLNXFjTkQtUHpLWXdEemhITnlGVlc3a05uOURsV1VaaDB6d1l5Q0JwaDAzR0RBNlZVOUlmMUgweXpsQ0xvMURQQ0xLQ0lOWlRjaXRDM1YwNlhsbXlXTzMtVW1LMWpoNVFLUm1YdFo0VHlwYzRJdGFrSWQzSUpzQWxBRUFPbHJzRXBIb0RDZzR5ZVRKNmx3QUFvRHlBT3U2U09ycG8teTVtSVdpRjFMZjd6OUtUSlVDMUVISU44azYtWjQ3TmxkRTU0bFVvaGxUU3FEYnM?oc=5
🎬 Entertainment,2025-11-13 13:35:54,"Zupee redefines entertainment with free to play games, bringing entertainment with zero entry fee - Adgully.com","Zupee redefines entertainment with free to play games, bringing entertainment with zero entry fee  Adgully.com",https://news.google.com/rss/articles/CBMiygFBVV95cUxPajZ0OWpxbloxRXdaNk5LMEd2N0NNOTA3QVFlZ1dfVVdUdVRTUUFWVC1OQkd3TDBpWnQ1bm50Z3lSMjBPeW5JaWdKakpfeWw4d1JPSHBMREdGaVRSXzdmbm5jX3Q0ZFJZc0U2UWc5elZ5U3dWdFFQNy15c19aQzBYX3M5Y0ZPQmdZbE1Nd1Z5ZmlYaVp6UkZIdVRndGdYdDZlNjVwUE91NlZpQXJIZTBZYzUzbE1MdDlBUkNuZUxFamotaDBtdzZTY2ZB?oc=5
🎬 Entertainment,2025-11-13 13:30:05,Top 5 Dolby Atmos soundbars for an immersive entertainment experience at home - livemint.com,Top 5 Dolby Atmos soundbars for an immersive entertainment experience at home  livemint.com,https://news.google.com/rss/articles/CBMi3gFBVV95cUxPRTBQRUkzVHRGWHR4cEhXN09DaGhnT0NRTEJicDFIaDJCQkxhZXAzTDJHRDBfZFlRYlJEWUdvTVlIMVJ2Zm1oTHEwVWc2a1JtVlpNNVJPbFhpMmVVMUpmVnpzZ2VUZDdzMzhLdjlZbW5KWGpIb3RCMVVpQjRtVWxlb3Y5dG9vUm5mX1Vkc2cwQ09WUEJvWUd6SFZNUHBzb2Itc2gzb3JhNkktbWwyRzBnQTBlVEVyaExtT015Z0NRQzZrdWhxbFprQzdweW9wM1lRZzBRZDY1SmQtQm1uSVHSAeMBQVVfeXFMTUZ2YzJlSzJqUUwzbzBqWXRqVnFvNzdrM2RXdW9TalhIRmxsNUpXOUlSM2JSMU9aOC0wZDZQUVpLWG9hUXBmUGNtTndrWUo1Y3o2Z0hDZmlPMEptRjFYLXVwVTU4d3lUNzNOU0N4OG4xM1l6VmZaaXo2Qm9veE1wS0RHdVlleGxOcjhHNjZ3SEhCSEItb2QtOWpaMjk5c3l6R3d0UEh1QS12UTZjUDkwX3F0LVJSYVpnZVpOS3dWeEtpWUZvd0dMakVVdU5fSzR6cTlWZ09uWG9iVTMyamtzdmlSX2s?oc=5
🎬 Entertainment,2025-11-13 13:30:00,Sexualized Entertainment Is Corrupting Young Minds - NewsGram,Sexualized Entertainment Is Corrupting Young Minds  NewsGram,https://news.google.com/rss/articles/CBMimgFBVV95cUxPczVKWWFQNjhKN0x3TVpXTm1fQmpscjNrRUhNTU5MZExLMU5ucjFKcVpPUjE4N29FdW9HQ185TGFaRW5uelV5YmtTbnRUOEkyNkEtVlR2a3g0R0FNb01GTHBLbHBpc0xUbEJEdG1ScWZyT19KTnloUDNoYjR6NnBQOG1nSVNlM0xBTk9Xa3FISHh1clVqLXJDMmFB0gGnAUFVX3lxTE1KOFdSa2x2UEFnVTVOV0ZWOUh3MlBIczZJYkpvNi1hcTlBZUt0ZHBxYzlVOFpFUW5yMnJweVBOdW12RkNVTWtOYUZlZkN5aUZEVjIzSU1QUU9SbTZxUjBNV2dPSG9ZSmotR0lWbklia0kzVWVNUllGRGtiODVodTFfM3hMVFZTSmRnZVdGLXVXUlVTQ01ha0p2eGppd0xSaUplZklXSFFR?oc=5
🔬 Science,2025-11-13 13:16:06,Sun's mood swings: Science behind repeated solar storms explained - India Today,Sun's mood swings: Science behind repeated solar storms explained  India Today,https://news.google.com/rss/articles/CBMi2wFBVV95cUxPWGtLUjJpb1FyWElPOE5rVEFXSi1tWlFGRkdXOFZnd0ZFcjZGZWVHMmg3a0l0R201TjRlT0g2TEVDcmE0YjFMb19VZmlqejhSY2RkNU94VWFVamZlX0tVNzZkSHdzOGxEdmVFTVBtUkIwS0hTemt5LU5kNWZxS2ExdUprYUhwdlBRYmpZMDRmMEdBQ3Blck1FX0lEZmI3QWdla3Nkb2VrR0pTYzRmbG1DMVphWlFVVjJvbmVsVk5ZM0NGWlY1SlFlYWRTa0d6LXlWbDlmeHFScEdOTDjSAeABQVVfeXFMT0JhMUVocEJFQ2FVT0E4UEZWY3hfcnZ3RlJSdzI1NWZNU25qS1RKYkUxcG9DSW9taDE0czIxSzYwbHkxaUIyRDZFUVFNc0lGM2pCTjRJbWstMnFFaWptcWh6YzdxSldrSDBCeGMwNVUzSC1GTjFyakNZVGlzWFFfUW5udHVEZ2d1VUttVXlhZndBTHJROE9CT3NORTF5MmJJVDF2YWVoclFXeTY3ZXhud1JELUxWcUFyaEdLWTZocU0zRjlWelVHNHJFQWNidDNRTHZYM01SMndCaXpUUlVBaTY?oc=5
💊 Health,2025-11-13 13:07:30,Tuberculosis (TB) - World Health Organization (WHO),Tuberculosis (TB)  World Health Organization (WHO),https://news.google.com/rss/articles/CBMibkFVX3lxTE1xSHpySGh3bGdoY1pqUWlSa3dIc2FIcjg0T08tcWtkU3ZkZFdqUzdXaHBQYzRTck5qdW8wZ2RiaTJsSFVOT0JQZEFYOUVkRUx0eGxYMGpsMUpaWUNTRm9uOVRNWXhkTEQ2Zk1qWmdn?oc=5
🖥️ Technology,2025-11-13 13:03:53,Circular RNA technology: the future of gene therapy - Drug Target Review,Circular RNA technology: the future of gene therapy  Drug Target Review,https://news.google.com/rss/articles/CBMioAFBVV95cUxOS183QXZWXzVneUNqN0NxbjdLN2czeHpiTmpnVEU4dUljNE42cjMwR1hrcDh4NGdweHJpLV9DU0pSMjYxdXdfbnU5M0tMUy1JVk1YT3pVbWNORUZHVS1uQVhUU205dHJwNWk4emNlOEllR3M0d0E1dlB2MXNXZGVEcGpFWWN3b3J6UEcxNGdTdTV1LXB3MURuSk1aRGZfLU11?oc=5
🖥️ Technology,2025-11-13 12:09:41,RTX's Pratt & Whitney opens European Technology and Innovation Center in the Netherlands - RTX,RTX's Pratt & Whitney opens European Technology and Innovation Center in the Netherlands  RTX,https://news.google.com/rss/articles/CBMixAFBVV95cUxNTXdoUjlTd1NpQXFjcGt6Q1NqS2tYOGtNRHJLRXBNV1JjU1RXeWp2WTFIUllDTklUWFlmVjI4MkxfdkFlMnkyckszSFZPNFduSldXWUdWNjNtZjBzSEVlUW1BRjRMRTBJbGc2ZElHN1ZFc2Z4TUhWRU8tbTlkQy0wVkliMEFlc3lLcno4VnRSanBnM215VXR0a0VUN3BCY21rUXRBTTRfUzM1WTUtUW1JMnczMXlBQ2YwcERmU183cDFrdl9a?oc=5
🏅 Sports,2025-11-13 12:06:06,NBCUniversal to Launch New NBC Sports Network Cable Channel Next Week - The Hollywood Reporter,NBCUniversal to Launch New NBC Sports Network Cable Channel Next Week  The Hollywood Reporter,https://news.google.com/rss/articles/CBMilgFBVV95cUxNSUxRQ3NQd1ZzWmRXdlZyTU5ZTTNEdWNRZlhBSFNGblJlZ25HMzFpRHVXNktWU25lWC0wem1kRzhvS0lXeGFoeUhWc2E3Wks0cjVLRkJxSlJrQ3FnY2lPbERJU0dtMWtYX1kzRDgteDJMZWV4bXBJemVJelFNWlpVSWo1ZTNkLVdMMFRYYkc5MlhXcVA0Wmc?oc=5
🔬 Science,2025-11-13 12:05:00,Anna Science Centre planetarium takes steps to attract more visitors - The Hindu,Anna Science Centre planetarium takes steps to attract more visitors  The Hindu,https://news.google.com/rss/articles/CBMi1wFBVV95cUxOQVItYUxNSTlMdHR0b3ZfZ0VnMmV3bU9ZdEJYN3hfaGpNVUJOZVVLZENpSXRrR3lwYTd3YjBzclM3RDZHLUp3NVpjaG1iOTVqRmp2T2YwSTVZa0JuV0dIeHAtc0FEZl9ZVTB1Y1RudjFNR08tN3dBWHJPMzFqZlpGMGZZRG9JcWpiNl9fenkwUUp0S18tZmxkQ1dUTjBqMnJEWnJRclJCTlh6NWlVV2E5VFlFeGJuemU5MlZLa3RfTFQ5aEF4a2tOUldtZVRvb0ZpZ2pNMWpfY9IB3gFBVV95cUxONmtZNWY2dkE4cnZMd2pOMUhrVTMwc1JxbWFLdUNGNU9sazhET3lqaG9BblhuUmp6RV9zcTFFVmttVzZTOXFWTHVTRy14NzhjUWU4UkhNNjhnSVF5Sjg1TWo1SFlpZmJnWENlSUJjX0hUai1qV3pIR3AxV094WVRtWXdiekkwbENfZmRJZmFOcE96NGdZUHpmTkJpMHNkU0JxU3N6X3hyVnBvbzFDRDB0UERLbUpLUnhTdy1WckxaNTNleUdHQlRrRHhZR0FST1V4cGtfMmNtR3oyclB0MWc?oc=5
🏅 Sports,2025-11-13 12:00:47,"This Week in Sports Trivia: November 13, 2025 - The Athletic - The New York Times","This Week in Sports Trivia: November 13, 2025 - The Athletic  The New York Times",https://news.google.com/rss/articles/CBMinAFBVV95cUxQdTU5U0o3cjAxM0JXUUJtY3RYcVNBN3p1R2R2UnRHbDBraHRJRDdyYTNTR1h0SXpMVVVXbUNSQm9TY3h2VjJxMGdnTnFSR0VYVVRVYXhCaVZJSjZFZ1hCYzlqb01hWmxpR2c5MUtSWUpLSUhsZTVSSVBrU1NFSzNyYVo0bG0wNXlPbWZ3R2JRS0RqMzdiWkpxSngzSUg?oc=5
💊 Health,2025-11-13 12:00:00,A Review of the National Community Health Policy to strengthen gains and accelerate reforms - WHO | Regional Office for Africa,A Review of the National Community Health Policy to strengthen gains and accelerate reforms  WHO | Regional Office for Africa,https://news.google.com/rss/articles/CBMiwwFBVV95cUxNV1RjV2s3bzNqYlBHNV9Objk4eFRpTlpmWXpkRDlNUjBwQktFRWk2N3oxUEppTWk4Mjh5OWZKMXRfZFFnSnUyT2lfOHVCT24xbWFvc1ZHeUxKYkpXaVRCUWxPQWJncm1FTGhpVUpRWUdyVVMxNnpSSUFhMDVFdzJGd2p6ZF9pVVE3RnVDYXppRzdmSnN4V2pHVERIQllZWk1KeHJxZDROcHRfUTJtSDFocWtCVEpTTkRqbkVZQ3Y5QndjUlk?oc=5
🎬 Entertainment,2025-11-13 12:00:00,"Millions of Lights, Magical Nights: Six Flags Entertainment Unwraps Dazzling Holiday Experiences Beginning Nov. 15 - PR Newswire","Millions of Lights, Magical Nights: Six Flags Entertainment Unwraps Dazzling Holiday Experiences Beginning Nov. 15  PR Newswire",https://news.google.com/rss/articles/CBMi-wFBVV95cUxQcjllT3pmcjdnZmx4aXpGR3lob0Z3RGtWOS1uSzY5TVhHQlEzdVNBSnZHT2MxWXFodDNxVEx3X0IxbnVCelFtYzV0VHZzWTJXX1JUMlZDWjBBTERzQV9sUmVfZ0Z1Z1VNTmM4Uzk4SG0yXzl3dlJhU2RkaHJSVmRsMlRsTlNMb2dyQW03WjlPNGQ2NGNiX0JJUWZpV2c2YmZDTU5UN1M5WklhUkZ4ejZobS05Rm0xVkg4RkRUNVVLUjNfVmExYkdaSGU3am1INnJBVVduY2FEV29rdm9ob09wTWdTUi1hVU8tNHpCOHZhbTNBczdwWGhpb2Z1Yw?oc=5
🖥️ Technology,2025-11-13 12:00:00,"FAQs: Digital abuse, trolling, stalking, and other forms of technology-facilitated violence against women and girls - UN Women","FAQs: Digital abuse, trolling, stalking, and other forms of technology-facilitated violence against women and girls  UN Women",https://news.google.com/rss/articles/CBMi0wFBVV95cUxPcThhNkF5RldhTU91TlFOa19NcWVCMnNtWDlwQzFNdFdESHdhNVBZelotLXJPdWtVbS1RVjNZWTFjSlRiSnd4ekJnSnhUN0NEUXpUb211SHprb1B1Y3lCa3Z4T0JOQkNnbHFRN0NEOHVtWnpvNUpldUwxakFsMXcxV2paeDhwdlFjR3RwYkU4VmRTc3hhQnB6Rk10TFJlVW0tbUtpeDBlV0Rhd083RjNzZWFjWUd6Y0VJRk9Vam5QUnB6T0xUUmZQZUhqZ3BPVFBya1Nn?oc=5
🏅 Sports,2025-11-13 11:51:43,7TH INTER-DEPARTMENTAL SPORTS MEET UNDERWAY IN DIMAPUR - DIPR Nagaland,7TH INTER-DEPARTMENTAL SPORTS MEET UNDERWAY IN DIMAPUR  DIPR Nagaland,https://news.google.com/rss/articles/CBMiigFBVV95cUxNUTV5emNGUF9xeWRtRWIyXzJINHR1WUVoREF3a1ZYUFJEZjJkUVl2c0UzMGFVRkdiTHppcEtVTUVyYmRJZVd4SVJLeVZGOWw5VTVjRG5OeFBCT1JEVUV5SHFTcXVQRVJnNE5EaEFROV9jcU14SlhUQkdBd2w1MzctTmVITzROYzlKTXc?oc=5
🖥️ Technology,2025-11-13 11:51:33,Technology and human rights: UK government’s digital ID proposal restarts privacy debate - International Bar Association,Technology and human rights: UK government’s digital ID proposal restarts privacy debate  International Bar Association,https://news.google.com/rss/articles/CBMirgFBVV95cUxNUEdKUTlUa0lETUJ0M1BPY1NsZzdqVlZLN24tbFVmTXZUTVZWa1gyZlV5ejEtVnhXdFlnLWFDdkdfUnFYTDMyN0t4NHVjbE1nOE1jSkZZOHhrd2FGNEdWWlVab2hXQ3pJYXJiQ2ItQ1VvQWdkdWcyS25XTDQyS204S0tQLThIdVNJWUhmUmlmMFNVV3U5SExCdlVrVlRidWZ6aGJndnR1SElZSGxxX0E?oc=5
🎬 Entertainment,2025-11-13 11:42:02,Warner Bros. Animation and Webtoon Entertainment come together to adapt hit webcomic titles - animationxpress.com,Warner Bros. Animation and Webtoon Entertainment come together to adapt hit webcomic titles  animationxpress.com,https://news.google.com/rss/articles/CBMiyAFBVV95cUxPYkpZNEF5MXJaTDE4OWc0SEFrbEpuazY2eEVpZ0JURjhDd3owTmlUTmJKYkNHdEJET3BJZUNaT1NJV18xMnFoM1BzenlHemoydnQ0b1JFM2JqOHlmQzMtZW8tXzhfQjBXV09ZaE54NnpnNVpJejVmNDNJbkRaZ0ExNzVQX09MNm1tRElobHFzRTdjSURjRWVlbnJkeEpnZ0Z2a3V2cWdCbzhEbFlJZVU5dV84eWF6djd2ZWJHZzgyc0tzYTZBZi0zWdIB0AFBVV95cUxPcGV5elZkVk1YMkt2TTQzanMyM25KUzFlQkgyOHJuaDNVZlMyVnJDcmNXdXdQelR1ekJTcVMzTDhOaG5xbXViejhHTkFOb2x6Q05sUFVVRndQZ0NvOU5hSmlIalBpT1BLWUhUdzhGQVFjUUtYLXVYUzdpQWRjLXZvNVUzX282TnltdEtGQ2JXeDRicWJLMXRfcDczUGpJS2s2Wk00NGgxcERKRUx1Z1NJOFBiYXZDWFNwZGFGYlZuajMyU0ZuaFNBRlJPbHJUTV9v?oc=5
🎬 Entertainment,2025-11-13 11:32:52,Hope in Motion: Where Impact Meets Entertainment - and Stories Move from Awareness to Action - Tribune India,Hope in Motion: Where Impact Meets Entertainment - and Stories Move from Awareness to Action  Tribune India,https://news.google.com/rss/articles/CBMizgFBVV95cUxPVDBoUHVYcFU4NXpqODR2OGNYamxzb0dIRkhQV2JCQzVrOGVQZWprZnR3VWJVckZhWEdfN2dCNjVSbWdtVU1ySFdPTVlZWlduTWNDWUM5d1BGd2FGMnk1NFVFQ2xrbW55SHdrc3dpVmg4ZkRaR3pob1B4bDlFbkRjOWRRZlg3dm5QbWx2T2lZWGNNOHpkRloxX082SWNHUWxOQngtZzd2VmM0ekNCUVN2U2ljOXFWTjEwRGVHTzdwa3pUMnZBdGpBTVd0Q0ZVd9IB0gFBVV95cUxNR2J2dEUtWmQ0djFjZEhYUmZzZmlhSE83QWVVOF9mbEg0c3ZsRl9qSFYwZTJKaXVHY0t6bkdkWmVRYTd5ZjZ0ME13R3FLSGM0UjV3M0FFeVdWZUJYLUFtd00wNk1DUHYzMVRhRTg4cHlDX2RWYTl1cVlUNmdQY3RBTkM4WDRqN2VCWllWS0xkWWF5Y3NWbGgtdmZxcEtlXzM5eGRuZVBpTkN5SjBTNUdCdTBrUnA1Q0JkYVN0aDUtRWUxSHRpbHV6STZEUkxoUlB1b0E?oc=5
🎬 Entertainment,2025-11-13 11:28:30,"Z ranks among the top 5% in media, movies and entertainment globally - Exchange4Media","Z ranks among the top 5% in media, movies and entertainment globally  Exchange4Media",https://news.google.com/rss/articles/CBMizAFBVV95cUxNaFZRV0hBVUdzcGgwdTA0b2RNYjh2WXEzMmphcEctTGVDdFItQjhPSWw2VWpiYm9lUnVYRzNlMTBnMDAzMTZKcHhaSXdoX3AxTlF6aFNBR3dQeWJWUkhZdlE0OUZTSjJmLUdITzJDTXZsclJjTHU5VUE5T19zdF9ZeFFOUGN6aGtreXMxNWdVVjlwRnpFRU9DN1NGaE93SjJwSFZJWjNhcm1mQUhLX3pVTURkTkt0WndkNzgwVTlORi1uX3gxbjJ3aFRfa1A?oc=5
🖥️ Technology,2025-11-13 11:26:15,Insurance and Asset Management worldwide | Allianz - Allianz.com,Insurance and Asset Management worldwide | Allianz  Allianz.com,https://news.google.com/rss/articles/CBMiRkFVX3lxTE1vY3dCVlZDU2NvRmlnMzU2TzNJczZzZkdFLTVOaGV4YjdWQk81Wll2OWpuempUdjFDTGh1eWZXQjBoUXFZZGc?oc=5
🔬 Science,2025-11-13 11:22:23,Collection policies | Citizen science for climate adaptation - Nature,Collection policies | Citizen science for climate adaptation  Nature,https://news.google.com/rss/articles/CBMic0FVX3lxTE9FbzNycmgyZm11UXo2NDBLTExrc0c2MjAyU1h2dVBrdXZ4X05nTnlSZVF5T1BybGJBeXZtZFQ1RGxXZ0U2SXZ2cERyMkNtZVZXLVpkWnVUaWI1U3pnb0NDZEY0bS03cVR6cG9nck9XX3M5aTg?oc=5
🔬 Science,2025-11-13 11:22:23,How to submit | Citizen science for climate adaptation - Nature,How to submit | Citizen science for climate adaptation  Nature,https://news.google.com/rss/articles/CBMia0FVX3lxTFAxTmVkUEI5NE1oYnhLME5lOE5BcFlwNXpXVjRhalhvbVliOHA1bzFtU3Z2Sjl3RGtVT2JVcjZhYkd4bUhEN3F6VVJ0dkJxVkVua0ZocGdNNzQ1M3VFcDkyR19wekt3bFh1T1hF?oc=5
🏅 Sports,2025-11-13 11:15:33,E-sports platform JetSynthesys reports Rs 108 Cr EBITDA loss on Rs 208 Cr revenue in FY25 - Entrackr,E-sports platform JetSynthesys reports Rs 108 Cr EBITDA loss on Rs 208 Cr revenue in FY25  Entrackr,https://news.google.com/rss/articles/CBMiyAFBVV95cUxNVXg5dGlQcy0xOFRqRnVOekJXbmtLNWpNTEw1THN1d01YUy1uQklBb2c5RWUtam5wM0drRFZzazBhYThGMmk1endiQnFEZHZoN0FWYmZLZGRtNTRURW1sck53ZU5zVXh3TE94S08yc0VfWldjRVptUDFfR3l4dExwN0hFOERESGNzN3g5eXJlUkZfWXdBa0RyMUdxTVRyUzg1NjBQNWFKeWs0M3MweGVjQTF6cXI4R0x4VTJqYmNfaDY3dTNPWjdRZNIByAFBVV95cUxNVXg5dGlQcy0xOFRqRnVOekJXbmtLNWpNTEw1THN1d01YUy1uQklBb2c5RWUtam5wM0drRFZzazBhYThGMmk1endiQnFEZHZoN0FWYmZLZGRtNTRURW1sck53ZU5zVXh3TE94S08yc0VfWldjRVptUDFfR3l4dExwN0hFOERESGNzN3g5eXJlUkZfWXdBa0RyMUdxTVRyUzg1NjBQNWFKeWs0M3MweGVjQTF6cXI4R0x4VTJqYmNfaDY3dTNPWjdRZA?oc=5
🔬 Science,2025-11-13 11:11:33,Alain Berset to address science and policymaking at University of Fribourg - coe.int,Alain Berset to address science and policymaking at University of Fribourg  coe.int,https://news.google.com/rss/articles/CBMirwFBVV95cUxPY0RhdHNxYll1dWt2NDBlYUxZelRJWC1vX1lqZThiWVJYZVRBUDl5R1Q1N2lOMWRFemdhRGVtb09Hak1FWEhNMG1EVUJtOGhwLUIzTWE2Q2d6M1JnNEFXcEVONE9LZkNidWJqUnhLbERBelFQbDlLdkVpOGhJX3p1U05qQTBfQjJSVF9NS1JDVjA1UkZ5SVRMTlRZOVk3RXVkV29TRmZHNXltcnREcmww?oc=5
🎬 Entertainment,2025-11-13 10:54:00,Flutter Entertainment Shares Slip on Guidance Cut - The Wall Street Journal,Flutter Entertainment Shares Slip on Guidance Cut  The Wall Street Journal,https://news.google.com/rss/articles/CBMimgFBVV95cUxOb3c5OGhuOFM0b3ZZa1ZBNHpvZzI2RmpfZzVNSWJleGxseVNTNHg4VDFnLVlZR2MxZmRnaXNHWmNqNEcwZDFKTnJNZlRxWDJhZXdNV2NaOERoOElDd1dRSzVzbDQzeF80RE1HU0U1bHlVWm9JMHVxcG9xSzB5VFp1akxHNnUtNHY0Yjd4cm9DbFJiV3pkWWc5d2dn?oc=5
🔬 Science,2025-11-13 10:42:00,ISC class 12 time table 2026 for science stream released at cisce.org: Check subject wise schedule here - The Times of India,ISC class 12 time table 2026 for science stream released at cisce.org: Check subject wise schedule here  The Times of India,https://news.google.com/rss/articles/CBMi8gFBVV95cUxQZjJjLUlwRHdFZFZUVkgxWXVMQnZoeHNzTEhuQXZUU1JRM3d6dVliZkhZbXBnNjZDRFlUQ2tPa0ZtNlpiTHBRM0FwQnFSRWlsZzQ1M0J4c0tlS3lHeXB0eThqU2tvemRTeWhIWUZyR3BYbWFfTkJlQXUtTzQzWDdlTS0wczFaZld1M1BjRlhkMWlxWFpHNU5QV0NCMlRycVdiYUM2REU3U3NUSXI3NWhlbVdrOXNpU19YVnNJem5zSWtGZ2U0eGIzNTZYRmN2VG1qUFdnc0ZlNzZsQ2lUWWlrZ1ctZkM2cnp4b2NiYlZQV0lrQdIB9wFBVV95cUxObV9ZVjhjSW4xcHZybkpUTUFTbzZDbGZ3dEtBOUlOZUFaZ3NlcjdaSkVhbzZEdzVmMzhwc3JNMThFckZYQnJ5ZGQzeDExbFYzMGpndjgtZ0ZZOGIzTnN4ZDVoeHAySGVHSjdpUWdoRXBkejJacUxEV1BqSlVyM3FNbkJFQmNVYkJ4dG1EQnI5UkhMc1Z0cGUzSkZpclNpdEF6cGVGRUZxcjk3SnRpZUlRb1FCMnFsMXJvVVFyTTRzSWdMX3ByZTVrenZQdUV2cU5Cd1dIVTA4Vmxaa1dyRmJoS3N5RUhrWVVaZFgzZDdyck9YeU1vaEh3?oc=5
🏅 Sports,2025-11-13 10:30:00,Exclusive | NBCUniversal Launching New Cable Sports Channel NBCSN on Monday - The Wall Street Journal,Exclusive | NBCUniversal Launching New Cable Sports Channel NBCSN on Monday  The Wall Street Journal,https://news.google.com/rss/articles/CBMidkFVX3lxTFB2X3Mtd3BKd0k0SG0xSmtCbDN2N0dsNGNnQ0daMHBKam8yS0tseVp5RklFek5xM1BHdG9FTmZmSWFRbklzeTd2U2R1ZWVMQXR4TktzRTA4SHlJNkkxdmZGOWdYTFp3cWRLNUxnX3hMXzdHREhKT0E?oc=5
💊 Health,2025-11-13 10:27:01,Family health history and pharmacogenomics show cross generation premature amitriptyline discontinuation is associated with CYP2C19 loss of-function enrichment - Nature,Family health history and pharmacogenomics show cross generation premature amitriptyline discontinuation is associated with CYP2C19 loss of-function enrichment  Nature,https://news.google.com/rss/articles/CBMiX0FVX3lxTE95d2RWb1c0UjdiYUthbHdjWllFQnllU2NaQWxlbDFQZEdvS29uVUJGa1dBRkEzbnFETWxZSmdFUGpvd2Z6Q0VwbFZhWldxcXNUU0RGOGV4WUZ3eU8xeW1v?oc=5
💊 Health,2025-11-13 10:19:32,Health and Wellness Activities under Janjatiya Gaurav Varsh Pakhwada Organised in ‘One Health’ Mode - Indian Council Of Agricultural Research,Health and Wellness Activities under Janjatiya Gaurav Varsh Pakhwada Organised in ‘One Health’ Mode  Indian Council Of Agricultural Research,https://news.google.com/rss/articles/CBMiuAFBVV95cUxPY1pMRkloYU5CclowM2hrdGNncHVGcDF0VENIcm54NGNSUkhUSUVUOTRMVXUwZU5EUDdfVWVITWhRRjk4V2pNNER0RFBMb1pZbHhYMXpzcGlHMFlMdm04ZUNSbHpEV1NpeGliYVJRTUVpTHkyLWRtZkZHdGxPR1hKcldSVERHVGdRQzlMaGctaGRJUUVMeEY1UmpXaHJmMTd3SzQwbDhucUVSRl9sak5qUXhtOThXWE12?oc=5
🖥️ Technology,2025-11-13 10:12:00,America's largest defence technology company is offering internship and why CEO Alex Karp calling it is a - The Times of India,America's largest defence technology company is offering internship and why CEO Alex Karp calling it is a  The Times of India,https://news.google.com/rss/articles/CBMivwJBVV95cUxQdWJDVXdsRTNiczI5eHBtNktUUnZZX1pISVZ4aGcwUW5rMlg0WFFzd2tjeTc2ZHM0bHRyaW5NdDg3NE5vaHU2OWNuLXg2cENjRkp1Uy1Cd0ZJV1puME83U0pTMTFsNFJ6WG1sRWxiQVo3U2VhbzMwdHowR2VWR0ZTbDlFSS1OZE90NWhUMTJ3SEdmMmVtWDhCTUsxeXRZb2JmbUxaQkJHeUpueEpZZ1BIQVJGbkRNMXMtVWhjcW1ieXdlc2pJZ1c4WVEza0FKQzZKTXRGVEcwVy1rcVY4S2JOZFY0N2p4bXBSdGEtS0xwMGtVVUVLYnFFSjQyMUd1ZlQ1V1NRZGZ6WTcwdDFFczYyVEJrcV92XzhBSlNDVHdUMzZEVGhCazVna0FjZk1reDY0TlQtcEdmWFNaM180cW1R0gHEAkFVX3lxTFA0VlAzbVVxN3ZndXllY2swX2tfQUFaOVA0UnkwaC1VTzF4ZzJXOWZQSjkxMG56TERaZ2F0Zko5cEllMUN1T2lteFB0ZkYtYWxTSU9PUEZZNGlFWW9ia2ZvZHJCcXV6cnB6eXk2NXhhMFlCR1JsdVU5ODdnWmRvXy03MjRhQkFhZDE4TzJMTTczdThLT3FOSEJUcUFSdHE1eldtUzc3RHRLa3dqd0RvU3lReDJhYks2ZUt0VjhDTEUteEJwaVhVWmlNSzN1SkswVXg3SExNdWNpbVhNU3E5VzJsWDBXWUNjUFp3WTJpdjVwQVp3WDQ1bXQwODF2VVZsUkx2QU05aEkyaFI4VmEyaTVwaTRTaUYxbTZSb0puVXc0czR3OVJOcWo2bXRvejk4S215ZE1FeEE0aXRuNGNSUmlxT3ZKTw?oc=5
🎬 Entertainment,2025-11-13 10:00:00,WEBTOON Entertainment Inc. to Participate in Upcoming Investor Conferences - GlobeNewswire,WEBTOON Entertainment Inc. to Participate in Upcoming Investor Conferences  GlobeNewswire,https://news.google.com/rss/articles/CBMi3gFBVV95cUxPMmtuLWZmRlotS1pJSkZzMnhNWVJlSEhLaktUQnpkYnZJdlVWTUcwb2VibV9tamg5dWx6X2dMYlNXZU1UTlF0bVFBOGlwUjhnQ21LbmstaGh4bXB4eTZjYWwwLU1tbTNwem1YYXRWaUlDZzNKTHpTUGNaUmxRenBmMXliSlN4NUtqOXpXWHBQNDVQZURSUHdUU1ZfQmY5YzRXNFQ4NVc4QkstdU16T2t4MERRTXdPTFREaVJuM1gtZ19BU3lIYlZkQXM2aUE5bGI1MVBxMFc1U0FJZ2pFSlE?oc=5
🏅 Sports,2025-11-13 09:54:48,"School assembly news headlines today- November 14: Top national, sports and world news curated for you - India Today","School assembly news headlines today- November 14: Top national, sports and world news curated for you  India Today",https://news.google.com/rss/articles/CBMi5gFBVV95cUxQaDJmdWpYUTYtYVdnTkVEcU9rbXh4elNwYlZKNlYyWlJqMUNVWGZud2V3TkpxbUxpc181cmN5dlFuVi1UNkZibUNVRUhlLTl2X3B6ME95aU1sTE55V0trZDhJemcyTGJzcGxXZzJVbnBWRmVPc1JDUXQtQWdSVndCbkF5Znc4MndPd0NQc0NkVkZNNE1IZjZlWjJBd2R5WGNuR1dKTnpIcVRQVXJOM0NPSmh0RDdZOTJtZGlxa0o2UTFtX3FHNlFSNmVkVDFsU2NWQXIxa292aWtCRklVMkpNMDFqdEljUQ?oc=5
🎬 Entertainment,2025-11-13 09:40:21,Flutter Entertainment Stock Is Down 4% Despite Beating Revenue and Earnings in Q3 - TIKR.com,Flutter Entertainment Stock Is Down 4% Despite Beating Revenue and Earnings in Q3  TIKR.com,https://news.google.com/rss/articles/CBMipgFBVV95cUxPdDdsdm9QcUwxWlBTanhQSjduZUxOenVRLS05UC1GdVVKY0RKa2s5UU5KLWtLMGNNYXlqWjFLN0N3ejBJcmM4blVPNzZ2X2U2U09ubzZib0NsS2RLVjlPLXpUVFM4R2JoeDlHbHRNcDZqM2hyZURJMm1VZzdIUnRwRTJXelV6Y01WVXp3d21SSWE0SXgxWVBmWE1jc1c2ZUdFQUdwTDR3?oc=5
💊 Health,2025-11-13 08:30:19,India Emerges as Global Leader in Health Innovation: MoS Anupriya Patel - Newsonair,India Emerges as Global Leader in Health Innovation: MoS Anupriya Patel  Newsonair,https://news.google.com/rss/articles/CBMiogFBVV95cUxOZnZlWjdUblZRS2hneFlraEpuOFZGX3JOVm5uUzloVnJuNjcwUGF1VUhIOG1kNzhPRmZ5czkzaDVFUFg3T3BxSlJfdmhBS1kycC1xSTE3LU8zcVY2dFZGM251bzJ0ZXhHS0l1N1hTZlQ0aDNKeHNmUnlqek1MUzRha0N6bXpCU3c0Um96Smhrb2hpbUNadENGTzQxTEpsTU5pdFE?oc=5
🏅 Sports,2025-11-13 08:20:43,Mint Explainer | Why new-age sports padel and pickleball are turning into a magnet for consumer brands | Company Business News - livemint.com,Mint Explainer | Why new-age sports padel and pickleball are turning into a magnet for consumer brands | Company Business News  livemint.com,https://news.google.com/rss/articles/CBMi8wFBVV95cUxNR3BvUVgteWZqR08xWFZwWm5fNHFpdFJvbmFKczEzMjdfU2JPNGlsS3FOU3RKemYxU2VYdHQxRmdEU0tTbU9QM1FnN05Va05rYTdkMEdQb0RfbWxGd2MyMG4weU1HTUt1SzNHcjNpU2w5dFNHMnRrcWFpcjBLOTBrMHFiM1RrajVEMGZTbV92RFFiVlMySm9IYkxjWlNwa21tN3hqT2MzNG5Rc09ieFE3U0JfX0dUQ2NiZlppMWxfU0k1UWVCV1B0dnJsWTYwZFUwZkFyMFNWQ04tcU14ZlBfMTNnTHhUNlFjWXhYY3pNc3ZzTmfSAfgBQVVfeXFMTXllZXZ2RTAtZXhTa1YxNjl6R2NNeTBUQjBfbTJRUm9fbjYyZWM5cW4zVVZ4TDlQMWlTVXVNV1dqZFpycHhpVDJHNGV1VVp5dUwyVy12UjFvRzFxQ0lrU05KQmVUNDBkc2RMXzVnNTRMXy0tdy1DLUNtTGxJaVVlVXhpMjZ3bnFpYVVXRFEwdnRfby1oV0pZWmpuVHJIMFBDVk9jOXRiYVBxMnpndExrdkpBOV81Xy1KTG84WUZ4WGFwRERKY05wbVgyM2ZJV2JLNWFWTXFUQXN4SGpGUWZ6a19uWW5rMjYtLVJIdjZiVVFhSUdma0EtV0c?oc=5
🔬 Science,2025-11-13 08:10:00,Where Science Connects Us - eos.org,Where Science Connects Us  eos.org,https://news.google.com/rss/articles/CBMiX0FVX3lxTE1fc3NnSmNsMGdIbU9qMV9GdkhacGdra1V3NTJjc2dKWG5tLVEyeE5Cd1FmUmQ1dnpjSUc5d21lM3p2QUQ3ekYzY1NtN3BkRzRacHB1ajVtWGNoRU5odm9Z?oc=5
🖥️ Technology,2025-11-13 08:00:00,"Space exploration - Applications, Benefits, Technology - Britannica","Space exploration - Applications, Benefits, Technology  Britannica",https://news.google.com/rss/articles/CBMie0FVX3lxTE5VVW4tVnoxWHlIdGE2aWpETy1uanN2elZfN1RxOEtOVVpmd3EtTUg0NklGQWV4ZWlubndWSXB4dnFGbUVWdjBfMjMzd2EyR3N4U2xicFZuX3pVbHdoeURhcExhR3dlNVhBRGxuVkQzdnV6Tlg5V3B2NHBYNA?oc=5
🖥️ Technology,2025-11-13 08:00:00,radar - Britannica,radar  Britannica,https://news.google.com/rss/articles/CBMiVkFVX3lxTE1VdFZvSEp0RngtMmFqU1J1QmNOTmtBYURzV29iUGdjaG5QN09qTkJqX2I1ZHBaLUhFaFZxWTlVQWc2OUxPa2hPWTQtalE1TjY3NEg5VWVn?oc=5
💊 Health,2025-11-13 08:00:00,COP30 Health Day - World Health Organization (WHO),COP30 Health Day  World Health Organization (WHO),https://news.google.com/rss/articles/CBMikgFBVV95cUxOMk9RVUtFa1gydVNrQXB5UFdZdzZaY2dMS24xRXV3UF9seHU4eHEtUGJJb2VCVkJ1cnNWd2JFc0NyaXM5ZzlQZ2FLSHdNWkF1aTJrb0tWN1BXZy1GZERMa3ZjM2ZwY1Q3aU9lc1RKd0N5LWRZdzViYVJGTi1wbjVMc2gtcjFoWGFQanFMbFNtTVA4UQ?oc=5
🖥️ Technology,2025-11-13 08:00:00,ChatGPT - Britannica,ChatGPT  Britannica,https://news.google.com/rss/articles/CBMiWEFVX3lxTE9MaUozdjdvek1BazVER3BRbWR3SnNVMTJCcUJRbjROcjZ6WG9tZDZXOFZUdVZ6Um1OOUtNZWlXN2VSUGxKY2ZSVHA1d1ZFbW1SVXZnWks1RC0?oc=5
💊 Health,2025-11-13 08:00:00,"El Salvador launches DoctorSV, a pioneering digital health system in the world - CAF -banco","El Salvador launches DoctorSV, a pioneering digital health system in the world  CAF -banco",https://news.google.com/rss/articles/CBMiswFBVV95cUxNNThBV1laYVNhNFFudjJrLUY5SlJlYjNCOUpvT2JmRllHZm1OYWMtVklMVHRMbzJHX25NV3RlRUl1WDdPVUtZZHpVLWlNWmhpYlFjb0V1aFB5ZlRNRUdZcHNlbzE2Sk5nYmZpbUZmN01GZmF0dXpZeEdoSG5MaERFenV4dTRHaEMwUjJLZ2dXWXJWZXRIMTRWMXFpeEkzbi1mSEtCSGw4Y3lZZTItU2dZVFRuSQ?oc=5
🔬 Science,2025-11-13 08:00:00,ESCAPADE - NASA Science (.gov),ESCAPADE  NASA Science (.gov),https://news.google.com/rss/articles/CBMiVEFVX3lxTE43Yk8zcWlMdDFEQjd5eW1ISTBieDNXSkJqQmJMQnQtdkdONGRmWDNMU25KbnV6eC1IV3NsY1Rwc1NPUmJBczBubndsYmdEYzI1UWNkaw?oc=5
🔬 Science,2025-11-13 08:00:00,"Amendment 14: F.9 Citizen Science Seed Funding Program proposal due date reset to January 22, 2026 - NASA Science (.gov)","Amendment 14: F.9 Citizen Science Seed Funding Program proposal due date reset to January 22, 2026  NASA Science (.gov)",https://news.google.com/rss/articles/CBMi8AFBVV95cUxQZTdZTnZKM3JtbHVIcXZvRjZRQWdBYzhUYkp2c2ZSVGlIMDJKWDRDWDQ2VE1jOUpZbFpIYnJDYUItNzNQZUUtRWZZQ0djRVEwMF9qOGtNSmhOUi1aOVRwUU1OUFJnNmY1ZkRrOXl6VXdJb3NRRFVpTHctOC1HbVJXTUJTT0ZKaVhmRzBpN3M0N2ttb0Z5Y2Jpd2hEaklpYkRHQzJaY1lQY3Q1c3NyVGpETHdpY2d6clpQN3JfZmhWQXFQMEhZcU9teXNBN2FGQkdVdjdZaG0xek9PeFp3ZjZma2xjellRQkMxR3VLcVRlZ2s?oc=5
🏅 Sports,2025-11-13 07:52:20,Weekly sports quiz: How many World Cups has Ronaldo played in? - BBC,Weekly sports quiz: How many World Cups has Ronaldo played in?  BBC,https://news.google.com/rss/articles/CBMiW0FVX3lxTFBpeTY3UEhSclNjVEhOMTlCTUM2WjM2SERYYkpyOExPM0VmRDlXY0VETjBlMXNtcGZ6NF90dV83UVZSZlA5bHJ3YW5xVWI1OGRnWGttNnloNnF2XzA?oc=5
🖥️ Technology,2025-11-13 07:43:33,"World first: Air Liquide’s innovative technology converts Ammonia into Hydrogen at industrial scale, paving the way for new low-carbon supply chains - Air Liquide","World first: Air Liquide’s innovative technology converts Ammonia into Hydrogen at industrial scale, paving the way for new low-carbon supply chains  Air Liquide",https://news.google.com/rss/articles/CBMi9wFBVV95cUxNRHhzMzZzakhyRmpWLW4wQlg4OUE3ZDdlVVNBUmpCMWs2ZmhiaUFiMWR1Z2pId1dEeHZ3UEgzN2VGc29uVG1qS2FmZlh1akM0ZmhJeFZVYTdhZFZSMUdndGpLMm5RUUFUTHdTVUx4MVRMeXNUbzFvMU43ZTQ5aF9SdmdyYVkxMFdaOFZpdmdCNVcySTAwYS1WWU5heDdWdHd0N1doQllnbllqWll1QVRMY2RBR2tyWFV4eTJXQ2NxSlNobWtHbXBqeFlSS3JRazJsWGRIRTRSZ09zcTIyY0pvTlVxY0JlT1IxdE55aER0QjlMV1FESkFr?oc=5
🖥️ Technology,2025-11-13 07:05:00,What Is Blockchain and How Does It Work? - Britannica,What Is Blockchain and How Does It Work?  Britannica,https://news.google.com/rss/articles/CBMiYEFVX3lxTFBCZmI2ZWQ2NDJ3VkdyTGNUY3k4LURiTk56d2VKVTRrUXA2ajJqRU1VSjhMZ2xOOVgyRkVvU21RRDRVRU8wd1p5RWptOEV1NmJiQlNVWHFkc0VPNXI5MlVRaA?oc=5
🎬 Entertainment,2025-11-13 06:39:29,Entertainment Society of Goa Invites Entries for State wise Aakash Kandil Competition at IFFI 2025 - digitalgoa,Entertainment Society of Goa Invites Entries for State wise Aakash Kandil Competition at IFFI 2025  digitalgoa,https://news.google.com/rss/articles/CBMivwFBVV95cUxOMFlwUkxWTXZVSmlDbkFOMERjRDVZWmpMWnNXeTE0NXV1TGR6cTNIN3hEZkRqWHNnU2lFT1B5VUhObkowOWFhZVdBRkUwU2dDMXdBanNWck9RaktsOFNfWE9aT3hKaEZHZ0x5X0l5eHl5cy1vUHpILWZrdVVVTkFSeDBVNnZzMWhndENPUkRKei1kUGpMSHpVS19nYjhfczVDX251WFhMS1lKUWM2ZWRCSkdVaE40cDBXZGJOZjM0TQ?oc=5
💊 Health,2025-11-13 06:24:18,"Artificial intelligence, wellness apps alone cannot solve mental health crisis - American Psychological Association (APA)","Artificial intelligence, wellness apps alone cannot solve mental health crisis  American Psychological Association (APA)",https://news.google.com/rss/articles/CBMihAFBVV95cUxNSU5WX2RCS1dScmpRSDZERVVXa1BfYWJpUy12enBLT25kdGYwN2ZGQW1hbzZOVE5PeFpiNVNmaEFLY0pOeEwzVG5HQjFXb2xseXhtNE1WSTBveE91QURDaG5NbFZ0bmt6dUhBV0lrVm9CbDhSSzZZbjZ0T21TVDNFUGs3Z18?oc=5
🎬 Entertainment,2025-11-13 06:02:32,Bluegod Entertainment Faces Financial Challenges Amidst Notable Market Performance Surge - Markets Mojo,Bluegod Entertainment Faces Financial Challenges Amidst Notable Market Performance Surge  Markets Mojo,https://news.google.com/rss/articles/CBMi5AFBVV95cUxQeHlxV2N4YkRKM3ZJSFliblpwZjZFOHdGb1V3ZG5QTTA2SzFzWmE3RW9VOFRiNzEydEtKbXhaUmRZOU93M2pPbFh4THVIWGUxMGdvTU1LeUtDUWhhYmNHd3RBWTdiVGdtWmFlM0dlTmxCSWtuU2pRR3dQV2ZsblJyNUFCUmtKU0RwV25iajJack9aZlFzd2J2cDVDVEdsdnVLbkdqUVhkckJVcWhFa1djWlZrNVdTaGhWcHhHNXQ0ZzVkenRSajRlUGlPVWZKWkdKSlRITnJyd1BYc2xueGpzMWZRTlo?oc=5
🎬 Entertainment,2025-11-13 05:56:45,Silly Monks Entertainment Ltd Faces Selling Pressure with 4.65% Weekly Loss Amid Poor Performance - Markets Mojo,Silly Monks Entertainment Ltd Faces Selling Pressure with 4.65% Weekly Loss Amid Poor Performance  Markets Mojo,https://news.google.com/rss/articles/CBMi6AFBVV95cUxNWXhWSnozaXRRaWhLT190WnBCUHhQUzBmdkpLSERVNXlzV0dzTkdFbkVoTF9iQVVoX3hYVEFyRXJnaU1GZjBsUGhCS2pEZFFoSVhjM3dxaEYyMWdIelg4YWdlQTcwelVXczhWcVpJZkVBV3p5cm5fYllxRGRyUGtDQnM4VTJCOWZhcTJvZ0txODdfN1dVZEgxNDFIWThpLU84UV81ZkpFNzc0Wl9HYW90LVNjRVJadmhkUlBMTlJpWUR6X1UzLWwxU3hNYTJBcGd2a1BlNHkteTkyMEVESl9uTEhCZG9ub0Zx?oc=5
💊 Health,2025-11-13 05:53:48,Use Yorkshire health services 'wisely' during strike - NHS - BBC,Use Yorkshire health services 'wisely' during strike - NHS  BBC,https://news.google.com/rss/articles/CBMiWkFVX3lxTE5XZk5ySG5lSzM0LXg1QVNra0xfOC1kN1FkTjRNSVlMeHItbzcxbl9ZWmE4RnFiSGd2bm50TzY2dHR6TkFCOGVHZEplNjVlMkxITHE2RTFyOHRSd9IBX0FVX3lxTE5ROHlSWVpyQ2xScFV5M1dyQU14NWhsUmJvcVk5NUZlb2NzWkZ1eWFwYzhVRFMybndSU3NHZ3FTTG41UURLWEhtOGRTeUhGTWs0WkxxakxWeGNxM1FQOHNv?oc=5
💊 Health,2025-11-13 05:29:53,Health advisory: Use of generative AI chatbots and wellness applications for mental health - American Psychological Association (APA),Health advisory: Use of generative AI chatbots and wellness applications for mental health  American Psychological Association (APA),https://news.google.com/rss/articles/CBMiqgFBVV95cUxPZUhEUUVTMHdicVBBRklURExQQ0FRbHN1Sk5wbElXeGFleXJDWDZpeDNIQTRtLU5SWnplQ3RYcnVaWFZObDFDeE15V1RwZUYxay1rRFJkdlVVa1IxdTJQSzVyN0dTSEVGRmtJZ1lwSnBNTzJDVERBWXFwSHZIQkRzUTJSU3k5X2ExSlZhaWdPbGFDQ21GVEFDVkRKUjJWT2lVTDNzMzN4bnF2QQ?oc=5
🎬 Entertainment,2025-11-13 05:01:00,Flutter Entertainment PLC (FLUT) Q3 2025 Earnings Call Highlights: Strong Revenue Growth Amidst ... - Yahoo Finance,Flutter Entertainment PLC (FLUT) Q3 2025 Earnings Call Highlights: Strong Revenue Growth Amidst ...  Yahoo Finance,https://news.google.com/rss/articles/CBMihgFBVV95cUxQeGxjTE1aTWJ3UFBkMkY3U2VIeVdheF9OT1REMHdlN3pLYUNLTXRsLXpNV1VsRDY2NWpicnRKWGhVU25JbkItd3E3X0NGazc5cjRXeC1US01mN000ZnBzZWMtd09OT2Y0eUFBeXVSQkl5MF9GcE9PSG1ZZ2R6alZ0Zjgtc0EtUQ?oc=5
🎬 Entertainment,2025-11-13 04:34:38,Highlight Event and Entertainment AG's (VTX:HLEE) Shares Bounce 28% But Its Business Still Trails The Industry - simplywall.st,Highlight Event and Entertainment AG's (VTX:HLEE) Shares Bounce 28% But Its Business Still Trails The Industry  simplywall.st,https://news.google.com/rss/articles/CBMi5wFBVV95cUxPWjZ0OTVIeTRybERSQmhRbzEzclRzMDBMWEVDLTl0VmdxWTVZYTFFVXJ4NDVvZnRNUXQwbDN3RTRJSVdyVkctUjRwV3BZLXQ0NFJvZlc0VVMzNC1lUUpKXzFBd19UOWpqRldvanRJLVlLYzJGVnE0ZlRwQlZRaXJNbWFTNWpIZFUyR05iZUtGUTd5c2pMaDNqRll4YWZpQURjODdtTWJGMVc4MEVkcllrOTJKSlZrTkMxSnp0a0VGcUhuU1Zfbmktb3Zsd0paZ2tsNTd2bmphTU9RT2ZxUG84VTRqak1KTWfSAewBQVVfeXFMT0t3M2QwdkRscWhXZE5wUzExelFIMjU1cUtpNDA5QzhHYUljUlBFbkU4WUN6d1BEd1B5VTUtbVNZSG1QM1dPbWwtSnp2SC0wSko4Rnl4bFdhaG83Qk55N3dtcFRZX2xLNnF2MEFUMmM1UEVyZTJ3MEFEZHhzS2t2eFFRWWZWSXlyVHhzSkd2VmswdTdmR0dQRmtBUG1RYTFmOXU1ZkxfalRkcUI1LVJySWwwX0lHMEJTYmdhb1Y2MERLUEpuVHBfWmQ4YVk0Q0xrNndkRFBiS1VtcUZVVERFTDVCQUJuSDEzd21xV2k?oc=5
🔬 Science,2025-11-13 04:10:48,Can Diabetes Really Be Reversed? The Science Behind The Claim Explained - NDTV,Can Diabetes Really Be Reversed? The Science Behind The Claim Explained  NDTV,https://news.google.com/rss/articles/CBMiqgFBVV95cUxObWp4SWNUX1hCeG5wamtKUjlXMnFlZE8yUlNJNFBQTjlRYlFzRHFsNklZQzRZRDl6cjZrTG12Q1JWeUVqdVBmV2ZKT0ZjdFRFeGVBNktkVWY0eUZCMFAtR3dvUHRLS2pOdTdHNFdwaExOeVJBN0hIQTVFM2FNQTRIaWpKM0t6a0VOTWxqVDR5TTFjWHl6QVNnOWdKNzBVXzQyXzZZVmZmMFFvd9IBsgFBVV95cUxPdmhFcVcwaW56TGhDQ0VmUFlLbk9uUkd5OGJmMkVIUWJSLXBDNHJFdVBrRVUtNDNOVDBNMlJYeHJIWGJOUFgzZWxKRGo2SjRxZVZWMEMwWXQzUERKSlc2MXlzR01hTHlJMG5WeTdIcWpCbnFzS1NHWktYNEc1NGQ3aWtyNWMtVjhUSDdyRi1tcU40a0RlX0xqaTRZTkxsZUotamR3SnhrT1Y3Ym51ZjBYVzVn?oc=5
💊 Health,2025-11-13 04:08:43,Asia Pacific Health Security Action Framework (APHSAF) Stakeholders Meeting for the Western Pacific Region - World Health Organization (WHO),Asia Pacific Health Security Action Framework (APHSAF) Stakeholders Meeting for the Western Pacific Region  World Health Organization (WHO),https://news.google.com/rss/articles/CBMiwAFBVV95cUxQa2pEcmF3NEN0RE5lSFpPQk80ZHFpamY4MUpmRG9KcGxnQmdySHlVMGpNQUJGbHdHQ2ctSkc0ejJiY1VrblhqRE5WMTNqZmNDamZpY3hHdWJXU0k4TC1Bckw5X2loTHUxRUF3SnRpSUI3Zk9rTlgyM1dHSTA5eGRIaDJQeG5DeExrUkpNSzZKSU1DZ3dsQXdZYmExQUFhR0VEZU9fYXAzTFg4eDk5ZjBtUzhUOGNQMkhvR1BEZWp1emU?oc=5
🏅 Sports,2025-11-13 03:13:37,"NYT Connections Sports Edition today: Hints and answers for November 13, 2025 - Mashable","NYT Connections Sports Edition today: Hints and answers for November 13, 2025  Mashable",https://news.google.com/rss/articles/CBMimgFBVV95cUxNVXdicU5nMnJKTC1lcXFYYnBEbkZ6RVoyTzI1VDFjWUFLRFJkM25XTHd4Q21SMTMwLWtRTG5EUTJ2aE5pMFFYcm1QUEM4UUF0bjAwUDhTUE1QWGRPd0x6SlJMOEVuYng4V1UyYnNMM1Z3NFRrbUFBRHU1LWtQOGI0dnNHNVBjOGlxd0E3SWpocEN2Ym1oMTliQnZR?oc=5
🔬 Science,2025-11-13 02:35:18,SSM College of Engineering organises World Science Day - Rising Kashmir,SSM College of Engineering organises World Science Day  Rising Kashmir,https://news.google.com/rss/articles/CBMiiAFBVV95cUxQZTRFOUlOc3NIeFlFYW9NdFRKUWw2bHBnVnhzNzNUei11UjZiVnA3ZGN0Y3oxSzgyYlNCdkNsVkJqVERUamYyemptZ0xSVmFHTEluOVViRWYwWEtMQ3phcmVuUkNTUkRrajdLaG5nZVpONm5EaDJqN2w3cUZnMVRrb0FvLWtReElN?oc=5
🖥️ Technology,2025-11-13 00:33:58,Technology Investment and AI: What Are Firms Telling Us? | Bulletin – November 2025 - Reserve Bank of Australia,Technology Investment and AI: What Are Firms Telling Us? | Bulletin – November 2025  Reserve Bank of Australia,https://news.google.com/rss/articles/CBMiswFBVV95cUxNSGNGVXJKMDc3M1N2OFBtN0NLbUFieFprWTBmRGRyVWg2SWJOTE5aZkNKTkM0MnVDTUlFRXBPcXA4YjFQcVJMNDdVQlZiUFA1UXlhMG56Y2NNcTlGUGhZU0tMRFUzV25DOVk4UjlUdTR0NGRoMzdqX0Y1V0E4a3NxaTM2bWZsRmZPeGZENkRKVi1CaDRZelJXUTZETTJQNXVJT3ExczJsY09lQXVhMzFRUmJWbw?oc=5
🎬 Entertainment,2025-11-13 00:32:08,Entertainment Buzz - The Shillong Times,Entertainment Buzz  The Shillong Times,https://news.google.com/rss/articles/CBMicEFVX3lxTFBxQ0g0Q1BBZnpLSlZ5NW9hdnYwWWpsRlMyb0dOUWNSbWtvWXltUXlPRUE2NmNONkJwMGtUZFFEcmowRVZZMklmQi1pWWV0SDQ0ZlJCSGhfSXNUZzZjdWZ3R1NFaEs5TG45eG9jWm40eTE?oc=5
🔬 Science,2025-11-13 00:02:07,Interdisciplinary Science Rankings 2026: methodology - Times Higher Education,Interdisciplinary Science Rankings 2026: methodology  Times Higher Education,https://news.google.com/rss/articles/CBMitAFBVV95cUxQZU5uQ2xGWDNvUXRsQ1pZcmZ1WDlHZDZqNzFfakFyRDFVOU03QkF5X21pM01GYkhoWjlNd084QWJPYXJ3MXUzTUxqVUVUemp2LUNUMkZxNEwyUmZBb0xkaHJSdzlwTU5yeXFSbW5CYTJkcUR3d0ZsMXUwd2ItdWJ3b2ZuMFp2eXY5am9jWm5ZRlVlYjQ2N0lmZ0ZiMEpCY2Frc1VFRS13SDIzZVJUX0xFRWgxM1k?oc=5
🎬 Entertainment,2025-11-12 23:20:03,Earnings call transcript: Flutter Entertainment Q3 2025 beats EPS forecasts - Investing.com,Earnings call transcript: Flutter Entertainment Q3 2025 beats EPS forecasts  Investing.com,https://news.google.com/rss/articles/CBMiygFBVV95cUxOZDZ0eTA4LWxrN2F1cUQweDdRNE1Ub2ZyU1UyVlpIUWF5VXRJekRHT2d4bUpQNm1OR1g3SFViT3Z1U3ZMYmk1RlFLd3N0ckk5d2N1WC1ET0hfWm1NdFcwemIyaDFPNm5zdDFQenVHVFlnVmpmMUhGS2t0Y1N0eFNZNzUwaEw3VXo3cTI1UUZOYmJJMXF4blBsbTgwaVZOZ0dkdW1jY0RzTE4yY20ydEt5ZzRqaTVSdlBXdTFzdWJUVXVQR18zRGZ0X1FR?oc=5
💊 Health,2025-11-12 22:00:03,Hospitals knew a heart device led to more patients' deaths - but they kept using it - BBC,Hospitals knew a heart device led to more patients' deaths - but they kept using it  BBC,https://news.google.com/rss/articles/CBMiWkFVX3lxTE94NDJ6VUN0YW56Uk5UbkE5WUpsOGgxZEFtQjlNUmtnNEtQSDJuMXFTUGpBNnFidV9EWDhWUWtVOFpsaTYxN1gycHJ3U1Q4MTJLVmF5TXNsVWRlQdIBX0FVX3lxTE95WjdjS3FLRkkwOVBlYWF4Yms0N3VPdG1kUGZJN2VFenlEblBjRXJtZ1IwOUstZ0R2b2tzcThUc3RaQW1YX0JTUS1lQzc0ZS16emN3Wm90MDFQY3d0OUJn?oc=5
💊 Health,2025-11-12 21:35:54,"The impact of the European Code Against Cancer on health, the economy and society - OECD","The impact of the European Code Against Cancer on health, the economy and society  OECD",https://news.google.com/rss/articles/CBMizwFBVV95cUxNemNfdTg5WWlIZXpFVkFrMjhJRDJxbHdveTNsLWItTmdSU2NPb18wMmRhakE2Uk11UVotbDgxVGg5TlhTbkhYMm8zVUtlQXVsdUhaMWhTck95aExpbG9uVHdwcWxjRzhhUXBqMjlRSGlDSzRSSWt2MmpaRWo1N21GVUlWYy1nSVR4dVR4S2lxZUZGTkJUcW1qeWZPZG80RUQxbnFDbDhOWDRRbXU3SFVTNWRuUUdyQV8xU3I0S0J1ZE9oLWlYa0JEa0psX3BWd1U?oc=5
🎬 Entertainment,2025-11-12 21:07:20,Flutter Entertainment: Q3 2025 Update - GlobeNewswire,Flutter Entertainment: Q3 2025 Update  GlobeNewswire,https://news.google.com/rss/articles/CBMirAFBVV95cUxQaXN4OGZzb3FrRUNtMDgyZ0kxTGxJek9XSWZzQTFZZ18wY1hJMThMM3FId1ZWZl92UkM3ZFQtNEg3QllDTkhjUTRfcmVLVFFBUmRRbWExcWctV2JjR1oxM2NvWktlRzE1NGl2YThybWdDMDlWUGFXTm5DUmZNWmtBa0g3OGF6eHl0eDRwdjZGYlFUSVhBNFFWR0FTWk9UdFNTVTJfYWo2M0d0MTBt?oc=5
🖥️ Technology,2025-11-12 21:05:54,The critical but not well-understood technology underpinning daily life - Devex,The critical but not well-understood technology underpinning daily life  Devex,https://news.google.com/rss/articles/CBMiqAFBVV95cUxObVRSeWhDNW1ya0RQSjVtdVg0bDRiLTRlS2E1OFUwSi1qcVlEZWJLcU8tN1pSUnZWT1EyM0dtVVFJNkhzN1FQSjM3WWNvQzFzaHVPODdTblJhQmh2X1pFT2VIZFhEWWF1bkN3d2VscFlycXVsNS1iQzRnTEk4WUoxdjNNQnBBaE1Xczk2VmExZ1ZzNktjSkxYWFFDeFNJaWFCc1ctOVhJelg?oc=5
🎬 Entertainment,2025-11-12 20:42:00,Jameela Jamil Slams Tilly Norwood & Use Of AI In Entertainment Biz - Deadline,Jameela Jamil Slams Tilly Norwood & Use Of AI In Entertainment Biz  Deadline,https://news.google.com/rss/articles/CBMikwFBVV95cUxNYkw5MDVJTUd5N1VINGVTSnRHeGhjSi04Xy1kZTE4VFBMOGtSeTVSajFjTGF6S19NSXliZHY5Y1NJVUxzRktjajZSMFZXb3lJX09BamItRmN6dmthSWhCV3Z3bWhNM21MdG5GWDZHR3BxUkRiUEhLWk9XRXY4ZW1PRTMxNjVsQjMxUVBuSEIyWDBQamc?oc=5
💊 Health,2025-11-12 19:49:39,Lexicographic qualitative approach of nurse’s perspectives on men’s access to sexual health care in Portugal - Nature,Lexicographic qualitative approach of nurse’s perspectives on men’s access to sexual health care in Portugal  Nature,https://news.google.com/rss/articles/CBMiX0FVX3lxTFBUUzZZWDdUcWF3RTI5NHYwbGdjUFRSNFFOZFlReEZvbzFIVmkyeGJxOVRNUDhKalB6YkIyclRGdGxMRmc5X2xfTmJqRmNyR2wyNE5CMWVEcTdXZGlNdzUw?oc=5
🔬 Science,2025-11-12 19:42:59,Strengthening the Science-Policy Interface to Address the Triple Planetary Crisis - Geneva Environment Network,Strengthening the Science-Policy Interface to Address the Triple Planetary Crisis  Geneva Environment Network,https://news.google.com/rss/articles/CBMiygFBVV95cUxNb3ZCY1B4R0NkMm9KaVZwaTZqRS1EdEg0SUFwcl8yZG1lR3ZWdEw1ZFkzOTQ1N2UycGVNTDZlSnRfblhuZ3BIeFdiTFdHd1F5YW5TeUZ2VDJBSlIzRmlRNm5RQ3luVm5RZXVnWmI2d0Vob0VsQXhVM3BpYW1MclZsOEFTZ0pKYmhzZ0R2T3oxdXRRcWVuMFpKWmNsMGJmbmYzNUhEbFBmYWh3MWZRMWlxXzBRRTJzdEFLa1RqU0hCdUQ5U3NVbi1teWp3?oc=5
🏅 Sports,2025-11-12 18:46:10,AR distributes sports items to youth - The Arunachal Times,AR distributes sports items to youth  The Arunachal Times,https://news.google.com/rss/articles/CBMijAFBVV95cUxQTGtkdFNDZEc4QVF0SmZubnpfbWhrNVFibmhEa25zTW9CMF9LQktzWUstMmgtcEdDYTVRcm5ycGItMWVod2NiUXhTRzhXQ0hOUEVnVHh2QXBNbC1hRVpjekhKVklmQm1mMFJ5RF90V2pfaHZ4RzNGVG9XajBKX2QxN3ZkbFFZQUIyQm9GNw?oc=5
🔬 Science,2025-11-12 17:52:00,From TIFR to global acclaim: Mumbai mathematician wins two top science honours - The Times of India,From TIFR to global acclaim: Mumbai mathematician wins two top science honours  The Times of India,https://news.google.com/rss/articles/CBMiwAFBVV95cUxQSUF0TERMYWtsYUJqMTRiaFR0dmJxSjJVWWpfTzFhUk9ZNWI4UEhfejA3cFlQWmhGTk50WjBRZFFnR1YzMVo0S3FSdk1KbW1VUW9JMkxsaFhSTElyX2FyMTgycE16R0hsRV9VOEZxTGh0S05yemJQUmxQdlRHWTVLRUVKV2NoakxBbjNwajJZTS1YNS1DNXQwZ1lQS1RRbkdnMmRfNEFIaXhCNXJLa1l0a3g1LXE0VkZnVlU2SzRKNnPSAcYBQVVfeXFMT0tPQ1djQVZpRmNIaS1Temg1c05GeVBqNU94Y1VJR3hXdkU0ekRDS0I4bktEMURza0pWaEYtQkRnTGhSbHZFbW1BY1BxMXIweDliTlpBalM3QzR1WDZBQzBoSUVNbXZCY05tRTBNemRFRnZIalRNYzNiMTE0WUhJZVJEVHotSlFsa1BVVE1zZC15NHh1Z0xuUHFKWlhrQ19lTkgwNld1a1AzNTBNdnRBWi00UGFCY3JPOXFyOEN1YWp3LURQd1J3?oc=5
💊 Health,2025-11-12 17:35:19,Population Council is an Action for Women’s Health Awardee - Population Council,Population Council is an Action for Women’s Health Awardee  Population Council,https://news.google.com/rss/articles/CBMikAFBVV95cUxOTXBYUlNfbHNubzVRY1NLWXZXWTZSVlkzYWZod20zZndFREtWZ2U0RlVHVDdtc29vZ0toejQ2Wk1uS1ZyV3dUZERIVWxHdWdSRmZkNVVORkItV1pZSFZ1RUpCSlRVQ0d4Mll4bDd5ZjJfX2FBbXBsYkJha0k5LUI5Z1p3ZzlBd25nTWo0R0E1ZW0?oc=5
🎬 Entertainment,2025-11-12 17:18:04,"YouTube at 30,000 ft. - blog.youtube","YouTube at 30,000 ft.  blog.youtube",https://news.google.com/rss/articles/CBMiiAFBVV95cUxQU054V2tmNnU2Z0I3NXRtQU16NzJzYkFYUnFWc19GaTlWT1R5MmFicHZ1T2x5ci1PbHlHX0laOFlpd1R1Ry1NbHJnSkVLRXQ3RS1fS3o3SHRUUkR4ZlF5MkxwblUyQm9TbC10MGVINl9rZDNabUxMMExjNjZFSGlsX2lSbWd0TEtR?oc=5
🏅 Sports,2025-11-12 16:30:00,"ISL, I-League clubs to meet Sports Minister; Arjun, Pragg into Chess WC tiebreaks; Compound mixed team into Asian Archery C'ships final: Indian Sports, Nov 12 - ESPN India","ISL, I-League clubs to meet Sports Minister; Arjun, Pragg into Chess WC tiebreaks; Compound mixed team into Asian Archery C'ships final: Indian Sports, Nov 12  ESPN India",https://news.google.com/rss/articles/CBMi3gFBVV95cUxOR3pEUWVSUXJRaXliaFo2THFxb2pieG1JQ3AyRUVaVGZVbHpJck83QVpQNnZZRW1HUVdpaXlCZkhWVWFHYmE1ZXo2ZWlxNXRRSmhfeVNiYzBDdWdoLWx4YmFYMzZTcVowRmVPM05zbjk2Y2JMUmI2cUd6THVQYkNSVXBtYmpOUkxqZ0FBTUp1RF81a2cxakg3R09PWTJEUFpZd0xnRDJaWkxRWTdudXF0VEYwSzNZdXBvQ0RfRlNIblBYSERzUTN3RnJuWmo3TUYyV3FoS2hteV8wOW9BRGc?oc=5
🔬 Science,2025-11-12 16:29:30,Citizen science for climate adaptation - Nature,Citizen science for climate adaptation  Nature,https://news.google.com/rss/articles/CBMiWEFVX3lxTE81TWV6dUxjSU1pYlhjVEM2bzl0MXRNVjBwMFVEZ09ZbmotT05fXzBXbGRXOTRrcC1DNFhrNWpiNm5ROUxFYUNQR2J6WG9JYUczVVJ5ajJLdkc?oc=5
💊 Health,2025-11-12 15:45:00,What Happens to Your Body When You Eat Citrus Fruits Regularly - health.com,What Happens to Your Body When You Eat Citrus Fruits Regularly  health.com,https://news.google.com/rss/articles/CBMifkFVX3lxTE1mVVNybHdsV0xkSmFqVUMxcmhWcnNwQ3AtQ0NpM0lELWktYkRRQkhYQTVycGNOQVo0UzZUbmItdlY4R3RlNnBOdmxFV0J5dnVKVjJoMEJXc0lTcUxKSUJ5dDVLNVViUlhOWjJhajdEd2tJTzVLUDJVVlJmTlZwZw?oc=5
🖥️ Technology,2025-11-12 15:33:45,23 Blockchain Applications and Real-World Use Cases 2025 - Built In,23 Blockchain Applications and Real-World Use Cases 2025  Built In,https://news.google.com/rss/articles/CBMiZEFVX3lxTE1vNXBZX242anJSclNydGtETkVtSV96dndscGEwakIzN3FSUDVzbXM2ZHJkenI4R2FNM2lxOTE2SUdIY3M3NUhLMkZpa2tsdC1GdmZXcDZxZFlNWlhqU09KZGtxQ0o?oc=5
🎬 Entertainment,2025-11-12 15:03:46,WWE and Maple Leaf Sports & Entertainment announce long-term strategic partnership - WWE,WWE and Maple Leaf Sports & Entertainment announce long-term strategic partnership  WWE,https://news.google.com/rss/articles/CBMirAFBVV95cUxPVFp0eHJtNzIzb09NcTBtODlRa2ZhamIxYTJvbnpDNGYzZnY1YXBtWGlNekpobUo1VDhLamZSVXJCX0xRNzhxWW9uaU5vR1phUFlzWEo5bzNjQ1ZGa0FFNVJjbWkxM0JKRm5rRlVuZjNqMlRMczAtZnpNdEd5VHlzM0F6dEk0elM5ZlFmeGFPdFR2UkQ4YVlZM3FEdGdyakRyLVNLQm4tcWlqd2J1?oc=5
💊 Health,2025-11-12 15:00:00,Listen to the Latest ‘KFF Health News Minute’ - KFF Health News,Listen to the Latest ‘KFF Health News Minute’  KFF Health News,https://news.google.com/rss/articles/CBMikgFBVV95cUxOUzVpYlNwLV9mT1UyLWkyY3lPdEVWSjJxVTJ2aEoxTkNRaDNBa2pOX3ZXRHlnUzRUZmJQSVd2bTZjQUtZUDVnS2ktX0J2RjVTVkFXTlJVeVhtMmNuU2FCM1BhcXpzLTRMdFE2UlhwcDJGRjhNZnJ2TzF5c1NOT1lXdDczVHNVc0lIWEoxZnRBTTFidw?oc=5
🖥️ Technology,2025-11-12 14:54:23,Conversations for Tomorrow #10: Crafting technology - Capgemini,Conversations for Tomorrow #10: Crafting technology  Capgemini,https://news.google.com/rss/articles/CBMikgFBVV95cUxNRmNlUU41c09QNnpwcThia2JQWmRvTDdxMFE1eEc5TFRrQWRiV1I3S1hoMkFfdElwR3RqWmJ1b3hYcG9BRkx1YTRSSXZiR29TVVZBR2ZIa3ZOMi1rdkhRY09kODZTSXlMNExpQy1sUGtJLW5GQ21CdmJzRHdBSUZIZFBobWE1Q1U0anM0NmpremJGdw?oc=5
💊 Health,2025-11-12 14:43:12,Pairing precision medicine with community health to support healthy ageing - Nature,Pairing precision medicine with community health to support healthy ageing  Nature,https://news.google.com/rss/articles/CBMiX0FVX3lxTFBNVU5MMl9DUkZoNzVoT0pIZjNzUDVZTU1LalBoQ2JUTkVYcmdQS29tREpvd01JQ1A1N0FVQ29hNTRTT1hhYm5udFpKSXJ5a0ZhaGlXbTBuZVlIWnhUVVNV?oc=5
🔬 Science,2025-11-12 14:16:01,Why smog grips Delhi in winter: The science of it and survival strategies - India Today,Why smog grips Delhi in winter: The science of it and survival strategies  India Today,https://news.google.com/rss/articles/CBMi2wFBVV95cUxNZ1JtczQ5UjI1N1VNNkJJaEJQV0E4ZTUzOFlSVDdKeFJPYmF0c3ItdGVCZ1gyVXptcnY3LTVEN0ZPc2lySjB5ZkRDdlN3cmdHYzROUnB2Y25XNEV4eDNWQkNlNEFTTEdkX2JPc2l1Z0ZkbUtFdUIwVE1OdTkyQWZTXzY3YVozaGIzM2NSeU9EeDJEaWljRHNnbG1GVTlJSmZFc09RcVJUYVplZEdjQ3ZtT3o2VE9SMlVDVS04ckJFM0JxNGNlME9JNm5naG5MVUhBU3RQZkxLOUFKWmfSAeABQVVfeXFMUDdwQWk0QS1ockg4Y2w3ZnM0R3RWVVZEU3JkUGtQMkdsUFJLRklHQVpyM3FzcVR0bWpjUkw2YXhCT29zeWUtZjZIdFdKa0V2amlCSXFXNFRGTC1pb1pITmZqOTlMUUNyV3o2OUVGSHBXLWRGTzJwZnJrdzh1NVFuQi1RLXdiM1JSN0U2ZWZ3WW03aXR3LUpZMUVaX2l5MExwWndrU1VOTU81N2VBZHotZHR3c3UzV0UzLUEzUEVoMXpBdHlnN21uY0VsLUlQa0xFUVF4M2ZOWTg5aUdkUVl2Ulc?oc=5
💊 Health,2025-11-12 14:02:37,Workforce Health Across the Value Chain: Organizational Insights to Mitigate Risk and Create Sustainable Growth - The World Economic Forum,Workforce Health Across the Value Chain: Organizational Insights to Mitigate Risk and Create Sustainable Growth  The World Economic Forum,https://news.google.com/rss/articles/CBMi4gFBVV95cUxPV19hZHRESzBuelhqVHRVZnR2dWZQaUw1WUlHNHhlRFkzb2FzRmw1TVVQNl93dXRPcm1MNlpQVGRhb20tcmNqbnVRU1ZkZWRzbHp0TVliNlJqdjFKSDlZUUhuS0t3RGdtLTctb2g4bDV6OVhHajE4elZhVEMwMkFSTTBYbmtQS2IxRURkbk5EZVhtQUVsRFpTU010YmNBWEFEM3czY2JGdEx2b3RXdlFhcEZmT3I2Vnd1QWNaekVXdjhjdXRGLWpuS1A1V1hqalQtcjNGeTQySVlPM1liZ3ZYS0xR?oc=5
🔬 Science,2025-11-12 13:59:10,Taking Carbon Science Out of Orbit - eos.org,Taking Carbon Science Out of Orbit  eos.org,https://news.google.com/rss/articles/CBMid0FVX3lxTE9fd2E4eTRTVklOdUdrOE5aeW9ZemFOUmZ0ODBxX2NHUUZSYVVHQjF2d1NvYWQ1cjFBUmtjcFQ3Q1dna1RRQk1WZGlaVDRVYjJlRzZzaVg5cndrMkVBaFNkTFpDbnlKNHM3OEYwM3dBUXg5MFNOSXAw?oc=5
🏅 Sports,2025-11-12 13:03:00,"BFI, ACG Sports unveil India Basketball League and India's first residential basketball high performance centre - ANI News","BFI, ACG Sports unveil India Basketball League and India's first residential basketball high performance centre  ANI News",https://news.google.com/rss/articles/CBMi-AFBVV95cUxQZEJSdDVVOUxWeXFIVXZNZlEyQkRodTJWV3l1UXpIbnduVXFURnRJdVlYcGViWG1CLWY3OUNpLVMtTXV5YzVEMGkyVG1uTFAyU0dmR2k3NWMtRk9LTFFxS0JieDBOTWFIdmxvUl9vck11SGU1YTB3OXl2M1AtSmtzNjB4WmhFSm55U2JweW9CR080cDFkbHZ0d0tXMktNZHJJcGNZY042aWk5c0UyQkZtVTVDR0RSSXU1QXZnMXk4QXdIWUoxNzktajZjYUwwU1QyUmhfNTFtWEZZbHVzOGg5NnMyUkRudGFqZy13VjJ3RGJJSUFCY2N2atIBgAJBVV95cUxOSkhPWmMyS3pQZEE3dHZTeDlIVy1LZnZQSEFmcWdfTTJJLUMzX19yeWFkRU9YRnAyV3hYSnFQaTVtRmdoRjhBb1FzWkM0S3E4VThHRTdNV0JQaVpKZWp4TEI5QUlmTGdkV0t5dElfN21zVXVIQjBLNmlPX1pxTmFLbEJXWF9SaS16RFhEcUU5REZta1RXdnZyOEhSb3p1dm96RDhsRFFIbW5YakVHLTh5UklEZ3Y1eGtDNWhsOEtKYzVkdGRQcWoyWjczWU40S0xFS01YNHdNZm5WUVo2NEhKUk9sZkxBNVpBck1RejNwbzRscjNJRG96cFhjV1Vicnc2?oc=5
🖥️ Technology,2025-11-12 12:29:20,Mercedes gives preview of the GLB with EQ technology ahead of December unveiling - electrive.com,Mercedes gives preview of the GLB with EQ technology ahead of December unveiling  electrive.com,https://news.google.com/rss/articles/CBMiugFBVV95cUxNZzRaSU1fY0oxQkVwb0ItenlNUFVCUzFYU3RWWEdiaktOQWVKLUN3d2ZhSF80c3JjMVZSQnhkWnBpWXdOd2NDUUxiZzdtMHlSa3lKZXJHNkJiajBDRXYxV19QM2l5XzBDSVJFbktmSVZvT195V2lNblhqM3RQc1AySVpRc0ZfRVFQN0liS2tKYkFCZXBmOFEtcVZoYzdVTVRtVHZXQkdkVWxwWGZJSkxnUS1qOWppSHNVNVE?oc=5
🖥️ Technology,2025-11-12 12:24:18,Upgrad appoints Deepesh Dhakad as Chief Product and Technology Officer - People Matters - HR News,Upgrad appoints Deepesh Dhakad as Chief Product and Technology Officer  People Matters - HR News,https://news.google.com/rss/articles/CBMiwAFBVV95cUxNdnpPMEpBSldjREJNdXF1QzZZZk9udjE2SGZkMUs5SGh6R21fZURaOGF4RXlIZGhoeEhiV051YjVBTERlUzBSaFlfSktTTUJVM3JFRVZxR2VQRUtPMDJrXzJ6S3YxOFhhLVlhR0hiZHZjUE5DQ2RDTVZobjFSUWU1aVF4OWZfSUF1WWJ2aW9QS3JRamhzZkNDbVJ0NWhiWVc2MVdyWWp3V0xQSy1rR3JsTEJFX0tsRnd6UmtKMlJPRkg?oc=5
🔬 Science,2025-11-12 12:15:00,"A bookish evening with Christopher Doyle, decoding the science and history of the Mahabharata - The Hindu","A bookish evening with Christopher Doyle, decoding the science and history of the Mahabharata  The Hindu",https://news.google.com/rss/articles/CBMi5wFBVV95cUxNY0JkYW15MWNWbXFHNUxhNFZhNzE4ODJmbGdaVmxtWWN4Wk5HbEtnMEg4TkJ0ZWhfdXZLTkd1QXZ5VThqUTVXaHFqUnE2a1JGaVFoNHdLRERldTJ4d01Ud0lDVjlIMTBMVXFSMTdjZUNwbkNMYjRPY2xkWWlLc082czhXaXBJRnlhUjdTWWZ1U3Q5T21TRy1STWlQdWVIcFdyN0o1SWFGMzg3WXptV092NTZmZlNIRnNFdlJzM1NJb3hTRWdUWnJZaWFiMldPMS1DaVpXYzRncy16V3lBMzItRUZ1dU5VX03SAe4BQVVfeXFMUHJOMFZZeVI3eC10bmxJQnVpZVpaTXNQZUhENWZYaVVjT3A4VUFZRnBGeXY2eXhJMWo0LUQtSDY3U2lFMWlaSmFoUjZ5Nk1XdHlXVm5neENwanlTVTFHZ1FZSlNHcXZUVkd1SkhtVnVaVDZva3lnM0gzdjlFMVByeUpwcVpmMkZ0UWFiWmlpeFNIUzExa1ZXNTNONXYyWmZiZmVMOVJHaVB5ZjZuaThuOXNsREJEU0gxR0l5OUJnbjVxSEswZ1dnX0NPOXltcGVIcnhKYTM2cGk3d2lJSHN5UW93NkhTSWVZbEZtS1NJZw?oc=5
🔬 Science,2025-11-12 12:11:15,‘Godfather of AI’ Breaks Major Science Research Record - Scientific American,‘Godfather of AI’ Breaks Major Science Research Record  Scientific American,https://news.google.com/rss/articles/CBMinAFBVV95cUxNOEN3MllKQ3JzV2RFbUpqU3I4TXl4UnRsXy05d2JWMW1iWmdEdEZrblRHMnN2Nk45bmhTOFdQSU5kNFRkUl9WY2I3aVZYRm5PRy1JZHFCQzdUdmlzcjcydkF1RV9rRlZfSXp6X1dTc0U2MG1URUdSVktaMHQzek5oNDJOVEJjcEVtNmpaOFVxZmRfdmdQb0I4NGkzMzU?oc=5
🔬 Science,2025-11-12 12:00:57,Democratizing quantum science through sustained action - Nature,Democratizing quantum science through sustained action  Nature,https://news.google.com/rss/articles/CBMiX0FVX3lxTE1Nc3JzdnowdVlKWFBHa1lkTGpxQk9lUDdLMnFuOUU1VWx3cmdUem9iWDhDWS1meFMxazNCZUlYdXAzbWNyZENuVnB6S1ViLWt3RHdZLXJmbW5UMnA4WXBF?oc=5
🖥️ Technology,2025-11-12 12:00:00,Technology Services - Mahindra,Technology Services  Mahindra,https://news.google.com/rss/articles/CBMiaEFVX3lxTE9nWlQ0TWgwX0tidkNJdnBrUFlYNU90Mms4TldKcEdFZzRKeUlxNFlBNmZGYTZIbjNUY0NEejVXQlRTQk85MXh3WVh1eWFhbzZZemxvYklPX1NoS2F2bXU2T2RVTzk2WW9E?oc=5
🏅 Sports,2025-11-12 11:30:39,The sports tournament where drugs are allowed - The Economist,The sports tournament where drugs are allowed  The Economist,https://news.google.com/rss/articles/CBMinwFBVV95cUxPdnBiUkM2Y0dqdlBfNmhUaHZLa3ZWaVNoRll2VmUtVDE3dmw4emhYWW5iSG1lS2NuOVY5dkVsbXNpTGxhZnlmWUc5WC1nWk40aFBtamxTQ3h5aFdScUVENHJNUW5kOVJpM0gwWWRXbmJhTEwyUmRrb003N3MzaU5MUnVIbXVlc1RxUkR6WGoyZ3VWbUFsTE5rRjA3LU5NNFE?oc=5
🔬 Science,2025-11-12 11:30:00,8 science-backed foods that naturally help lower triglycerides and improve heart health - The Times of India,8 science-backed foods that naturally help lower triglycerides and improve heart health  The Times of India,https://news.google.com/rss/articles/CBMihgJBVV95cUxOTmhfNlpDV0M5Ql9IQmpiY3NSS3hVV0otWjNLREFheTRtMW1IbWhTYWRuZjBYWGlGRmFYeFBHc0FXdmFkMC1KaXVxNnllYXl5MkVyWi1FcmZ3SGhlSFpJdWlvVHYtZUhfSjVqZFZzUVJabXd6Ql9DS2pDQ1FtRXFHbndfNzF3eldCVzJuSlFfc3dUYkROSjhjZXAxYnhVTnJnZjMtN0VOZTh5UkxtTXd6OTJfTmcySnZSZ0RSM0NfUE9sb3pXbG1sYWU1clY3bmdCOGNWYl9mQ2FTVUlya3RydF9WekVYQ0MzaGFxdVh4WVFVNnZOSTlJRkRzQWQ1WDlPSmVTYnVR0gGLAkFVX3lxTE1rYXVEcjBvMDMzTDhhOFhQZnZySkxHYzBiWkQyN1piMmZHbXZqVHhiRkRiQldUVk1hR1VsRi1jcnIyM1lWZVlUbUxvd0FmMUE2VTZuRHE4RHBpcUN1ZEhyTFBVelhMaDV4T2VrSG1MZVBXUEVoYTJERDlrbkJTUUNVTGVvU0NHMEtNb0YwU2dmWFpLSm9ITG5vcUtEVjFBQU0wNm1xZExlTXY5dHVQSmRHbHllbldxN1NEeEpxY25TWndQM2p6ZnNJZ0x6RWZBYll3R1BiUnhPUWo2R2lQOG5mZ09rYmthTmZHS2ppMEtFMkZ3LUR1d2U2VXdJQVBvMDFDVXd5b2YwZjRfZw?oc=5
🖥️ Technology,2025-11-12 11:15:00,Donald Trump may have just agreed with the 'biggest problem' facing technology companies on H-1B visa - The Times of India,Donald Trump may have just agreed with the 'biggest problem' facing technology companies on H-1B visa  The Times of India,https://news.google.com/rss/articles/CBMijwJBVV95cUxQNVF6cGpXZlk2czlCa2kyUUpoSDZtWWpNejVVVURzTjd5TEhEOFdJY1pNeHlWTEJXNUsySlBZRXd5ZHEyMGRRektYcXM3aTBMeVpCYTJ0UmFRRFRMU1lxdHFERzFNT29FSkt6cnZVRlJISVhKdWtEYWVUM1FxZENIWmN0MzR6LVZLQi10c3dGX3VMakNVZ0JJMVFHSmhPTWdacndmbGlGR25YZDYxM1RleVpSLV93QVl6SU82X1FfY1lTdG91TWpEUktrN2tWd0FJcTU5UTZRTGlyakRTYWVETjluSDA2VmVmQWowX2tuWFVMLTF1aUdkZG5KMDlkTFlQMWZWUjBXMHJ4X0RVeHRV0gGUAkFVX3lxTE5OSTRSM0hlcXdOVUptbWxpdlBOeXlCUFo1X2JHcUhNQzZLSkFPbmRtVml2V0lYQ2V2VFZ0b3JBbFNhQmJMckxUSkhsUjRSRGcyOXBOR3oySC1mV2V5T2huTnZXUk02cEVKVzUwd05VSldzOUtMbXdqUFV2UVQ4UUp6OTZpOENZTVZxYTdNQVgyVHlOUHpIVDh2cmJCa05VQzhmVzBaSnp4QWlsTlI1b25UV1pfWTV2QzI2UjZsVUUzMFpBVFFNTlJuTUMwVzNIcWlYUUhKSzJ4eFlJOUM1WTNqSWdIZndsd3hwMXlMWFIyMnNxel9Fc3hTMDBLaHNkT0VxY1ltOWtiRVdiQXpNYjl6a0NjOQ?oc=5
🔬 Science,2025-11-12 10:49:00,Australian scientists discover new 'lucifer' bee with devil-like horns - The Hindu,Australian scientists discover new 'lucifer' bee with devil-like horns  The Hindu,https://news.google.com/rss/articles/CBMiygFBVV95cUxPdDEzQVpMV1AtaExYX3ZfRWpKdldwY1IwR2FicV9UUUNKLV9VbVV1SE1BTzRxb1VrRV9ZWnBSaG1kWW8ycDhaVVVCdXRiem9YQ2VmTHROeXAydjNBNmk5Mk82TFRFVEtsMGxwanpDbFZuR1lxTjJKdE52UUNXVFYwZ3E3VmFXOGRPUlE3ODIxTThqODdrWHV4TTZTR3N1aDdfWVdsYTY5UmFnazRja3ZWRVM0emNsaGROM3ZRVXV4eHU4NXJLdzA3dlBn0gHQAUFVX3lxTE9CUmZDdnRvYjYxeW44cjBRbFpfMVJ5YlJJR3lpNXExWW1LQk1GT0xhX2lpZ2tfVXZZUG9BSkR5UVdJemc5dHk4aE0tREowa3oxMXkwVEp0a2pvVktMaW9XemZTVFYxRGFuckUtd1VESlVmdzY2XzdIUEVXVXh5b1E5WG5lM21pYmxmaGZQVURSaXhtal9YMDRlQ1FaODFOYlpISktIZF9QbnZPNnJfSGRuMzFiaXJMd0tWVE9FaUNBM1ZPSndfaWsxNUFNUkJCcEU?oc=5
💊 Health,2025-11-12 10:41:15,Advancing equitable and sustainable urban health - Nature,Advancing equitable and sustainable urban health  Nature,https://news.google.com/rss/articles/CBMiX0FVX3lxTE9Kc3V3aWluTW4yRTE0OWpJb25FOG51cnExamNuNnQwczFDY0hkTE1ObU5fRVdDMEd2NWFIc0hnaGpGQUlzMTF6VmJyaGRjR3BjNGNJd3A1Tjl6Nm5McXBV?oc=5
🔬 Science,2025-11-12 10:30:00,Infosys Prize 2025 announced: Infosys Science Foundation Honours Six Young Researchers - researchmatters.in,Infosys Prize 2025 announced: Infosys Science Foundation Honours Six Young Researchers  researchmatters.in,https://news.google.com/rss/articles/CBMiuAFBVV95cUxNUWRoRHpvYk1rZUQyYldVT0xXcEw5MkFSbDdrMWNvXzdXdjZmTEphU291WE1GNm12RmxmZGhfRHJCUU02MGI0ZmZGVDVGVUZ0NV9qa1E0RVJEQUNVOXBpVjFscUlraXR2Z3MxYzl4d2JjLVZDOW1vTXFxTlJ0Tmxoc1Zyb09LME05aXZtZ0xUUXdYNXEtRmF0TXVXZXpHU3RkcGhUcm85S085b2paa2R1UGo4WUFoLWxD?oc=5
🔬 Science,2025-11-12 09:51:12,"When You Look into the Box, the Cat Winks Back - The Wire India","When You Look into the Box, the Cat Winks Back  The Wire India",https://news.google.com/rss/articles/CBMiigFBVV95cUxPc3NrSUFnSFFpSm5scWloeE1GNkNRYm5rYjFPX2ZOLVNTSUxNMkxUZWZwM0tnWXpsV3ZyQUFZOVhLYmZrN2cxUlk3WEZTeVZyRnFPeDZMOGk3VlV3VTkxcVNPYkJuUFM1dF9jRkk4OUJnNUo3WGhGRkUzek1vLXAwOWhCYUpLQ2JaeEHSAY8BQVVfeXFMTUh1Z0d3SHNoSmhzeHhtaGlRVERCb2QtT3lHNzRnUV9yLU95S0tmV0czNkVtNVZZZ293OWgwLVozdTgyZXlSN1FlRUNjTlU1WF96aTI1YXlRM3gzVDBkUUhoMHZMdmJJSUlyTWp4OVl3SzVmNVhrU0RtNGxaaWZHaS13MUcxRWZUOFJhZmwyT0U?oc=5
💊 Health,2025-11-12 09:50:44,Egypt becomes the seventh country in the Eastern Mediterranean Region to eliminate trachoma as a public health problem - World Health Organization (WHO),Egypt becomes the seventh country in the Eastern Mediterranean Region to eliminate trachoma as a public health problem  World Health Organization (WHO),https://news.google.com/rss/articles/CBMi8AFBVV95cUxQSVZiV3NDVGxKZDhxRjJYanJQVU5aX3lfSlFLMjhuY3VaSzgzcXFzR0xDYm5ScUVPTzNfZVVNZ3ZCMnBwNTVRWjhxYkNMd0ZUYXhIUDF2dUxSMnNQSWhlVFVlNXRXTUpUdm1vUmJhN2NPM1BpRDdFNXFueW9nR0RNVWwwOWR6MUFEeWJjOThJbmlrLXV2TnZENGc3UkxHbVNYMzFGZzRpNWhDTVRjOGFKZWRhNTVFVkN1NUlZVjlBSmV6U1owSUFmQklJaFpSdkx1LTdCQURPVmVBQ3l4akRGd2x4ekplN3pLMjFYVkkxTkc?oc=5
🔬 Science,2025-11-12 09:30:00,From Science to Policy: Shaping a Sustainable and Competitive Europe - ERC,From Science to Policy: Shaping a Sustainable and Competitive Europe  ERC,https://news.google.com/rss/articles/CBMioAFBVV95cUxNbzVnLWFLSXpqMjktMUlRMzFyS3A0ejNVaGpNVnhUZmFjekF6QTFrNTNuV19tbGdrSlJGWUVIVk5KNDJFOFh2N0lnYnEzMW4yVGk5b1RXdFNQMmxjd2N6bU00Um5FMElGNmVXVnBHZHlfeTNEdzg4UzkxMElBdkJuTE9tcWh5a3ZVeFphZ2gzMDZqQzh5M2RTalYyM3RKVXZE?oc=5
💊 Health,2025-11-12 09:24:00,Why persimmons are the perfect winter fruit for boosting your health - The Times of India,Why persimmons are the perfect winter fruit for boosting your health  The Times of India,https://news.google.com/rss/articles/CBMi_AFBVV95cUxPb0tZa2ZlTnpOXzN6T0czMkdONG5OOVpFbGhlNHdwVkZoY0Z5Uzlpc3R2cEF5cXdFbnZtTUpfUHI2dFlhYjQyTkZwUFl1cG5od0Q1dnhJZTN4RGVXbWZqWU14NUdLOGZQNVhWVWhNX0V5cmMwa04xaXA1eWsxcUlvTDFmOFBCWWhPcFlnanEwVGJHWkFUREk0c3IwZWxveVo4ZGNfOERFaXlHN0tNMUJFNk5HX1MzbHFjMmNXak5ZSGdFN1NZLV84N1pvMEliQ05kX0tGS3hlTl9JVERDZ1UyczBabTRqVGV3R1RJbkNxUHplN2N5UURWSGZwY2HSAYICQVVfeXFMUFR1YVFUdzkzRHJ5R0ZPbm1FNHB1YzZLZGU5azI4eTh3YnRBR0stRUMzcm1MMXIwbXpXdEVMZGR6VHhaY05rXzlWRGJKdVB3VUs5emlJZ0ZlWkhPekRVcTJQc2dsZEZJUnZFM2lzbmExOTlsWGNwSXY1Q0FqanJ3Z0dhdUNENTFIQUJaaWJMNkx0UHlqd2JibUxaZU9hdEVQd3ZjYmd3a0R5RFpGcEF1d1lqdVdUOWNnZzM3TExubVNHUnA4V0JZYy13czVudGIyUFZibkdoSU15NnljQktWcFB2cDlZaVZWYkZDcWRaYWViX250UUkxaERyVjF3UEpFM0ZB?oc=5
🔬 Science,2025-11-12 09:05:51,Infosys Prize 2025: Infosys Science Foundation Announces Six Winners - Deccan Herald,Infosys Prize 2025: Infosys Science Foundation Announces Six Winners  Deccan Herald,https://news.google.com/rss/articles/CBMiyAFBVV95cUxPQjJ1QjR3RFZyZUpMbUdBdmMyVlloeWhDUXh2azN3aE1jdUZRci1pMmY3Z1JYU3VTT3BYclM3Xzdya1NhYXVRTm9LZ3JhWG1raUVZOFhnRHFqRDJKNkstR3J5YnZvODZLbktIYjlzbE1IbnFoZHlwdVpwQzZrcFpiaDJYdmNEM3hwM19Xdy1zY0VqeG9HWk5sejNuZ3BCYmVqb19MY0ZaNDUybS01WlIxRDBoQWVfRFhnWjZGMkk2SGpab0JNT1c1Uw?oc=5
💊 Health,2025-11-12 08:42:50,The Push for Better Evidence on Microplastics and Health - Medscape,The Push for Better Evidence on Microplastics and Health  Medscape,https://news.google.com/rss/articles/CBMimwFBVV95cUxOQ3otZmdZSXBOQTU2YVVHaDJZMmYwRDZWcWhaVFpKcG1pU0oxV1l6Q2c5MDZ2Z2prakNCa0pSTmx6QWpDRGRHTFJGMHN0WE9ZbXM4S0J3WkxiV3pfTnAzWWdHZ1VDODNFQ2RXVWFRVFNKN2NmcmdobVpMUm1UQXZtTHpDX204b01rNXlQTC1yNTlNZzhsQ3A3Zk5aMA?oc=5
🖥️ Technology,2025-11-12 08:20:44,Six Ways Nuclear Science and Technology Help Protect the Environment - International Atomic Energy Agency,Six Ways Nuclear Science and Technology Help Protect the Environment  International Atomic Energy Agency,https://news.google.com/rss/articles/CBMipwFBVV95cUxOZU5HbGZ3c0c0V0Rad3c3OXdrN0tWdndKOHdXMkxFNGJoWTg2ZENXWDVBMVR2WUlCdUxQdWl5MldVajBPcng2LWVqUkNRS2k4VDUwZXYwVWdzbHFvNnMtSGk2Uk9EM2x1LUNLbko0SjlRTFJ1bTZYX1lzQmJHMms4OUM0WlEzN0R2YjRFTE9KUVNDWEZFRFJrQlNtTFREUG5MZFh1NUVwZw?oc=5
🔬 Science,2025-11-12 08:16:18,Infosys Science Foundation's Infosys Prize 2025 honours six researchers - Business Standard,Infosys Science Foundation's Infosys Prize 2025 honours six researchers  Business Standard,https://news.google.com/rss/articles/CBMi1wFBVV95cUxOU2QwbC1FcThCd3YyTEpSeWxkcFEyRDNOQzNIVVFSWWg2anE5X3hhUVhZY1dRRzZnYXdWUm90THBfMHBDb3dxUDBXa2IwMncyaWR2YkJ5VWtIM2ctQWs3SFg4WGdWbDdmRjQ3VTZvTlN4Z3hsWFVjT0J3QXVwSmxUUWE2RF84aGJjanp4Z2tuak8yc0ZBLXJHakRFRkQtaUdRdmxIMkRlY2ZNSHZzalA5dDJzNDZ0OUdzekIxWldHRnBld3hyYVltV0RKSGtDNjFLWnh4VTJUNNIB3AFBVV95cUxNNHBqRWN4V1plc0IwM2ltazdpYW5YLW5DejRfTlZKYjFRNEU5cU96aTk2dUs2R2FNaVdSaVpWN1FhYUtvTXZCZmFFRW0za2k1WkZ6U1JDS0htcHFHS1RkbTRTNWJUM0phRmJyS0hoMG4yU0ZVUHdoRW1jZnRVQU9PV2xsMDhDZ2FKeElwaFJkdzZTNGxFVE03UWlsNF81WV9ESnNLRmxYRDRjVUZLU0k2dHUyV1kyclZjYnBqeW1CNkF4VmdLOTVIY0JzTGx6MGJkX1dFT3N6QjRtbm1o?oc=5
🖥️ Technology,2025-11-12 08:00:00,"Artificial intelligence - Machine Learning, Robotics, Algorithms - Britannica","Artificial intelligence - Machine Learning, Robotics, Algorithms  Britannica",https://news.google.com/rss/articles/CBMijgFBVV95cUxOQlBVNTh6eWZxb0d4SWxGSHRRaG9tTXl3NVUwVFROYzFSaUlZR0tPX0xKNmszMk52SkVVN1ZSQ0gtRS1laXNzNDktX2ZGdEdGSTc2RnV0b2hEb0NqdDFHWlpYaXU4YnpHa2w1R2ZLSkxadHdQQXR3QW9teVBBd05qVkdSaTZaZllmaWRZb2Rn?oc=5
🖥️ Technology,2025-11-12 08:00:00,Hyperloop - Britannica,Hyperloop  Britannica,https://news.google.com/rss/articles/CBMiW0FVX3lxTE5QLVFEelU5NlNSTXNZOXpGTzhZcDNSQm92THBQbzlxRDdqNXlfQVVyZm5rRktXbVhOSmt0V2VYZFlYY09tMEFJcFF3NS12dlNrN0xVdWk1X0VFOXc?oc=5
🏅 Sports,2025-11-12 08:00:00,Mental fatigue in Olympic combat sports: the unseen ongoing battle - Frontiers,Mental fatigue in Olympic combat sports: the unseen ongoing battle  Frontiers,https://news.google.com/rss/articles/CBMipAFBVV95cUxPR3hKSEZJTkcyclN6VUFiN2d6ZU1qUGQ4OE53LXMxbEloeV9ZZGVpVkJLSEtiZks4N3RYVzJ3NzlsTXE3OUNSYlBQUlBpbkJjaWxHc1VYTHU3U093Qmp1NWNiNktlSHNxc2hiRm5wc2VwaUw2emJ1SWZGeEd2V2xOaG94M05MZlUzc1g5Zmwwekh0a3paUWZRUDBfTTlfRjBHcVFqZg?oc=5
🖥️ Technology,2025-11-12 07:38:37,L&T Technology Services partners Autodesk to boost AI-led digital transformation - financialexpress.com,L&T Technology Services partners Autodesk to boost AI-led digital transformation  financialexpress.com,https://news.google.com/rss/articles/CBMizgFBVV95cUxOS1pPY21oWm1HWkxSaFNNcEV0b1BYdFljTUZYanlQbkRGdFZkZ1AxME1GdUdWanp0eXFZLW1vQjV3VU1CbHhlWlFnZ3BIRldpUzFsUlRoSk85NllJWmJUYkhVZUNyV0JIX29OS1RJaHA2ZExqMWdHYXo2a1lBemV6Y0dFSk0xN3cwTUFyZVJVbVBuSW5ad0dSM1RXZVNJMkQzYkxXLWFXWkFfWnZEbzZxbVoybVVUeE84OWFhbjVPczlGbFgxMk83UF9VQU41d9IB1AFBVV95cUxPUE41dFBsbzJpenFRR1lvSnBOS3JoRHlmQ3A4TUpRdk1pS0lhVDh6b0U0dVZEZEkxR1BEb0dyWV9Cdkt5S29xQTFyVUtIclJ5a1BCLWQyYm84Z2FJZVFsYTRURjFJdnQ3VFlwbXMtQ21kM2VqZ2VNeDctWEo2Zm13RlRQZ1ZrLTJESlFweGJMZTk0dnJQZGM1Z3NrMTZjY202Y25RNG43cjgySmJ1VFZwSHRPMUM2NjVtUk8zZVZISHMzeGZLWUs0VUJ4cmpvaXBKclg3eQ?oc=5
🖥️ Technology,2025-11-12 07:35:36,Balancing Global Technology and Self-Reliance: The Real Test of TPCR 2025 - India’s World Magazine,Balancing Global Technology and Self-Reliance: The Real Test of TPCR 2025  India’s World Magazine,https://news.google.com/rss/articles/CBMinAFBVV95cUxNNk8zYXdadFowMXVlaFlxaWl4SWVPY0Jwb2dRU3ZScDRPOXJpdWtqX3ljZ0Q2dFFkMVNOWXUtSi1xVmJRbnhhUkI1Nlg2MUcxYmVQUU9HdFRFendYaTNvOW5vT3lVTGM1eFNmWlYxR3lZaUJmWURGSy03X1RvakxkbEY1M3g4N19HYmxPRDAzUi10dnpKUWZIb3MxZXM?oc=5
💊 Health,2025-11-12 07:02:35,World Pneumonia Day: Union Health Minister J.P. Nadda Reaffirms Commitment to Protect Every Child from Pneumonia - Newsonair,World Pneumonia Day: Union Health Minister J.P. Nadda Reaffirms Commitment to Protect Every Child from Pneumonia  Newsonair,https://news.google.com/rss/articles/CBMi1wFBVV95cUxNTUhxcnFudmNYb0oycWFHN2U5SUFnalJtTzVxbXNzdVZhazYwQTVWRHo1RktmMEI4Ykxjc0FFYlRFcDMzeW1RT2lKbC1hc2RIZC1YUUVxbmdrM1RJdXp5Z1RhS05FYzJOY0VjTVRkaGFjM0E3YkkwbnFwLXhJT25MZzJPUWNmX1NERWptSVJFUGxkZEs0VF9RenRXSkpCaGFZcUxQMWJiSkZFbnZzaUxhblBwMTd3RUY1UXR2N3BBYkVOaWZNRkdqRDFyX2N6YndNdFVieEhfVQ?oc=5
💊 Health,2025-11-12 07:00:00,Fossil fuel projects around the world threaten the health of 2bn people - The Guardian,Fossil fuel projects around the world threaten the health of 2bn people  The Guardian,https://news.google.com/rss/articles/CBMikgFBVV95cUxQWk5tVFItcUNwTEgxTTdCUDhQNmVJc2V6UFRPOWF3dEtPSDFIZlJVdkNPRFpjdmduQ1BYMUpNODR5WFI2RGxwYURhbV9wOHRsaUlvNFNqd0pPWkNicUdEeVdrR3ZNV3JEUHZ4Nlh6WlkwQzlqOWFrLWQzY0p1TS1LYkh2QnFhcnBneHRQb09PNXhaQQ?oc=5
💊 Health,2025-11-12 06:00:00,Experts concerned over health effects of high-dose nicotine pouches as sales soar in UK - The Guardian,Experts concerned over health effects of high-dose nicotine pouches as sales soar in UK  The Guardian,https://news.google.com/rss/articles/CBMiswFBVV95cUxOTG9CNy12dlptVVdRZE9Nckh5OHY0WlRiaWdJNW9JOExCZExDQ2ZCcFJvaW9RcjBqYkpOMHA1dklBVGozSk4yWm43UU0tZkthcjNweV9kbFZvdW1LdGVXT3IxSGF2ZVVBQVRKNm1mU0R1R0dhcTJyd1VBZWdhdk9uNHFTYjBVX0l2aThUSEFBaDNTX0RNeWR2Y2l4R3U3bk0zUEZJUjRXS0Jvc3hRQ1gyUzlDTQ?oc=5
💊 Health,2025-11-12 05:21:01,Virtual Orientation to strengthen Health Emergency Operations Centre (HEOC) Capacity in DPR Korea - World Health Organization (WHO),Virtual Orientation to strengthen Health Emergency Operations Centre (HEOC) Capacity in DPR Korea  World Health Organization (WHO),https://news.google.com/rss/articles/CBMi4wFBVV95cUxOQXdjY0JUaVBSN0I0U3M3VDYwb3ZZdTJRUnhFZFhmTXNtZjA1dWpJb29fRlpFaUhPVEtCazV2eUVOdkNJSjZRTmhnN1hJZHZrNnVhTkNGaEszODJXMGtIMlk0MnZEUkJFXzM2NDM5YWlWRVpSMkVlckVCbDlKS1NxYklmaFhjcERvYkxXbkxuMWpnUUdtZDliWGoyU2hqdXlUOTJiYjJYNEJnRTdRekdWTTRLaFpNd1B0Um5TNURhcTd1NjN6UmxseGhfNlpORVh6czdoR3dXaDc5VGJmYVo1Z3pNWQ?oc=5
🏅 Sports,2025-11-12 05:04:17,"Connections: Sports Edition hints for Nov. 12, 2025, puzzle No. 415 - The New York Times","Connections: Sports Edition hints for Nov. 12, 2025, puzzle No. 415  The New York Times",https://news.google.com/rss/articles/CBMiowFBVV95cUxQMXFTX1NneXAwazBFTGR0MnNSS1pCREFBMkRZNE5LcEFDYnprWTZXTGJMV3ExMS00YXRiN3Rfbzh6VFNBVGlmTjdNalF4TURUemx1NVZZTjBqQTNqQjlTemdtWUlJUGprQkoyNHJqU2pkS094bDZOV3ZHUDNobXVxUGM5Q3laUzhuZ3ZYMkRnRmJlN0x5dlgtLS1TY2k5bzRnX2FN?oc=5
💊 Health,2025-11-12 04:59:00,Cardiologist warns: 5 everyday drugs that are quietly damaging your heart - The Times of India,Cardiologist warns: 5 everyday drugs that are quietly damaging your heart  The Times of India,https://news.google.com/rss/articles/CBMi8gFBVV95cUxNaXg2QURTMS1LaUxkdTJkYjVFZFozWjlJOHVVVEdZeTYwWDhxdm9oLTJrbXZxMldvN21EX0tBX0E0bk5DOGRkUk1RM29xUGE1N2JJT0lvbEw5WmZHc2JuOVU2RTgwNmRxTXZ3WDA4bGItbGpoTXJsMnM4Q2RsNDMtTThuaXZnWHREOVBPanVUencwdWNfZEdBUlhoOW0zRDdCUFYyWEdjVnJ0SjVqeEZOMVZrTzdwWWpMUEJoQVJBUDNCY0Y2UXJOUl9lSzBBbXhzMVdCaG9Wdm54NVhfZU5xQVZXR3Q4RmMzcHEwZzg5cUpaQdIB9wFBVV95cUxOamJfVzc2Ym9iRG4tSHBTcUVUQjRZNndGelk1c2tFclhXYTZ0UFEzN1c0dWh1ZmdzTmI1QjJya0JxeFg4SE1vUnB6Z2RaSDZ5bkxlcFlCaWRfQVZQaHNaNmRuZTJvOG0wMFh1b185bTFIdGRBSXVOLUg1NXZrZDM5ME45QWcxdmRXZjJPbTA0YkVTN1pOMFh6WHhlQ0FjVUJPeWdNWjh2UXBSSUI4UzhCclJZdzNNaGV5MnpNY3pOenMxNkY2NXRTcUxuS05ZVXBIdm9XWnkzQlF6cnZZMHlVSjNnMHhZWkprMXBDVjRwdENXSllHOFVZ?oc=5
🖥️ Technology,2025-11-12 04:45:18,"Syrma SGS Technology shares rise for fifth straight session, hit record high; Here is why - Upstox","Syrma SGS Technology shares rise for fifth straight session, hit record high; Here is why  Upstox",https://news.google.com/rss/articles/CBMi3wFBVV95cUxNLTNSbktWM1pxREN6eVZ2STdlNHJwS1BSTXdNN0dtTEtLNDlPWm9sTW5oZ0NoaXJfQ0ExMlFRbTIwZGZHOUdYZVdIQjUwN0g4ckRWbERMMFlNSWEzcGNaVFNGaHpPMldKck9OaFhKUXAxdHFtWG43dUVwaEItQXVZMVJ6SWtMcS1IX0pYWTR0M3dWSGRuWm1RTEdMMW9sVXpON0oybk1lTlhBdGh0ZUtOZi1fc0FmQWw0YjNpTlYxSmNINXpvbnVTbzQ3cnNzUUZtM1RHeTFILUZYQURObXNF?oc=5
🔬 Science,2025-11-12 03:30:42,"Supreme Court’s order on stray dogs is inhumane, anti-science and anti-law - The Indian Express","Supreme Court’s order on stray dogs is inhumane, anti-science and anti-law  The Indian Express",https://news.google.com/rss/articles/CBMizAFBVV95cUxNZkxiN2Nvc3lsQjloVDEzZG9iakZGaElQQ3ZUTVBnRHJPd1I0NUdFWC1DWk03Xzl1UmNReXFZdFA2eEVqS0NnQkNVd2kxOURnNldxWXp3eHR2Ri1UbFVLRFVkWHF4UVkyVlVyU1pPRG9PQ0pUQlRfNWlJNDlyZ3JtTDB5U2hiWU9YRjEwQlJxUXZhdVYtT3dSV2pWaHRic014QjM5Umd2cGppNTYxVTNZVEktc0hXYVh2b0NxcFozRkt0ZUFsNzByMjRSek7SAdMBQVVfeXFMTU5LNmo3eUdkNVlQdzF4ZW16STdxT3ktZS1qMjh2bHZBTTZCc3J1WVVvSVdoT1ZGc3RoSm0wVXFrbWR3cEFLcFJVc18ycGh6SXo3cVhXakpMRHdRbU16QUt5SE1SZlVRZU1lV3dlNEtHaXZ6MmpoOU5IMGpHdHRpR3ZwVVZNWWQ4T1JGNXdCN19acmRzaUtQb1RJRFp5cmRKWWdoMFF6TzQzWVRfSFBTM2s2NTgzVWxTLUhmaWJBaXZINlp2VTJCbmVOV3hiS1NieFRhMA?oc=5
💊 Health,2025-11-12 02:58:39,Cardiologist reveals what flying does to your heart health; shares how to protect yourself on every flight | Health - Hindustan Times,Cardiologist reveals what flying does to your heart health; shares how to protect yourself on every flight | Health  Hindustan Times,https://news.google.com/rss/articles/CBMihAJBVV95cUxQLUpMOVA1VllWV0Z0YlJaSnZZb3Z5blNVUjZuZ05GS2ZFdUpUWWtZT0ZiWkRENk1nZUxUYWo4T2JuenhNZFBOTTJmcENxR1hlbGw3c3k2TGJjV3c5TExrVWh6TWdiTi1nZEhsN3p4SVVBUUpIcFRTeFQyeVIxbGg1N29OWkJDVDBLNGc3Z1o5aGRaXzZXS3laNFNNT1FqNlBpMGpUbkFpeHo0cEc3c25qQlBCdEN6XzRjMWlUYnhPbVNFWWtGSEQtSlphRl82WWczcVd0LXFjNjhLNW5pRlBjTkctbGZWSXdXazF4WVoybktrc0VXQ2hsNm5naXR3V0JfNmY1b9IBigJBVV95cUxOdGxpbVZzTFJ5MVdwOVRoR0RfRWxmNGR2eG80WHVJNURfTC1fZlFHR0lNcUpCR0RVc3ZhdmdDYkd6ejF5dzlYUzJJUDNiT05XNGlhT25aV1ZDOWFzcTE1cW8wZDVHbmh4eE9wXzZ1RDJtV0JOZ2F2cTdtdjRmQkFWcGtHQVZEa25oQVBuTXQzQURyWTFjRGpBZ1dPMFZ0d19faTJBTVhKU0Y5NTFyeFM5T2N6YndBajI2d0JCSjliMVp0bm9kaHZMNWF5OEt0QXhRS0c5QzZXQlRKb3dtUmJJWGRiSk5ma3ZlamZqeWdKbFBUOERmZzhrZXc2RHMwSmJQZDVjcFZCVW9mUQ?oc=5
🔬 Science,2025-11-12 02:57:08,'We're already living in science fiction': The neurotech revolution - The Economic Times,'We're already living in science fiction': The neurotech revolution  The Economic Times,https://news.google.com/rss/articles/CBMizgFBVV95cUxOTzJYMVQ5ZGRza0V1clh5NlNrN3NydjhnVWdQTkpEMTFKeEd1eWxzYkNWRldmTm5SczVTaUdZT1dmX1hEdjR4V1J4NF9FbzdEUWFpUF9LMjd1cFVnd2U1NGVaTUVELTFONW9QTXk3NXBOdGtlNS1RSWJORFpXUlFEcnI0aDkySkhEZWgwUnU5eFVCTGlxMU5oNVp3dmEwdzlJbXZrUW9JbHJfVTV3VUd4M2xQbnNCcUdvNkM4OXNsYTBIUGRwenN1NVhGSkt4Z9IB0wFBVV95cUxNai1OeF9kTUpaMzN6VTl6WmdWYU5zWER0b2pYV0o4VXJyNGRmVWVUd005aVhhLTFoMTllUWdSZW53dVBlb21mQXpfZjE5WHJQV09XNHU4Y2xzNElpQlVURnFOUUU3c2gwdFpYUWYyaXVxb2ZoY053Q0JxZ2wwOGhZNFhfUHp6aDZ4ZU0wc0tuSDRNVTgzQnZHdWJpUFVvU29obzRTQ0xIb3ZSSV8xWG5FeHc1WV8wemtWRVNmYXdXdDBRQXh5LTJ1MG5KZkxlbHpZTDR3?oc=5
🖥️ Technology,2025-11-12 02:04:00,Microsoft AI CEO Mustafa Suleyman repeats his warning on AI technology Mark Zuckerberg is spending billio - The Times of India,Microsoft AI CEO Mustafa Suleyman repeats his warning on AI technology Mark Zuckerberg is spending billio  The Times of India,https://news.google.com/rss/articles/CBMi3gJBVV95cUxPRkp1VXNOX2lFZ1FoNGxzZG5NWDJyN3VUUm1IeHRuNHBNWV93amZpTURXX3paR0ZXS0s5ajJYMnVBM0tkbDdjcjh1YWItT2ZsY25TTlFpTVZKSjhhbi0xbXJqcDkzTWNjRHRERThhOHBwaEw1dEd1S1pvTUwtZmRqZS1EUEF4U3pBanVLTU03aE9XWFdXcVh0bFd6MTBoN3RxdW9iVThlRTdVTk1oZFRHd0k3WmV1WFJuVmhaMTdCUEJ5M2Y2ZzR2ZVd3Z294SGdGWGpFbkx3TFlUeEZsalBrT1dtTTN4bXN0UUJGWXphallIcHRBbzZzVnpEUUkxRVItVzh4YXc4SHJlcEdJbXZRTFRzQTZjeUxveUl1bkM4ZGNsa0Y0RmxpU3RtVmtwQzItZkVnaXZ6ZDRGY3c1ck9JcXNYNG8yNHQ5YnZ1ZS0xZFlmYmNlOXZsR05oSTJZZ9IB4wJBVV95cUxPSFpOVmZQWWUzUFMtSHVqd0Z3UHBhNnFBUWpVRHpQcjZCQ092NDBNNFkwZ2ZTOE9oWFdCMkFGb2Y0dHY1SlpyRjByYTIzM0FFbF9KaXZjb0dzblFsNlRvT0VUMk1ocVpaS0NERmhWOTNRNVlnWkJ1TlI0TGt3VFpSY1R5MlA0UDVqY2dJaEpIYWNvYmUxQm1LRUVnM1EzdmcwVkdwdU9ZbGZDNlNCRHhMOEl5SU56TmNRczUtS1NGQWJ3Yy01TXNLc093SmlvNmxxclRfNDVTbGxaM0YwYlN3RVN2bDJzY3dQVzlVR25pd3F6dl9FWE9XOFdFaDNLM2VvZTNuVHBrQmJRM1R5M21aSXV4eWFCbDN0eF9jUllKQ2prQTlWRzNMb0FlY3VpU3NHNkxTY2lhY1hpOVFlSlFWeVBoRDRVcC16c1BkeWczLV9TbzZJdzB4WnlJLU4wWDA3ZTlv?oc=5
🔬 Science,2025-11-12 00:38:25,"Scientists Create Digital Twin of Earth, Accurate to a 1-Kilometer Scale - ScienceAlert","Scientists Create Digital Twin of Earth, Accurate to a 1-Kilometer Scale  ScienceAlert",https://news.google.com/rss/articles/CBMiogFBVV95cUxQcFBRM0doM3c0MDhhODdUaXFZUVB6eTNzTG90Rk9PTnYtRlZ2QS1fVURQOE9MQnZ4UU9zZC1PWXl2V24xNVVSdm1xNFhPZnVleGZUWWVpNXZic21FVGxXNFFpaVdDMHNYZnBaRjRHaWVLNTktNGNKeWs3ZDFIWWc3c1p4YW5DallkSWFKeXl4RWluMy1MWTBHSnN6V1dpMTR2UHc?oc=5
🖥️ Technology,2025-11-12 00:01:50,New A.I. translation technology helps police officers - NBC News,New A.I. translation technology helps police officers  NBC News,https://news.google.com/rss/articles/CBMirAFBVV95cUxPRXgwX0dueEs4SHU0TmlIdm5PWnNSZGdla1ZDRlVEWUNkWUJpMHJUQlBUeDB5bmZCbDNTZ1dQNDJNNzhkTFo1Q1owUDRpSDAwN2s2VVRDZ2xwS1hyRTFpODRXaWdoZnlsQlI2cl9tVHp5THNBaTc3Vm4ydzZYb1g5cXAyLTIwVDR2dUxaWGtVQUJOY1UzY0Y3bGlRNTRmU2tsT2ZQYThTdFlQT3pE0gFmQVVfeXFMUGxHaHRyZGhqbVZ2THNiNDc1bmFCV1VYQWxYQmpMZDFyTDNTaTNKbGtqTlFVeHJ0VUh5R2o4WXpQMzR5X2dId1A4SVVQM1JwQWRsVWpsNl9ybmFsSmpNaVY0T2lrb05R?oc=5
💊 Health,2025-11-11 21:41:25,UConn Health Begins New Chapter for Waterbury Hospital - UConn Today,UConn Health Begins New Chapter for Waterbury Hospital  UConn Today,https://news.google.com/rss/articles/CBMikAFBVV95cUxPY1dCSEdtWHhwRF8tNkNDMHB4MlRaQmtIYWtiTDdzM3hLU09PeU9QZkpmODJzWXk2TVJGRjZ2SUlvVktaQjd4dWR0WXVoWHQwQ1AtMWRhZV9IeF9WYV84ZFFwQTNIOWtWay1LWUNQOHpmeEpzM29KUGR0aGVxVlJ3WmVwd0dCajVSS0psNzIwakI?oc=5
🔬 Science,2025-11-11 21:07:00,"From The Hindu, November 12, 1975: Compulsory study of science: Centre’s plan - The Hindu","From The Hindu, November 12, 1975: Compulsory study of science: Centre’s plan  The Hindu",https://news.google.com/rss/articles/CBMixAFBVV95cUxPcHM2X2lPX2tsbGtaREp5U243aUdsajMxb3BEdVV5aU80NmRGSncxUURUTDlWVDBxRm9vSVFxUFBjZ0R0UGhoYnBtbnpaR2c1b0dZenQ1LWM2dDFueVYzWE5LVE9kbi1Yem9DRElUMjQyYWhYS2pUMG1zdUYyRWRkZ20yaExzeFhYSF95cTFFcUpPMHNwYnJ3aERpUnNPOXlGSkxGQ09DZmVpNUVsc1p4NmhlTTZsMWk3MEZLMlB0TnA4c3E20gHLAUFVX3lxTE9pOTBFR1lBTzQ3ZGhDRVR1Wkltd2oyZ0FlREZZWmV3WW9YMG4tc3U5Rzdnc3JQNFdaR0MtMnNjS3BldXRRT19DT2xJV0pYTWxuMGdzeEFPVjdZelZwekRfMDJPVWxOQmpGbUhvS2hOUThaVG9iVFhKUEZpNlg2TUtST2FvRElmcDdzalJaQWZiNFJxOVNQckRFdFREV1NGa3hZd1gtWDZtQkVvN0JPU3cxOUpwQ0FycGlKS2NXWlpqWWI0cVJwdVBGMVVr?oc=5
🖥️ Technology,2025-11-11 20:46:00,Technology sans sensitivity holds limited value: AICTE chief - The Times of India,Technology sans sensitivity holds limited value: AICTE chief  The Times of India,https://news.google.com/rss/articles/CBMizgFBVV95cUxQYzNrWkdUVjVhSlNoUWc3ZDdUMHRlOUdSY0xYa1M3bW9iWGt3TVBaVVg4TTc2ajZlLUZBOWpFUVAtNVRpQXZ4UWFVY2JIUHpNMDljZlhMTV9aVUNjSFpvMlpVVlNqRXFxRXZ2SWI2c1NTN09NVjhiRjZIZmx3bnFCLWZEZUpGVkhmZE5xY202d2FYeGMwemJNN2ZjTUhCSHZUa0pjdHJOb2NGN2JDNFFlRFZoLUZjSXFfdXRkeU9BN1JMLUF5NzVsdFo4MXNNd9IB0wFBVV95cUxOSFppbEJyU3pSWmxLNVdMeFdyNjVXOUxnNEJ5eEtwNEZyd25nLXY0UjE2cVNVVGJYczgybGJhMVZ6ZHAxTFU3d0hiS1pmRV9lbnZvT29EVnQ4YjN4cHlzWG9KMy1oeS1UeDhKWHVKVm9INGlzWndrWVdBNmhYZlVnWENuaHRCUmhBNFRkbVVabGtuWHRmTjZpZWpaS3hMS3oxR3NvOUhQbzZXSl9hLWdCME1mSE16NHMzZkJZZmN1ekhfQXctRTc1Qjk4N1NVVno5dHMw?oc=5
🏅 Sports,2025-11-11 19:33:12,Source: Goldman Sachs to become majority stakeholder of Excel Sports Management - The Athletic - The New York Times,Source: Goldman Sachs to become majority stakeholder of Excel Sports Management - The Athletic  The New York Times,https://news.google.com/rss/articles/CBMitwFBVV95cUxPUzdiSDNUWVEzU0ZRM1RNV3VPVThwSE5uRk04VFRuTElNOWYyLVh2TF9pVHFIUl9WQ3FHVmdCSERVQXVvYXlBZnRvYUstbS14LUhLb1RzSUlGRDUtcXg4cVl6ZmVaQjJ3UGdjVVBLaGxsMHdLNXByM1VaY1lTOEVKTU9OZlVld2FEU3Z4UGpjWGJrOW8tZEF3NjN6NzMxd2M5WWlqdGJ0Z29rd3JUR2tOUHMzaU1JS3c?oc=5
🔬 Science,2025-11-11 18:22:28,The rarest element on Earth could revolutionize cancer treatment - ScienceDaily,The rarest element on Earth could revolutionize cancer treatment  ScienceDaily,https://news.google.com/rss/articles/CBMib0FVX3lxTE1iOVhhT0xId2ZIV21jVUpaV2pLRmtxSE55dFRIUmhwTVF1R1JJR2cwZWhSR0h5QVQybnNidUM0RnQ4a0tNRlNueFF4UWVCNWJXSzFqQnFPa1RSTG1sTXBOY1lrX05TRzNtbFh2TnREVQ?oc=5
💊 Health,2025-11-11 17:45:04,Building Africa's Health Sovereignty: From Dependence To Partnership - Health Policy Watch,Building Africa's Health Sovereignty: From Dependence To Partnership  Health Policy Watch,https://news.google.com/rss/articles/CBMioAFBVV95cUxOTFJUQVlhSkZJNGhpOVJpTTRLcE5MMzZrcTRBbDczT2ZEUWx5R3lFN244WWV0VGp3dTRISzAyMWFrM3g3YmprT1NpN1NsNTNTc1lyM0N6XzZVS2dZY3BocDdVa0xzRzNUd0lTY29VTlJXXzVyVnotdWwtOUw3b3VGRkZDdFB2d0o0VExkRGxtVHh2LTV5T2RJNFNXU2cySUYw?oc=5
🎬 Entertainment,2025-11-11 17:29:28,Top Entertainment News Of The Day: Sunny Confirms Dharmendra ‘Recovering’; Payal Loses Friend In Delhi Car Bla - Times Now,Top Entertainment News Of The Day: Sunny Confirms Dharmendra ‘Recovering’; Payal Loses Friend In Delhi Car Bla  Times Now,https://news.google.com/rss/articles/CBMitAJBVV95cUxOSUFEZ1l4YWZ0NF9peHJBSVdtZkZRX0pJSWtvdFdWN2tkMlhPanJyZ2M5dlRrUlFoSHUzTkNXU0JLczhZamhYUVRYRC1ULXRJWW1DS0YxYmZrUUFhUTNlOWhJTkw5aEVrLXZGb3MtUjNLU0pJSkFZSUxKRllzeUFvMFgwUUJRRkRLc3JrdWhzeXhpQ1hpNzFkcUl2d3BRRFlqZ1V1YnJIRU9jZzhKTzJWQ3ZMOUlVc190cV9kNUtlUFVoTHNIdURhb3c0bG9jVXdtb1JBTm4ySGRRRTlFai05Y2cwVWlNUHJzb2lCWW9XR0EzWnJqTzR3dm9lUGRjRllDZE9QazFCdG9qNFBXZHlPX25wQ2VyZXJTTVpmWXFxR0lTVy1WVkx3YkJPSFd6V2luZFFrYtIBugJBVV95cUxPVm9yWkVDY1dhRVRtT0J0REQyd0pDNVNwMDhYeXZFWEZ3blJ5RXBQbUxZXzkxTnlmQnhJcWtsMVA5bS1IZ0NfTGctWlNZODlJbW5iZE5qODBXam1PNUpoc3ZCUUdXdWhiT1M1eUJsQlJDSWNDOGRUTHE3R2FmZG9zQXZ3RWZoZkh3WUlFWHRib0RKR3BUdDhZTWFRWXBhYjFnNzFJTWRjbzZIbVR6X25qUFdkQ2hZa2FsVDV3N1lxN1Bhcl9xTTY2d3FZLVRYZndIdl9uTTFrRE5hZ1M1VHRCbjZZYjRMT29lc3g0cDVtN0o0U2Z3Q2RjQjVxRUNxdmxySE5aYm1BcEdHeGJtckRSZXJ1RnQtX3dDc2dFZ3RfQXI5dVBkLTUxX3FQMHNETW5CaERUSGw1Nm41UQ?oc=5
🖥️ Technology,2025-11-11 17:17:00,"Technology is reshaping combat, but geography and human leadership decisive in war: Army chief - The Hindu","Technology is reshaping combat, but geography and human leadership decisive in war: Army chief  The Hindu",https://news.google.com/rss/articles/CBMi5gFBVV95cUxQLXNxTXI2Nk1DSk5ERlA4WFFOUmxCZThvRHVQX1ZLSDJZTVdqaTh4ck9WWTRUeXV1dmdfUXZUYmsxMVg2MFV3MFdDTW9OZm42Ri1wRzhRUUpWU2pnMDdZaGNxQjd3RFRMZDlXYVJxb2J3aW5Xc3pwd01VWERVOER0aDlZM2hHYlJWOHV4NUhHeDN0SXpsbFZGWnJtWVNhaG9NcEtyN3NvaUlmMGZEWmUyT1VqelVxbHpyLXRjaFJyUjJoX2taQkZLWjFRRVFGZnFSZ0V2TTFTU2F6a3p5cFR6RHhKNGprZ9IB7AFBVV95cUxNbVJtZzZNMDdmUmJZOUd1MWRNOWd6cmg4T2ZMRFZ5d2Y5OGNEUkJIWHB5bTdqUW12ZEtWYWZMZkFFR2IzbDNVYTZqUWJtT3dhRHM2aVhpSURMNjlvbkRDUnZadFY0Q1kta0tWVU1VN2V0eGdoWllfVkc5eDNjNWlmQkl5THpSMEpuZXBBTERvN1FYRUhsVkJaNkhfeURvNTZYandZajFTVkY3LUNvNkhTamVzdWtkWFY5aDN0MWtmbmR6NDI0ZEZuZDlfM0FWN1phZkJuejFDWUk3a3dmOGRKNXRJWGVuNXVOMVdMQg?oc=5
🖥️ Technology,2025-11-11 17:03:50,Technology Leadership Is Evolving Quickly - Bain & Company,Technology Leadership Is Evolving Quickly  Bain & Company,https://news.google.com/rss/articles/CBMijAFBVV95cUxPU1RXLXh5S0FFcERxb2p1WHRRYVplbWtha1dUclJaUXJnMjQ2MTNGOWlKMGxpNjZOY3RIUGRSWlEtbFgxejNZNGRqSmIyb1FZakZoX0ZjNzJibUxoNFJCQVdPSklRaDdYNzdwWWg2Q1RqbXMyNDNGVUdiTlU5U09PenNxZUFjOFZnak9nUQ?oc=5
🎬 Entertainment,2025-11-11 17:00:00,"Wagner Entertainment Teams With Killer Films On Upcoming Slate Headlined By Directors Tyler-Marie Evans, Emily Alyn Lind And Roxy Sophie Sorkin - Deadline","Wagner Entertainment Teams With Killer Films On Upcoming Slate Headlined By Directors Tyler-Marie Evans, Emily Alyn Lind And Roxy Sophie Sorkin  Deadline",https://news.google.com/rss/articles/CBMilAFBVV95cUxQaG1aalJvc0s1T0ItLWllRjdwNjEtbDA1LXVWLTBjOGlfOVA3YWQtcHk3cm14MmtvZEdTUlMtSDExX2p5OWpja1N0eXdwOEQ5TEZ0ZG5xZEJjVktlQVpZTjdaWml1YXdrM2taWUVFQ0JfOHN1djNhbUdMUjUzTllJelp1eUFKSHlkVVdlcFNNQ2ZpYVpS?oc=5
🖥️ Technology,2025-11-11 16:23:07,Priced for Development? How Price Controls Spread Technology but Stall Innovation: Guest post by Matteo Ruzzante - World Bank Blogs,Priced for Development? How Price Controls Spread Technology but Stall Innovation: Guest post by Matteo Ruzzante  World Bank Blogs,https://news.google.com/rss/articles/CBMiswFBVV95cUxOSjctUkkxTkpyYXdpNGd4bE4xbUtnTUxGbjAxanRwZVZwcmlqaDNENWNrREtfeWlwZ3dNM2xMTDQzZHRURUszZzdHcWN0Z255NVN1WXVndWVaeG5sWjIwUVVGVUJ0MzEyR3dqaTZhaDVSUG1hNV9WNWFzenJxZUtIVVR2Q2xFT0t6U2NRZ1dkRjFfZUY2YTFuSndBZ0o5UktYbzNGcWZrWmFmYjVnbW5VMkFhUQ?oc=5
🖥️ Technology,2025-11-11 15:40:56,Unlocking innovations for global impact: The power of technology standardization - RCR Wireless,Unlocking innovations for global impact: The power of technology standardization  RCR Wireless,https://news.google.com/rss/articles/CBMiqAFBVV95cUxPWHd2b1ktNGFnNEJEal8zTFFqMlFsMXRBNjA5bXIteE1pSlpaNE5QbkkxWEdvWlE1dlE2VDdhMFdlRTB5c1ZjSnNyci16ZlhPMmdTNDJWT1NBNTVuTFFEcnFIdlNMSXZiWXZ2VV85cVhQUzRiZFQyVzlHQS1lR3BqUGFYMWtKUlcwaGxtcmpZRHdGdHF4V0RHcUtMdUptYkRvek1CeTJUUjQ?oc=5
🔬 Science,2025-11-11 15:30:00,"The Three Ages of Data Science: When to Use Traditional Machine Learning, Deep Learning, or a LLM (Explained with One Example) - Towards Data Science","The Three Ages of Data Science: When to Use Traditional Machine Learning, Deep Learning, or a LLM (Explained with One Example)  Towards Data Science",https://news.google.com/rss/articles/CBMigAJBVV95cUxOalRoTDRLMTVXYVJqQ3BZc0o2WDJxWElMMUdZeVdfTU11eTdYc1BrYy12enA4QjJONHYzSXlJcGZ6VDBvVEY5N2hQVXBNQ2Q3QzlobHBvZ1RnMHJRUWg1TjYyWkxxejA0d1pKQ1lCUS1zUFVnM1d4WWExVXNGMTlocGNHeXdxaDRnTEM0WDYwbnpNT1VrWkdNMHhVTXdna0tJUVdpZ0VLNDg0RnVVTEhRUnBHWFlsalR5MzRfNWxnbEVVREYzdmlIYVFIbHZhaWFhVllWUEtDV3NzSkRkbkRReldBa3NLWjJ0X1pSOVVZZmN5dHBNMDQ5ZVExUDZRSUNu?oc=5
💊 Health,2025-11-11 14:30:00,Heard about Healthcare-associated infections? Here’s what makes them so dangerous - The Times of India,Heard about Healthcare-associated infections? Here’s what makes them so dangerous  The Times of India,https://news.google.com/rss/articles/CBMiiwJBVV95cUxQZG5xdi1rS1hHLWxhdkRsRzVZZTA1TmU0NGJrbzF2czN0allnZU9iU0NhQXI3OHJUMDV3WDdqR1NMLVNtX2dMUW5OYlVPOXlQTzVEZGdZWm02Q3R6VHZZaUNiMTMtY3RZUk1tTzRVTjNKcUs2SEY1VEdMR3c5UDFiZmpEQUNHQkxLRF9VUjNqMndLWDhvd0d0dUtKeHRCclMyblhYUDhNQm1pY2ZBU1l5aWZwX1BSYnpYWmlPV09lZkZKYmQ2SUkxNmlWUzdpX2VLQzBXdnBxdG8wa1IzeDczWFJwbkFpX29TYVhMS0d2NWZoZGI2MXM4d0hrdzZNODJRdHRfdHZoWXlBYzTSAZACQVVfeXFMTWlIWlZJSnFzUWxOdVVyVmxMNlE4bjBGYVlRd182dUhxeUxwZEp6Q1RtYkw5bTJXNGZnUnc4cUZWckJYSFdSRFpXUnh1Q0xsQjc2QmI1Q1BjWjh5VWxKR2xNckkySjhYdnpzYkVGZ3FMZlVhSXVKWDY0NnVtSVBsSU1fWVpmQ0N4RDJpc1Q0RUlXenhyVHF0bFE3b3FOM0QtVV9tV2s3dHdnRTd1eWxmMm1US2JjOTRZTHJCdTJrdGc3MlIwbVNjbHRuNHhLLTNGZXVXcC03Ujc3bDZFbThocnFhd1NhZ3pBeVo2ZDRnNW9fZVU0bGo5YzBlM0dLd1hVS3IyN1hLTldvbThCQm5TSGk?oc=5
🖥️ Technology,2025-11-11 14:26:15,How Artificial Intelligence Is Transforming Business - Business News Daily,How Artificial Intelligence Is Transforming Business  Business News Daily,https://news.google.com/rss/articles/CBMiiwFBVV95cUxOTFhVbkZZZ01KZ1VCSnFwbU1BRjdqMHliOF9QX3Y1b1docVZKTEs0Vllma3ZvSnFnZF9odTVLZ3pIX1dDZ21ITzRPdTlWNEhCbWgwX3BsNlRQZW5teUNkcV9hVVVfbmZUWDlUQlZPeXVWTDhCUkFCb1hjSklsdUpoNENIOE5BQkthbFJj?oc=5
🏅 Sports,2025-11-11 13:54:00,Tom Brady says the quiet part out loud after FOX Sports swaps Mark Sanchez for Drew Brees - The Times of India,Tom Brady says the quiet part out loud after FOX Sports swaps Mark Sanchez for Drew Brees  The Times of India,https://news.google.com/rss/articles/CBMi-wFBVV95cUxOUER4Si1OTXl0eU1UZVo4MHM2LV9sQWR3LUVGMUxZQ0l2VEJmcURZVmpobW9iY2haSGdNUmtpTkVLTzZkOVhfSEpHU3JjRENzZ2lEbnpuTGFrcUdyTGRpY0FXaUZib21kc2pEdzRIY05JcDFqNmt6bkpOVHE2U0gtUzBGaURlYmNFWFhlUWNabUhlV1VsUWowZmFBUko5aURCc0RXc09ncFpqSUVnczEyOExqdEN3aExyRDk5cXV2YXREZDBqRjR5Y2MxSGdJbW4tXzVCdTBSUndhLVdLQUFHRHBlcW54NFJtZjNDM0dGczRzakpSYWE3TW5Pc9IBgAJBVV95cUxOODF0Z0dJR2JiMWZtLVNfN3BYU0VkaEx3d0owamU1MGFBWEZ2MWV4WW5hT3R2NzUxNVNFN0tzRTQtUVhlemxwQlF0S1ZtU04yVGVuX3JfNFl0Zk0xQXduR05peWFESmVuelhpLTN0UTRuM0lXNE4tbFRRTVpmZWFDX2EtZnlrcmZ4YlppLTVXMFpLajZfRmpwMjFMQXZ1T2pFLVN0bFRadDJKQnBrVjIySFFXbXFzRU8zUDRaMm9ETDdyUkx3WVNmX1AwamI1NHFqcjJ5X3BlTzdOdnFnWThYNENvWlhTUzVGOGhPeGJoWk5LNzViQlZXMXBHODgwakV3?oc=5
🖥️ Technology,2025-11-11 13:00:00,Hyundai Motor’s All-New NEXO Sets New Standards in Hydrogen Technology and Electrified Mobility - hyundai.com,Hyundai Motor’s All-New NEXO Sets New Standards in Hydrogen Technology and Electrified Mobility  hyundai.com,https://news.google.com/rss/articles/CBMigwJBVV95cUxPRUxfRE9JbXZXd3I4ekxJMU93S25EREJUYXVmS2NEQTlBVkRKeE8xQ1BxMm9HRG5wajZGT3RjZlQzZFp3aTB1T3c5RU5qZkgtMGdlQUducE0wMWMxUlhNUm9uX2hSUmJ2ZEc2cXRtOGR6X0gyeXljWFJvN2dHaEV3b0lEeElRVzFpdno1Si1HZmNzMjZCZXNiS25GMGRKaTRtSmtQMTdfMTBFMUFsSE1oNXBhN1VPWEtKX1llMUd0WG5RRjNiRzdJaW5mWFEzLS00Y1lPeUJNNjMybGxBZVlYUE1MRndWU1NTc2MzdmhEUTl5MVdqeFE4cEVnUTN2cmcwNnBr?oc=5
🖥️ Technology,2025-11-11 12:00:01,Flexible Electronics – Transforming Technology for Human Health - Nature,Flexible Electronics – Transforming Technology for Human Health  Nature,https://news.google.com/rss/articles/CBMitAFBVV95cUxPbWxpdGluSENYQVBvS0pIVlhsdF9kTE4wRUNBMkNLWlo5SldOcndMWUF5RkdnNEdKN2N2Wk9lM2NsRi1FekM0ejhaYTVvZTM3bjR6WTFZYnA4azFfdGthUWE2aFZKUVU2OUxxZ0VMekRfTkZvcm8tb2lDZWlFcm9fc0JUd3pBcklwNU11MF9Id2V5SHljN01ac21ZZ19YeFBzdXVrVjI4NVdWWTFITkRqak00QU4?oc=5
💊 Health,2025-11-11 11:06:17,Winter-proof your immunity: Simple ways to stay strong and healthy - Business Standard,Winter-proof your immunity: Simple ways to stay strong and healthy  Business Standard,https://news.google.com/rss/articles/CBMivAFBVV95cUxPbzF6cXZnRjlQd0NXc2VYWXVCTnV6MnpiUUxIb3E1Um1fWmUzTmxSckxpOFAzUnUwaHhvV2hyWUcxRXhKcmV1V1RLam9aWTlpMkZsTUFWbU9oclpWMWRmUFVUWmp2TGNRbVZzNTdDM1VoV1M2NGphZW92S2FEYzFSaU1vRWJVOEFrQ1BXMThMNk5tRFFkYm1lOXEzTWYyOVJNckR6bVRPTS1oOWVlZzZ5REw4SlBsLWFZTmZiStIBwgFBVV95cUxOWFZzQnZJY0lNX3dIZ0V5ZkhobW9hRWxGRjRjY3dpNGpiYVNMOS1LNTlEVWdFZ3dCWGFSbFV6V21nV2sxd1E0ZGZDNlhwZ0tJWGx2X1M0ZzRsZzVYNmIyQnJwQThYOTBlWmItUUE2cXlxb3RleElXNlFWZEU4OHdaenNkN0JUOGNYVERvOWFFaUNQWEJvVkdpZ09lMV9WWU5BdkQ0bERtcDIxdWh5eTlFUF9jSUFBekMxUUg3aXc4WjAtdw?oc=5
💊 Health,2025-11-11 10:58:35,Neuroimmune interactions in health and disease - Nature,Neuroimmune interactions in health and disease  Nature,https://news.google.com/rss/articles/CBMiX0FVX3lxTE1ZMGQzSU1PS0xISlFkR3ZfWldPM1pTMGJ5ZFpoOWdGTlp2RjhzQXp6bjdMVS1YNFhhaHI2YnVVaGczNm5NY09TWHF4NWZwZWpzai15aEtpMldKQkw0TkRZ?oc=5
🔬 Science,2025-11-11 10:10:00,"Health Matters newsletter: Elementary science, my dear: James Watson - The Hindu","Health Matters newsletter: Elementary science, my dear: James Watson  The Hindu",https://news.google.com/rss/articles/CBMixAFBVV95cUxONWdVTE9mWUJVWDZyeDFldUItaGtNeW12bzhPb1hoVF9yWTNZNmxOUTlWRXFOLUtoS1pEZ1J0NVVXcHV1Y0MzbS03MFdsd0dnQUJ2WncwYXd1T3FyeV9rTHNQNjlldnJQdGNWRlg4eWVETmVnZ0VSU1BPVVhITlpwSVB5WWJsODZOZEgxQzVEeHVqamFPV3ZfeTl5ZDdOVnpUd0VURUF4eHByN3dqSE1lSmc5TzFacDFBZUVKZGl0bktpTHgw0gHLAUFVX3lxTE9WcVVXbmJLTnpaZHlyLUd0LTBiSUozTGtsbWx6bFM4TlU3cE1lRkFTcnhSLXdOZFpxcTZvNnFIaGhQaWV1WnAtY19JQVMxY0laVjIyZ3gxT2VuWHdoRVR4OUlPcVRQak1pMFFGRVdIcDlmM2RxRWV5UHVsM25EbjhLUWlPeGY0by1hWGVnZmd1ZHlONm5wWXFLbzJNXzhJOWpSTGU3OUxyTTl2cXVsRVAya1R5RVNtWXFuYTJGWlZJcUxOQ2VqZmJnUFNz?oc=5
🖥️ Technology,2025-11-11 10:03:43,Opinion | I’m a Psychoanalyst. This Is What Technology Is Doing to Us. - The New York Times,Opinion | I’m a Psychoanalyst. This Is What Technology Is Doing to Us.  The New York Times,https://news.google.com/rss/articles/CBMijgFBVV95cUxOZ1E0Qy1CYngwLWVOSEticVh2aVN5Q1h0WlBzNVRKUkpZU1FkLUxFZVJtaHIzUmJfeG1IS1QwLVJabVZnZGE3ZWlvSGZlMHNlc2tORUxnWXhaMDZzT0FvZ2Z5aXFwdDBieTBTUHgzVUpnMk9pNUU1aHhGYWtDR0JxcmlDZ3hDWW1vRElncnVR?oc=5
🏅 Sports,2025-11-11 09:34:53,The rise of sports betting is a growing public health crisis - statnews.com,The rise of sports betting is a growing public health crisis  statnews.com,https://news.google.com/rss/articles/CBMigwFBVV95cUxNZGFQZzd2TnFHVWdYUG1EWlkwNkdBRUJfdVV1Zl9kU2wxcEc4S2FuOGNlTnBHaUlBRTQxMGdiQ0Q5RU1sNHZHbFZoLVJ4SkVnS1JDVHl5aEg4Z2I1OEZ2QlBfRExKTW1YZVFsRW14X2tZUkttcHdmamJRa2lYNExETks0MA?oc=5
🏅 Sports,2025-11-11 09:28:36,Streameast: How the authorities took down the world’s largest illegal sports streaming platform - The New York Times,Streameast: How the authorities took down the world’s largest illegal sports streaming platform  The New York Times,https://news.google.com/rss/articles/CBMijwFBVV95cUxPU1BseDRYTlFKbmRVQWJvRjYtcDVTanJseVRfWVpYNnpIUGFjejlENElsZzVEU0FxNmwxTmxFMWU1LS1mZDB0aF9MVGVBaU1DUF95VXhUMzFzdkp5Y295bUVlanRodUo3dUl3cEFuWFFqWWlCbWk4akVJTm5IWkNhS2hOVXVIMjlLbWdhREdxQQ?oc=5
🏅 Sports,2025-11-11 09:02:41,Introducing the Sports App Market Landscape - Business of Apps,Introducing the Sports App Market Landscape  Business of Apps,https://news.google.com/rss/articles/CBMihwFBVV95cUxPRkRLSk9OMWtTblVoS2NGeU5QeTZGTUhleENpcU1FRm9Vbnk5MzJHZWlrWk9VWDdtQjl3Qkk0UEp0T01VamdZSkFBTHhLeUE5MkZRdHg4em1kNFJLNGM1T3B5MFR4VEJ6cGZfQk5aT19tMlRGRUg5RHUwQXBENTlwX2MzamU3Z00?oc=5
🔬 Science,2025-11-11 08:25:16,Want To Stay Young Longer? Science Says Speaking More Languages Could Be The Secret - NDTV,Want To Stay Young Longer? Science Says Speaking More Languages Could Be The Secret  NDTV,https://news.google.com/rss/articles/CBMiuwFBVV95cUxOdE1GQ21hQVdYUEllek1ELUQtejQyVFFlN2dtVEZnUHFNd3ZDSmkyQ3pHTWJLeHp3MUJVN1pxa2hEOUpmdTNLaFp4cDRKaTN4S3c1WVBFOF94dFNLX1ZtNEJDeHpaSjFDM200b1UwSTlFaW1jVzJiTlNCeGk1dmlwUkR3OU40R0tHQVdLVDQ1bXh2TEV3Szd5Ym5WaXdITWNQaWFzRDd1aGlFN2ZMZlZ1UXNPM3RXS3JpYjlZ0gHDAUFVX3lxTFAydnVYUG1YUFVTTk9WZncxbDlvV0otT0JhOEo4ZER3RGtndWdBY1d1Y2QyTVRPWUlSdzYwRXk3d1hFSlh5bVhkUzBiTGhycXJSVWxRa0loRkVVd0VYb2ZZZ2JwT0JWQ1Fsd3BkUUJIS2E5ZnNtUHgzOVdVS0JRUFpuTXlPRU1LVjdDRHFBVDhNSzlWcElqTTVoTDZJNTEwSjNVcGZRUzFQQTliRTl1aHBiQlVSU05mOVdEZ1BfOGxvWW1EZw?oc=5
🖥️ Technology,2025-11-11 08:15:37,"Union Minister Dr Jitendra Singh Highlights Compassion, Innovation, and Technology for Senior Citizens - Newsonair","Union Minister Dr Jitendra Singh Highlights Compassion, Innovation, and Technology for Senior Citizens  Newsonair",https://news.google.com/rss/articles/CBMiygFBVV95cUxOTkVULXhLaWZmazFhUDZNclozUDVnWVEwOXZDeEtscHlTazdMbDlJbGM0SHIzbmhYSVc2YTVDYWhnUzJyWHVtQ2F2aUhzTms0OEh3aXdtb3BDQnNKMWlTYjFFZlFzYl9Jblg1UWZKLVNVRDRSbFZxYm5NMVE1SzJtazZQa2JTRllWZUthMzFmWG0teUZ5c00zZEF0MjhOUUdidkVxUTNBLThycWJXbzc1YWJfWks2S1RMTHZFNHMybnRlLXppVm44WmdR?oc=5
🖥️ Technology,2025-11-11 08:00:00,"Nuclear weapon | History, Facts, Types, Countries, Blast Radius, & Effects - Britannica","Nuclear weapon | History, Facts, Types, Countries, Blast Radius, & Effects  Britannica",https://news.google.com/rss/articles/CBMiYkFVX3lxTE54aU5TaW9Hb29Pd1JIdkNSdjZBZEZ2QlpMY1FjTlVuLTlMcVhGMzJ5QVN1bFdrXy0tYmJMTHE2ekQyQ1REd3VqQXNmZEpTNTg1cUM5Z0pMSXFFeHdNTnkxS0dR?oc=5
🖥️ Technology,2025-11-11 08:00:00,"High-speed rail | Definition, History, Technology, Development, & Facts - Britannica","High-speed rail | Definition, History, Technology, Development, & Facts  Britannica",https://news.google.com/rss/articles/CBMiY0FVX3lxTFByV2FQYlFwQ2F4NGQzeWNBcnZPOGhFU055YWN4MDFhY1ZWUFZXUDhhRE5aN2pWS01VMlNDZTZYMXRUbVRVbWJ2RWtGVHFIZFdCYmtsdWJHU2tzbkZrdGdJWFdZUQ?oc=5
🖥️ Technology,2025-11-11 08:00:00,Global information technology (IT) spending 2005-2026 - Statista,Global information technology (IT) spending 2005-2026  Statista,https://news.google.com/rss/articles/CBMifkFVX3lxTE9zdEhkaWdfUFd6YVc1TkhyMFhDUVVQcU1fRDB0NW9BLUx1T1FiaWgyV2pVcHR2ek1QY3lHQWdpRVB2UFNISGNJekNPRzZsMUNfWklZbDYzSlZYUzN4ZU9LcjFKSmdocmZVR0VpWjI4R3h3dTF1TEtHSUlGaDhwdw?oc=5
🏅 Sports,2025-11-11 07:19:22,Jawaharlal Nehru Stadium in Delhi to Be Redeveloped as Sports City - Adda247,Jawaharlal Nehru Stadium in Delhi to Be Redeveloped as Sports City  Adda247,https://news.google.com/rss/articles/CBMipAFBVV95cUxNcFlqUFZsT242Njc5ZWJaUFNZdFMzazNHUl9FM3dBRVh1bDE1el9COFFmTWJ3OVJtZ2JCZ1VpbDV0RnlNYy1EbmxvQzk0RVNvRW5rdzNmYWRreFI1NjdJeF9mcUhWQXlJamxNTXh3SUh4TUtrYmFkZmRrVzlsVGVlSVppZ0RRMVhTb0RfVFhJYVJUN09RZjhCaFdBenVzMW1aa1N2NA?oc=5
🔬 Science,2025-11-11 07:02:20,"Science history: Russian mathematician quietly publishes paper — and solves one of the most famous unsolved conjectures in mathematics — Nov. 11, 2002 - Live Science","Science history: Russian mathematician quietly publishes paper — and solves one of the most famous unsolved conjectures in mathematics — Nov. 11, 2002  Live Science",https://news.google.com/rss/articles/CBMiqwJBVV95cUxQdmNWVDNYU2pGTEp5N1RDcm96S3ZRVnJUUE5Dek92LUwtc0FjRGdfSUZHaHRuNE9zZ1BhNXNDX240T0EybmdCSUJVc0VoRFdPSnFXZ0NfZHh1ckpzWEdEVTdKM2ZNeU83Ym9BRlNyandWck9yWHJaR0I4T2RuX2FMQWNueWdsSkM2NzlkWEFMUWQ0TU9WVTdCcF8tMl82NWltNVRDVDl4TWZoVGtna09mQUpOVVhndmF4dW1CTmNpMW5fOG9UUkt6ZmFBSVFxbkx4Y0xrY05uNFRKal9jcjA1bENWRGpHNkZUX0h4U1ZpRkd3OGlMaGhYUTc5enlQbXNLZ0Q0NDJ2TnAzc1V1ZjY3eVBkaW9SMzhZUGRSaERnbTBzQ1M0YlhGckFqaw?oc=5
💊 Health,2025-11-11 06:54:58,"Viral Video Shows Vladimir Putin's ""Swollen"" Hand, Sparks Health Concerns - NDTV","Viral Video Shows Vladimir Putin's ""Swollen"" Hand, Sparks Health Concerns  NDTV",https://news.google.com/rss/articles/CBMirgFBVV95cUxPSG1ONnY2OXV1WHRGamVYa09jSGpBYjFPTUlQbzgzdmpuM21QNWpSMjRtcXdyeEpoSHJxV3piMHItc3VXNDY0YTJzcnZFWGlmZ3lEYjUweXJ6WXUtbFA5Umg0Mk9qNko5bWtxV0ZDekdlRTFLbTI0dzVoaXZuLWY4aF9LS1lKOFlvY1Z4WlNLX2EwcHdfdmFybHNVd19JUjJwc2NyX01Jb213WV9pT2fSAbYBQVVfeXFMTm1JSDc0aGxJdFk5NkhXYV9Gd0k5WmhyOG1Kc2lQcWdzaG9TZlM5clJld0tNazMwVWY5d28wajdkOThMallUSzR6WFMtMmJVQ0dMdGFYTW9LNVk0ODdyQlMyNGZadHFodlNyeEEyZGp4a2FnMGVhVUpnd3NKc01zNVZwNS1FM29PNmFjLXJDNGMyRDdZTFp0WmxfMzluVTlRcGxLUnFXaU41U0FTX0g0VWQwU0ZGRmc?oc=5
🏅 Sports,2025-11-11 06:28:41,Atletico Madrid coming under U.S. ownership after deal with Apollo Sports Capital - NPR,Atletico Madrid coming under U.S. ownership after deal with Apollo Sports Capital  NPR,https://news.google.com/rss/articles/CBMijAFBVV95cUxOVTlndV9tcE1NUUhBSmtNMnI5bnBWUTA1UzZINmN1bXIxZU1mYTFXN2paUi1KLXJGZWZwSnQzRXBLYnJsOW9JWW56RWEydDZGMl9Rd2p4ay1faXFnaDZjaGowTEd0YU0xYnNuTldfYnpTOFhVZnRpLWdNQXJFQzgyT0w0Z2c3YTRsSW1EcA?oc=5
🏅 Sports,2025-11-11 05:11:52,Growing gender balance boosts sports in Karnataka: K Govindaraj - The New Indian Express,Growing gender balance boosts sports in Karnataka: K Govindaraj  The New Indian Express,https://news.google.com/rss/articles/CBMiwgFBVV95cUxOQ2UxN2N0MTRtMTNKNzliT1YyZWlseDdvdWRaajdfS2EtelVWNTlvbDdJdkd6Mjl6aXNMdm9ldXdlX3ctVmI4UUdfdUJTMUh4WW9DMDA4OW1qWDdZZ0tFaTZiVndIMzk5UUJvT3NBa2RuSU5WZjJ5S0ExN0dYaFdlNnBnZTZGaDhFRWZfN0hya3hkVWNyeE5hOHJrT0VDWGVGb1pnalV5Y3pGS3ZhQWQ3SU5pc0NQV0stdDRyVkhFaFhzQdIBzwFBVV95cUxPbUg4QUh0YU1TN19xUzhiYUpNb3FFUDRDU1NVZDNEcGRkakNmeGdzQkpSZnd4Um1oeS1CNjk0Q0pLTFNKSkhieDg4TGUxY2xkd3VXNGlkYVd0bFZhUGhXX0g5cmV0LTE2a1NoaWxEYktRVkxhS29vd3hzNy1WeTRlMkZHbVp0cDQ3M0lyNVFyWGhYdjRnT2lGejJZTnQ1dFp4N0hnNy1ZQnZZNmg5WS1KS2RUU05jcVhyWnQ2RTZuZEVMN3JiYjZwZ0dhN09hR1U?oc=5
🔬 Science,2025-11-11 04:58:20,Scientists Discover Rare Spider That Is Half-Female And Half-Male - NDTV,Scientists Discover Rare Spider That Is Half-Female And Half-Male  NDTV,https://news.google.com/rss/articles/CBMipAFBVV95cUxOUlhXTHM4ZG15VWpsQVEweHdaNnFkaWlGVThRaUVHSlN6WlpoVWFNemRfMUJBS0kwZEpqdGc2TU5fWHdXVHZ6ZFVhenR1RXJfZGhnZGVjMjhmRFBpMzJkOWpTc3RIb1YzcFdhR2pzTnhadVhBTU9kT2RsRWhBRjAtbVg4cjQya1BPSXJwM2VwSTY2bFc2ZjBZRS1iaXdvVFVpQnlXRNIBrAFBVV95cUxQcGpULTN4WWctZUt4a0tOMVgwQkt1TS1Pb29xU0ZILVc4VUNJejFIWU5LcXhwc0xESHpFWW1jQVFMMk0xTE10d3h4SXd1bHVpVVBqSTktX2stdHN5OXQ0ajJtbzEwdl8wWnZBeEs4YkRjaHF1UnBycmh2UVQ1ZEdhR2drVVV1Nm9jQmlRb1V6enp1T3VyTzIyV3JYZUNYWHlXZm9OYm1RUUxld0lw?oc=5
🖥️ Technology,2025-11-11 04:47:12,"AI transformation isn’t technology-led, it’s culture-led, says Atlassian’s Avani - People Matters - HR News","AI transformation isn’t technology-led, it’s culture-led, says Atlassian’s Avani  People Matters - HR News",https://news.google.com/rss/articles/CBMi2AFBVV95cUxOYS1pbGNaM05OQjMwcXlqTm5yMjc1NDA4eGQxX1Qtb2JiWEg1cFlGSk1mLTAtclFnOFl4c0N1V0JxQmdGQWxLbUtTalpxUGl3WnB3LWotTjFiSW9KTDNlUWxfMTdIV1pkd0xvSWxPV24xVGRucjBTY1dPRmVjajZqSEQzdEEyWjh3R1BtNk1TQ1AybUpFR3VubHY5OFRyVkl1Um5NZzhYcVZvZUJqVDJtZjc3VWNqanlFQTc2dnZqZS1PWkxTdnkwemQzdEFrX2dZV2tJeWpRSnY?oc=5
🔬 Science,2025-11-11 02:04:00,5 science-backed tips for a better night’s sleep - The Times of India,5 science-backed tips for a better night’s sleep  The Times of India,https://news.google.com/rss/articles/CBMi4AFBVV95cUxQTzZaU2hIdUg5dkNYVngtN2lZR3ZPQkNXRkdGVjRmRUlSUG5DTlNlRnQwWmNoZEtpQnNkdGtwZW0zUDVLSTl5WC1CSFo0Q3luVUpjRzM5bEJZYzNCZW1SRkgzakFhS3dQY2FTTmFJZGwxS2xWdlVjeHIyNF9sREEzeTB2R285WkRJT1pnT01Ca0pMUTc0ZW5iNXMzNU9DcGRNTFNUY0drV0FBSVQ5QWV4QWhSZnZ6cnpaUDE5eVlZYk9GLWFzUDFNUEtFUE9Gc0M5MWwzem41STgwSU5Mb0xiddIB5gFBVV95cUxNbmExOWJwQW85WVRaRUEzczRLZ1l3QkV1UWg4eTdiamlXeXNzRGhVczRPbDktRW9IbWxzbzRidHE5QlhQVk5LQnRTckhLcHFwT2NQbWRvb2ctT3d2ek81WXNmQl9jOTBranpSdnk4aFA0M3V1V3FsemQtNDZHYzVHUXhTQmozaG5fejZKMW1NN3c0dHgwN3lPNE9OU0FRdENzRW1mWGs0WHVxSXBzaXlaRTZzblJDVThpek9rdEZ6WS11UDEyaFpleTkyVFlGOXRWUHFLSEdGSjRnSGpCa0pIcWhiUGxkUQ?oc=5
🖥️ Technology,2025-11-11 01:45:41,Poor amenities: Students of Coimbatore Govt College of Technology are in distress - The New Indian Express,Poor amenities: Students of Coimbatore Govt College of Technology are in distress  The New Indian Express,https://news.google.com/rss/articles/CBMi2wFBVV95cUxNUG80X1dLcFgwTmNjU1l2Tk9iYlVhZ0NQNlY0WXJPSTNHTmpKTHgxdDFGZ1pPQWFCTXVLQnJfVF9RN0xMaEx4ZTZIMmJCWnFUbVRCeS11RURSNGM2VTNZY2R2OVAtOEVoZGtncTY2eTFtYXZfYmVsTjJGc3JROUROOHlCdzFwTTBiNXV3T0xXQ3RycVB2NHRFY2dBRGFsb1ZoaHZoTlduN3o0MlhFVWp4TTVZOEJ4SnpFZ0d4MDU3aFFpMUdYcWFlLUEtQ2VEM094UllvYVVUX0tadkXSAegBQVVfeXFMUFpjR0pieFRua1JSS1RMdFVUMzdxbm9xWkpaZWFyTkJWTkFlSW92cTZTZlJlMHViOEZMUTNadXppcVl4T3MxUUNBV19uRUt0eWY3RVZqZUpCS2dUQzNVald1RHR0RXA2aGhnaXgtaWtVYTRtQ1R2WUJqSnhpRVlqZGhxVEhRVGV6RnJoYXNZQTNVT2I5eGRob2s3dDhTSV9aQmR6TnM2dFdMdFFmanlycGItZk5DTnpSemp3aFU3el9TY1VLLTA5MnJSc2o1ejRreUxSMmNSc2kyUUR2MGVjR2dxcnNiX2tvaA?oc=5
🏅 Sports,2025-11-11 00:35:00,"Jawaharlal Nehru Stadium may be demolished, remade as sports city - The Times of India","Jawaharlal Nehru Stadium may be demolished, remade as sports city  The Times of India",https://news.google.com/rss/articles/CBMizAFBVV95cUxPMlV2NDBJZHhLNmotQ3BIc240WmRNSEI5bmNjY0tNWW12NWtadWJ2ejNNYXVwdlg4aERuVzhaa1U5ZkR1dFFqQVprOVI1RVIteVFFeThnbGxXQWNsWUxjYVRYMkJNY1Z3MDhXeFVmTnJydDFPN3JsTWVGMzljcm5JMFgxVWZwdmhDYnU5b0YtenlrbnRNcWhra3pxalRvTkJjWjdJSzE5ajVHTXo3d0RxMkZOcGJsZHc2aU9xT3RuMm5Qa21fT0U1Mkt4dnrSAdIBQVVfeXFMUEh5d0EwSmhta0F6YkFqa2M0Q0VWNExjZ0pxLVhPTlpLNWM3Y200cUJxSjJTaDdWdmlQVFRETFQ3cU5LSkNhVW8xSDEtRHlGbzlYWGNCdFlkOEVpWDF0VjFXaE53NzR0VFdDNDhTcTkxZFktcDVCeTMtUHhyeXNYaGdXZ21YMUhiMVdRbzRHTlpPTFhHWktqb0lzUWRsUl84QUZUUTNUQ1BfenM1dldhaXNEU2x3OUxQZDRFWHhtRjFWM0VfZGtndFdkUkl6RWI3bW1B?oc=5
🔬 Science,2025-11-10 21:39:32,Scientists Discover a Viral Cause of One of The Most Common Cancers - ScienceAlert,Scientists Discover a Viral Cause of One of The Most Common Cancers  ScienceAlert,https://news.google.com/rss/articles/CBMinAFBVV95cUxPdVBNRExYRDdleUpFVGZwemQ4TExHMFMxRTNjUHZmVjl2QV9NdFVjWU1iY080ZTRoV0ZVM016U3ZTWWFRcDIxOGxsdTQ0bWdmN1ZZaVh5Y2lnU3Zfc3JrSExhZzZCRVp2NlpkbVREdkluTjZvTGVTS0xhNS05THlhbGtNMnRsckhwWVNEZ1VFalhBTm1lZkszeE5nWTI?oc=5
🏅 Sports,2025-11-10 20:45:26,Research on the sports training effect based on GABP neural network and artificial intelligence - Nature,Research on the sports training effect based on GABP neural network and artificial intelligence  Nature,https://news.google.com/rss/articles/CBMiX0FVX3lxTE8yQUZ6UFZYNTF1ZnVXdmVFekVpQUV3cVhOM3lJM2NwaUpxbW9mRTF5Qzd1X252RllKZEJFeldFLVJCQUg0LVZYRkJpYTVEQk9FdDRjNmQyTnlkek5CaDBZ?oc=5
🏅 Sports,2025-11-10 20:30:11,Delhi’s JLN Stadium to be razed for plush sports city - Tribune India,Delhi’s JLN Stadium to be razed for plush sports city  Tribune India,https://news.google.com/rss/articles/CBMimAFBVV95cUxNOHRxZFFtQmZwQmNsTjlRYUJYTmppSXZfSHFkNlZ5UGVidlVYMjE1eEhWNFRKX2xjXzdYcDk5MmNXdWRVVHphMnVwSGlwaEhwMnB6S2lZNjJvaDRFUEZBdUFFTG1qX21HYzlZb0FfMmY1YUw1TlFmWWNEdlNjYzhsRG9wUkFkaXN5aFZ3ZnJTNWRybHJRSmt6UdIBnAFBVV95cUxOS3JNVGdsWGszRlRRNmdjMGJsUHdSOTAycW5jY09jQTNOTC1IY0NsUHFtemRIRVY3NDJJYTJ3M2g1enh1cHVVWFpHRUVPcEhrZzFQM212cFJvcE1mWVhlNnc3NzZXUnNWTk5yZ0ptaVJ0czRUUEtFN3ZDd0c4RzRnMGVJQTRQWmxGUmdNVkZVRWhTSnR1MXBBMTM5RGg?oc=5
💊 Health,2025-11-10 18:43:24,PAHO calls for regional action as the Americas lose measles elimination status - Pan American Health Organization (PAHO),PAHO calls for regional action as the Americas lose measles elimination status  Pan American Health Organization (PAHO),https://news.google.com/rss/articles/CBMiqwFBVV95cUxPQjNjd0VZYVVON2ROc1ZvaTFWRTdnX3BBNDM5SkRTWE9QUHJ3akJCVGhkdUFRSXRlNmo4eDlSakt0ZWJyU1RIcldfLURMVHVrWW5pZVZuT1NDeFFLRVRCZDhmbUlpcVp3Sk5CaTZ4Z1VJbGgzWGR3cjRtM3ZtemViWERlS0sxNlJGbzRxeFJCb0pWVVd6T3UyLVNjUVVIZXRnS3JxQ2ZRZUpKZVk?oc=5
💊 Health,2025-11-10 17:34:48,"OpenAI considers consumer health tools in push beyond core AI offerings, Business Insider reports - Reuters","OpenAI considers consumer health tools in push beyond core AI offerings, Business Insider reports  Reuters",https://news.google.com/rss/articles/CBMi4wFBVV95cUxNcVpfWU1KU2cxR3VvclktRW9rSkR2b3VHWEhibVVna09USmRkdWczSlpiOEY5OUlfUXNpdTczTmZMMEpKZXVhbG9PSmEwOUVNaEhHVFhfajRKZE5Xd0ZBMkNheDR1UjNEY2RwWWlFYUtUbFJBTGd3cG9YRmxweXMzYjNGT2xpcl9CeTk4VlcxMnhMOVFVWTVHczh2QlVBT2JncXNqaDE4cTNhcG92VTRSOHVkRnJPaHQzajJJaEVwYlg5M3YyM3BJY3FwZUxab1JvWUhYd2I4VEsxQmxyOTdLX1FaRQ?oc=5
💊 Health,2025-11-10 16:21:13,"Hema Malini shares update on Dharmendra's health, urges fans to pray for him - India Today","Hema Malini shares update on Dharmendra's health, urges fans to pray for him  India Today",https://news.google.com/rss/articles/CBMi3AFBVV95cUxPS2YxdmFhWkxNZnhnLTIxVU9VVVIzNFZQXzVhRmQyYUVDZksxX2xtN1RfMHRxRVQySC05MWpxTjhrTkdGcXpJNVlaendDWloxeUY5b0NWVE1CTlBsOTJrZlhZYUtHWk9qcDRKMFlQdThFcVVOcTFsMlppY0dDbl9fdndiMm13TDhKSGVUZ3BIa0ZwdE5zV0pQMU10R3R2QTZKbTN6cW8tbmdycUV0ZHdpbTU4YWw4eXFYS0VGT1ZsbnhjeE1seks1REwybkxVRENaT2wxX3U2MGZfNHNS0gHiAUFVX3lxTE9MX01GSjRJTE5XMHlpenRDQkF0XzRweTR1YjQ4U20tQkFZVkZCcUs4V3RXWkRBOHdPZ25jV2VWX3ExY3RkYkdzQlJOWm0zd2FqWlBocWdOV1lWUnhiSFhibFM5VXQyV3ZLVlhteDBsektMRmEzVGNRTGthcXBLS0tMWU5qZU4wVkY5V1N1dVhEOUpOMERNMUp3YUotRkZ0Qnlaa09FajU4d2QwTW1EUTZ5TkhWN0JKVE00MVdyWFBSNWJ3Nll5WTNxMnNfZWlFbmE2QUxNSUtZQktNNU5lTDZGVVE?oc=5
🏅 Sports,2025-11-10 15:51:00,Jawaharlal Nehru Stadium proposed to make way for Sports City in the national capital - The Hindu,Jawaharlal Nehru Stadium proposed to make way for Sports City in the national capital  The Hindu,https://news.google.com/rss/articles/CBMi4wFBVV95cUxQbTcwRHpWaHhISDV2RF9BM1hydXBFemJSNmRjbTA5SnJISW1DeWtZdl9ndWJ5UWJCRVZ0NnFVT2hsTTFET0RHT2pkVU52c2o2YjJPV042eXQ4YWdhZEc4RjQtaXJPVVA3aFlBQlNaX21MSmttS3kxeUNkUHZON0ZDd1VfT1FWSFMzc2dHNHhFNzFBQjVNNmhJVDE4RldKN0RTRjJUZEZOT2NFWW5xUS0tajVDNFJtdFFjLUtjN1plXzdhNXVnZlRuOFZJZG5LUExLRWUxUS1yRUVlQndOMEdIdldzTdIB6gFBVV95cUxNRG9pdkt2U0VEWVhFLVhPeTZoWFV3bkdwWGM4QTUzQnNLeC00ZlpzNnlkOVBlZDJCb2JXaTFaX2NtcVVJQkFpdFZ5dm9OUVZveXp2VERMTHdMZmw4UXRjbC1KanB5MVJKcWtZSmlSNy04UUwyaDQyRkNCS21WYmh2eG9xRFIxRVl1d01TVUpPRkxfOWRFRUt2d0NoMEdiN0o3TnhqalRHQkwyU2oxNGtSeDkwR09lZ1RGN3lDelF4elgwVFVCN011WHlEQ3d0alc1WVVNRXBLWjVwQVdaX3NidDAyNXFNRkI1enc?oc=5
💊 Health,2025-11-10 15:51:00,Genome sequencing for prevention of health-care-associated bacterial infections - Nature,Genome sequencing for prevention of health-care-associated bacterial infections  Nature,https://news.google.com/rss/articles/CBMiX0FVX3lxTE0wUmxjWTBIRjlBUkk4UHpiMWFxUExkWlN1VjF1ZzcwZ1hwU0hxZlN5NFBtR3pzaUtwS0RHSkpXUi1SLXpwYkVGQ3Y5SGJEazBKd25HUEFQN2lUUDRDY1lJ?oc=5
🖥️ Technology,2025-11-10 15:15:26,"How Europe deals with China in trade, technology, and security - Atlantic Council","How Europe deals with China in trade, technology, and security  Atlantic Council",https://news.google.com/rss/articles/CBMixAFBVV95cUxPbWwtY1J2WHNYVXVHbU55d09EYzZmdmUwQWVabGZURlFzSVBYaTFucFVLRjh4dzZVQkxrR1NLOV9HQ2YzUENVNERIcDFUQ3UwamZ3WWlLTHBjR01MUWpHWWViUG5aMkdEUnJwRjBCOHBZbFpJcnFvXy0zNE1MQWM2QjJPWkxWMk8tS2YxT1o0SjVRTTd4TENHWVVFc0dteC1yMG02Y0Z5eHJsYVE5blRuWjh4ZFFPT09NRG45Z1lVZFJ0bXV4?oc=5
🖥️ Technology,2025-11-10 14:19:28,Reimagining cybersecurity in the era of AI and quantum - MIT Technology Review,Reimagining cybersecurity in the era of AI and quantum  MIT Technology Review,https://news.google.com/rss/articles/CBMiqwFBVV95cUxPWjhNQUM1QXMtRnlEVlFsajBJWDFGODZCZ0pUWFpvQTBQRTBBcThWcmZUelNUaHN1WmVUT1FqWXRBNldpOTNubDA2em4tMHZ3UTdMaG1nR1lfWlVhUEd1TDZSZ0xsVXNFTTVUclI1N1Z1MmZrcE9OZTIzc2N1NUM4Z3VRZkM2WFVFamxHX3dUcGJfOWNMRXBfTk40azFaUWdhNURiZy1BQkxXSFnSAbABQVVfeXFMTlBxRmFDX0M1U1FsS0o2ODBJb0o2eXNRM2pQRm12eXZrUVF6bXVGVVBSRWwyd2FjWnZJdk5RempwTTVjRFQyT3p3M0Y4VU8zSlVzelNGRV9TT2cwczR3ZU5tNHRPSnNpZllzY0pSTmVhdG1LNndDa1pmNTVrME9pSUlLdk9IcDl6OVZxbnVGdTJzMmt3YjJsZ2NsNi1aU3YwdVJnX05EMGFtVVhic3RxY1A?oc=5
💊 Health,2025-11-10 14:04:02,Samsung Health Now Features Exclusive Fitness Experiences from iFIT - samsung.com,Samsung Health Now Features Exclusive Fitness Experiences from iFIT  samsung.com,https://news.google.com/rss/articles/CBMinAFBVV95cUxPMjU4anh3eU1DM2FrbTJTRWZlb0hpbWhrWmwxSWN1M2NOS1RpamI4a1RaVXA5WUpCMmVMZWtpZlZqclVTVHhxLXVtSDh5dVZkWEljc2xsQldjOWtENnBCZ3RDa3ZTS2VEbHNuOGVpdGlVaDgtSmNvMTdXeDU0OUdJYzRoOURMQ0x2N1hlV1p1OF9zRGNZNm4xNDFveGU?oc=5
🏅 Sports,2025-11-10 13:07:25,IBM and Web Summit to Launch Sports Tech Startup Challenge to Fuel Next Wave of Innovation in Sports - IBM Newsroom,IBM and Web Summit to Launch Sports Tech Startup Challenge to Fuel Next Wave of Innovation in Sports  IBM Newsroom,https://news.google.com/rss/articles/CBMie0FVX3lxTE8yWXVmVkNVRWtkLXM0OGtWTlR4NkFCOFNCM3R3RW1DTEEzVWt5WndaTDFwVlprVW5CeVU1aHFpNEdFc1kxTHAySDE2T25EemJ0dzc5QXFBY1AycDhSVE90dUl6Z2RHU200dkdHNEwwdmFJX0w5SlRJeEMzSQ?oc=5
🏅 Sports,2025-11-10 13:04:51,Apollo Joins Rivals Buying Sports Teams in Atlético Madrid Deal - Bloomberg.com,Apollo Joins Rivals Buying Sports Teams in Atlético Madrid Deal  Bloomberg.com,https://news.google.com/rss/articles/CBMitAFBVV95cUxPVUlvc21WNGlkaks4M2EzcFlja0V2NWZYR1drQUowNVN4Q3lPcTlIWDk0dEFNTmp3VlFTcHYtR2RVMExQcDVFX3BKcmpmWGhKeFpoQzB4MllaazJWY20tVGFwNl9OOTdrYzlYSng0T1hGRzd3TDU2eTFkdGlvSl9TakI2UkM4WnF0Zkc1a21GdGluNmZoM05vNXpHQzBQdlp3TzhNcmtKenBQZklsbE83NUZMRng?oc=5
🏅 Sports,2025-11-10 13:02:36,IOC moves closer to ban on transgender women - BBC,IOC moves closer to ban on transgender women  BBC,https://news.google.com/rss/articles/CBMiW0FVX3lxTE5yUEFwczVCVTgyVUpSRHZOYXpmQ2RaNFFmaGF0TFBFT1R5WGJqLV9NS3FOd044VW85eU1lNDQydjljb1ZxYjJfOFNhZ1lIZFdKRnY4VDZHU0lJUUU?oc=5
🖥️ Technology,2025-11-10 12:35:22,Relations between teachers’ technology integration within ICAP modes with moderation effects: international perspective - Nature,Relations between teachers’ technology integration within ICAP modes with moderation effects: international perspective  Nature,https://news.google.com/rss/articles/CBMiX0FVX3lxTE1OM0pFQk80a2VHZGM5ZG1kNkxMM3MyYTc1UEhlSFRhOXhkYzlSXzBHclhhMHJqNTV2TXhMb1hVSXpvM3N4VVNucncwbkl0UUQzN1RKZHY2a1pkZHZiOUhN?oc=5
🏅 Sports,2025-11-10 12:34:47,"Delhi’s JLN stadium to be dismantled for a vibrant Sports City, second such revamp in 43 years - financialexpress.com","Delhi’s JLN stadium to be dismantled for a vibrant Sports City, second such revamp in 43 years  financialexpress.com",https://news.google.com/rss/articles/CBMi2AFBVV95cUxNWXQ5WGhVNHNwbHZ1OGd5Vm1pUm1vbDNQdDlhMW9PQ25nS2VueWJuMGhfdFlsM0d4QlgwNzFzc2huZFNQa2RFbk9OVVBIS0s2d1FZb0dXZFRkNElRaU1FMjVORkM5c2JhNDhwT09lTDdZSkNCUFlta2dZR2EzTVF2WFVKTDgzLTZrXzROdnU4VW9kVEY0OS1fV1o0c3ZkTEdlZXhaRGpweG8wdGVqZ05NTWp6aXRPN2ZNdHNGbVNVMlkyZnV5MnlMQWFNV2pRa05IT1hSQUNyeUvSAd8BQVVfeXFMTnk5MzRMNF9WUVRDNzBxQldXTV80Z21WREFEbnpXU2JBVXhZLXduWk5hRjhTTERKem5vQjhlZy1TUWwzVXNablBndVlFSUt1dXBicHJiamprNGJsejhveTEtV2ZSai0zYks3NHc4dWV3bm94R1NyMWhaa05TMUpCaHFQVUNlYkR1U1ZpbG1KREQ2T21xTk9hWnExdmw3M3doX0NBMVZybWFVSnNNVGJSNXZSN0hWZnkyZkUyZXEzVXVBZkk2SnlNQmpnRlUwNTFSRXNqcWl5Qkk5SC05UTRhQQ?oc=5
🔬 Science,2025-11-10 12:33:00,The upcoming 4-day India International Science Festival 2025 (IISF 2025) is a celebration of India's universal recognition as frontline global player: Dr. Jitendra Singh - PIB,The upcoming 4-day India International Science Festival 2025 (IISF 2025) is a celebration of India's universal recognition as frontline global player: Dr. Jitendra Singh  PIB,https://news.google.com/rss/articles/CBMiaEFVX3lxTE9MbTctaVZSQUV6MTA5S3ZmeGJYcDV3TGhLdnhOeGY3ZlFkZmpNVkNVMmhEOFlHeGFBMFJyb1RFdFFtSEtmc2RDcU4zWk1PUUpCMlRtZzBBN0ZMOFN6dVBnQjlfcEd0a0Jt?oc=5
🖥️ Technology,2025-11-10 12:31:05,Mobilising Predictable Finance and Technology: A COP30 Priority - orfonline.org,Mobilising Predictable Finance and Technology: A COP30 Priority  orfonline.org,https://news.google.com/rss/articles/CBMiowFBVV95cUxNSE9oZ0szWUVFQ1ZYLWdYbG9LVlNQZDlmUkFGcDdHLVNtRFhRZ0hyUGd6UEcxZWxTaUQ0cDRIRmNKM1NIaktNbFV3RWMwQ3d0VHdIXzhDcHhsdFp5VWVNTVh1WUtvMnlvODJaNUJ2UHBBMWlna2x3ekFTOGoxMF9aaXhDaUpfUXZDVFo3Sjl6UkdfaDhOcVpMaFRIVmtUU21Dd1Zv?oc=5
💊 Health,2025-11-10 12:00:00,"Polar climate change could amplify global health risks, study warns - PreventionWeb.net","Polar climate change could amplify global health risks, study warns  PreventionWeb.net",https://news.google.com/rss/articles/CBMiowFBVV95cUxPbGxWN19FdV9rRWNmUlZhLXFraEpuRnBFS0Nsb0hPdlF4Nm5qcjJwQ0Z4RlVSZzE3cEF6V1V1LS02MXRaUW53RWRCSUh6RWcweGpmeXJwSm83U3oxSVZLTGZKdVJHRUpOa0UwZUVGNmpicWR5S3QtVnRYMDVXRmZocmdmZ3hUVEptSXZnUzd1bHEwNzFpd3FjdUVVZV9MV2wwdGJV?oc=5
🏅 Sports,2025-11-10 11:56:44,JLN Stadium to be 'dismantled' for new Sports City in New Delhi: Report | Hindustan Times - Hindustan Times,JLN Stadium to be 'dismantled' for new Sports City in New Delhi: Report | Hindustan Times  Hindustan Times,https://news.google.com/rss/articles/CBMizwFBVV95cUxPaEk4TlVTVmFBZmZudTVJSG9aX3hQMWhPWHd5eGZzc1JuaXVCal9MYXJ3TUVpTk9KWlpwQ1Ruc0xJb3VLVlB1NFkxYVRIdVNld3ZkX012b1pna0dGOEIwbVM2alA4MDJnN2lQS19ZZ2w2dmFiUUZnYVJSblgyTVdERUpjcVdtLTVzNF9fZlBSM1BnaUowLTQyalZIYzJMY3lNZk9XOHFPako1enZiY2tDelhkWC1pT2JWRkZzV1lSVlMwNFRmTXJUUDFLR2x4aE3SAdQBQVVfeXFMTW9zWG8tQVVYbWNsQ29TeG93VmJNQjNIVi03NEttc2Ftd203ZE9yS3dycS1oV2MyZmNpMlFyT3FTQ1VYVXpjWWZ6cTdMVm5zSURiVnZ0XzdBVnlZYmNBUWpMcC1EVnhPQk1aRUNzV3BRZlVEUnNpR0RQSGQ3dWJ1dk1WMU82NXJQYnVuWHJvcnZVR3h4U09pWHJwTlotTElDRm9JOFJFTDIzcmxuUWtISjdnWkplY0k4cV9feHJVM083LUwzckxCM3BCRFpBVmtDMERXcmI?oc=5
💊 Health,2025-11-10 11:23:00,Cardiologist with 25 years of experience lists 4 lifestyle factors behind most heart issues - The Times of India,Cardiologist with 25 years of experience lists 4 lifestyle factors behind most heart issues  The Times of India,https://news.google.com/rss/articles/CBMiigJBVV95cUxNNzdvdGRVNUt0NkJpSXh1RS1leG1fbUVmaXh6a096N1NReXAtc0xyXzRYbWNiNGY4QUh0SEhJVmktcWFwWW1IeVNOcFhFTFB4NkMyQ3c4S3owUUpSdnpESmhZZHBKM2dURDdqNW5LcURuMHdGaV9UbDRfaTNGYTBYNS1zci1PRWRYR2lJMWp0VUFSTUE2NG84cW1DbVVzN1dlMWhoSzA5a1phajN4bTNkNVJfYTdpeUJ2QkhiWDI5aUNiUG1RN1NMMmV4dWZZa1g0OEU0aENHdXV6WkV3aW40bW9yVVVrcVpuLUNzMVNfNXNSam1rLXR2N0FQYlBiWWJyaGM4S3otd3U3d9IBjwJBVV95cUxPRC1vN0xqMThCY3pNbF9QTUc5ZVhYUEpfUy1UdXJISUpZNDlIczRuU1AxY3hETWE2RHV3VE9PTlZxZVMyZHU0YUpQZE1ySWd0TklsRGV4YW4yc3pJWU9LbVFHVVMzOWJsUjJab0xnbXI4TzBnQ29iZy0wQzBJWE5oOWNtMTJZWFJPNEVBUEJZNFhaSWh5WlFSSDJlWkg0d3V2YmhuRkFfck1ReTZFd2ZSZzRSTjV5UnFYaE1sVGQ4YVRsNDAtS29Heklfd09tNC0xdWVaME11UWlBUzktbThtNHlNU1FScFVqMXRJQ2YzdmRMRUFleHhSUm1LVlZxOC1CRlFoWmJGT2hYX2pseXNn?oc=5
💊 Health,2025-11-10 10:00:00,OpenAI Is Weighing a Move Into Consumer Health Apps - Business Insider,OpenAI Is Weighing a Move Into Consumer Health Apps  Business Insider,https://news.google.com/rss/articles/CBMimAFBVV95cUxOTHZFcHVjVG9sb2pYWW9WdVhVdjJIWDFWQ1EtY3ljdTZGWUFsQ3RwY0lfalZZU09BUnhqRlNPOGFCbkRrN1Qwdnc3Y0x3STdGMnBvYldsZTZhamQ4OGJ6OW9GemZnYWZsdEw1eEZxV2xxMm5nblFENktlWV8tVGs1WWFKcnE5WW55UUNXVG1iZVpReVdhRFpPcQ?oc=5
🏅 Sports,2025-11-10 09:13:00,Delhi's iconic Jawahar Lal Nehru (JLN) Stadium to be 'dismantled'; city to get new multi-discipline Sport - The Times of India,Delhi's iconic Jawahar Lal Nehru (JLN) Stadium to be 'dismantled'; city to get new multi-discipline Sport  The Times of India,https://news.google.com/rss/articles/CBMi8gFBVV95cUxNU01DZXhCQnkzTFZ2N0ZLN24wNTUxNzQ1dG9vUmtrQjI5S3FJR25uUmJiTzd4WUFzVzZkZnJCM1lxYmhXeWdPQlJzOG1TNFppZWdlTkxKRk9qXzhpZWhaRDlCZFg1NWlFUG9IRW0wUGJLOFpyRkpWcWxmcGlRU05sc2xBeEFINGFjTHhFZHEyTi1iTlhJbTJwX3FKWWZXbXNobnRCQXROaUZNYnlNU2tFQlNuVUdaQXVJT3F5bzBmRXRqT0NIeW45Mzc4NHRCV2loRGpBMkE1eUlaWEdzbTd0U0dONWZiejZmVmxHelhNaXllQdIB9wFBVV95cUxOREVkd1d5cjNRTFl4NkxjTnZjOWQ2aG5LQVFWOUw3UDVGampvVGhtdU5UUkl4aVZocDVxR3VRN3dzd09DdUo3VExkWDI0bWlGSzdfOE9HV0plOFpZN3JsU01WM3lyTUphZGsycjFQLU5obDVqaklIOGdlZzZZNFgxbGM5UXNJaGRyaHhXSXZIRF9iblV3Y0k1eUdrT2FUeVQzNzQyRU5OSUNNUFBKNWlzVzhBNnVPcDNfTm96Wk9XaGV4Nl9rYk01amgtYUF3aldRQ0pib0RfTGRtVXJRMjhCZUhrdEpxcXZPRjZ4d09qNlZJWHZDcm40?oc=5
🏅 Sports,2025-11-10 09:12:25,Delhi's Jawaharlal Nehru Stadium to be demolished for 102-acre sports city - India Today,Delhi's Jawaharlal Nehru Stadium to be demolished for 102-acre sports city  India Today,https://news.google.com/rss/articles/CBMi3wFBVV95cUxNZVYtRmt1RF9oMTFsc0NUei1QTFRJWENGNl9VWnEzZzJWaTkwNVlaT3hNSkRfN0NYc2o4SnRySF8zTVEtNmxIYVh2NXR2V2ZJVFZZQnhMQ3JUMndSYlU4N2RSYjdyNUZjVDJZQUcxdjRRQWZ6VkNRR2hNYkZ4dEp0MkRXZVRVVHQ4WDdlS0psWUhQT2gzblJsS3I0c3g1UTdkTkVoUERRay1OV1QxNWZtTnVsOW5JMkVtMGVHTlExWENwRHRPZjE4RWhmWTRDQ1ViR3d2X1dITFZ1VzBpbm5R0gHkAUFVX3lxTFBSc3kyZkllekpKY2p4MGNDRzZOaXhZanMzdVNxTzN2NzRmaDg2dFhmTVB0WG03c2VwZzQzNnBQdVVvZ2ZFZjVyM2pMTXMwdmFNdjZWaENibjlDOERsblkybmVXTFBqc0V6Z3Q5VUlnb0RzYXdsWnd2Smk4bkxnYmc4MUpGeEp6dGZfSWZNYU1Dc3loQ1VrNlFNYlNRTV8yU0JhUEozb0k4QUpOUVVpemVkai1GNVdRQzZOWVNiUzlLMzhoMkQ2TmNfTzc4NU9QdlNLTUNHR0hsT2F3bjJlS2FIazZEQQ?oc=5
🎬 Entertainment,2025-11-10 08:49:43,Entertainment Buzz Today — What Everyone’s Talking About. - The Times of India,Entertainment Buzz Today — What Everyone’s Talking About.  The Times of India,https://news.google.com/rss/articles/CBMiywFBVV95cUxPMXdHd3NOWkZRYXFoRE5lWDRsLXFacU1JeEtKakx3VlVWVWxTa1MtUDNYMXhJMXVGVjA3NnozWmtxSzdGdlgxTlpMZGlWZllBN3FORXlwNWNjNFdXTjhOVE1hc3RsOUF3TDBydnRhbDRneFJrSkZFS2c5SUFuUERiSUMwQngzcmdzQjZGZnFScFlhS2EtRlc0VGtBV2pTdm1Sb2FScGtmTEpCTDBkZkgyZkI1UklINWpCOW5JbDgwTWFRcEt0NVY4Ukdpb9IB0AFBVV95cUxNRmhta19LRGgwVkxxVFhOYlU3Nm9Hc0tjSjkwWERvUHRveFQzZkR1NmtyejZESzNIMW9lRkR4Vmw2TWU1OHJtdWM4SjJZNTBWbFdSRWg4M2ppOHVnaEJhamNCbVN4aDYwYWc2NG1ZalloNFZER1F3X1ptVjgtdWZKZ2pSMUZaMUlybUpkdGdFTXdkbjFzMEw4bjFuUzJudVZYRWxoWU5DOXlSN0FkSmRsU251WWJsc2MxOGhSNUdQckxENVNmMUZVZVZGNE0zYnc2?oc=5
🖥️ Technology,2025-11-10 08:44:21,GI in the age of AI: How technology empowers Indian artisans working with GI-tagged art - The News Minute,GI in the age of AI: How technology empowers Indian artisans working with GI-tagged art  The News Minute,https://news.google.com/rss/articles/CBMi2wFBVV95cUxQVkpxeHNjYW9YdVJJRHN2enNDTEU0QVFEalpJZDV3RmNSNHhTVmd3WFNrYnQzMjJYcWZsV0tXRnFqLUYyQUhPR0dWU2xTVGNBclRQMF94NmV6MWFEU1RpTzczMHBMb1JrRFRFbmFYS0YtWmc2UFFEdmFBMURBaWJCYXdJYklGTXJoeWw4a1pQLWh4OVRNWjNyQXpDM2pRUndEcjBJVzFPUEdtTjBCMUZOMmppeVVKTFotZlY0d0pIUFNUNzhrNGdJMGxvQ1NadFFPcTZkVm9oYnNGc3PSAegBQVVfeXFMTUwyUmRiMG5zTXBZcXhkMWRRR2x0elBwek9CN090SDFUekdRYjlWZURYSGRUQVJ6RXZQckdIZGxoXzIyeVZGeF9XdlRvRnJPaExlX0Y0bGFIZ0o2NGNLRi1Pckx2d2ltRVE3MGt2NXFvRVUxMENFOXlObWsxV09hV0kzYUU1X2RaRWZBc0NfS0tiRm5BWGdiOVFkaU9hQnpzWExpWFBMY1ZnVnJVT1NfRFk5ZmdkZXg0QWNRbXYxSk1SRHlLNzkyYUZJekotSS00Ny1QTzFCRmItWE9xS0hhSGhZa0FpUnFWZg?oc=5
🔬 Science,2025-11-10 08:30:00,Meet the ‘Spider-Man lizard’: The science behind the Mwanza flat-headed rock agama’s superhero colours - The Times of India,Meet the ‘Spider-Man lizard’: The science behind the Mwanza flat-headed rock agama’s superhero colours  The Times of India,https://news.google.com/rss/articles/CBMihwJBVV95cUxOMHpvc1dZMGxpem1aeXZ1V3BremlJOUx0M3Zoemo2RTNvcko0MHhYTXpTWWU4QmsyU3cyU05PNVl0dGp6YTFBd3pSQWpCQXNmX3dLdFVOM1c1c2Rrc2Vaa1gwZi1jRnZCZktMZ2lOeDRsdkVXNU5LaWxqRGc4dzhXVHRmY1I1MkFPQmtEYTZrdVdZNlF5U190NmI1eDZGeXF2aXc1U0NIUkd5QVl6d3pfeG1aSmg0V1BTb3JTMGgwdXBvSTJGWFdWYUMyS3NNa0tiRjJPa0VIRTU4RTVPcndWVmJzSC1BVWxRMUphZ2o4Tm40RGdVM1RSUklOWnhFQV9mZEo5Rmhjc9IBjAJBVV95cUxQdl9Xdjk2VDNYZFFWaXMyalkwdmVGZU1MMVlCbXNITFE0dnowM1VnZE8yWFVzYUpmNUp2WlVJQW54Mm9RV2RIWm9RVUM4RkdGNlU1U1B4bzVGNG1UVmN3aklPREMtcDh3YS1OLVVST294ZURDNW0tb09KMmRiTGFHOGdUaUFtTGwzV0xCaWFtenktbHJobXVhQm1oRTJmSGp6TW5kM3FDeFhfYVBvVHQ3RFJPTC1CQWNURGVqRUN5bDVpN05YRDhXdjI0dEhvTTlKdldiVDhjNmxvcVVMSllNcXhfc2NlQnp0SkZyc1NKUVdzdzM5UU85WUVRZFk3VlVWTkNPQTA0eFlUdDl6?oc=5
🖥️ Technology,2025-11-10 08:00:00,"Technology, Data and AI are Transforming How Employees Receive Benefits - aon.com","Technology, Data and AI are Transforming How Employees Receive Benefits  aon.com",https://news.google.com/rss/articles/CBMisAFBVV95cUxONzY3NEJfb2pPSUp6ZzRzM2JudElQUWYxZVdaSmQ3QUtBOWIzZlAyYzVYOURGYV94dWlLWVJURmdQYnZOSFZFWTgyRG5adU1BYTZNSlFndzZMUDdHVGdfeHZweTc5aU5VRm50Q0ZzaGMtQ2NuSkh6V3U1X1lwZzJKdTBoYWRrQk9adU9VakNLVkRMeWQzODFHcXJweXNGWFRaREZUd291NkVhRk9SeUs4aQ?oc=5
💊 Health,2025-11-10 08:00:00,COP30 Health Pavilion - World Health Organization (WHO),COP30 Health Pavilion  World Health Organization (WHO),https://news.google.com/rss/articles/CBMimAFBVV95cUxNSUpqeDVTSkUyLThJNWFuVjhWVks1ZXNWMUVCR3NZNlBnaTJVNzBUYmpJRFdhSkc5cy0zWWgzVWVnWElHRWJhMlRKXzBJYnMzYTNUVngySXlQbVRuWXdSUEZZaGFVM1M5eFZlYW1EdFhzNWJzdlI2WWdNcnhfVUlQSXBSdkd1MzFWYWZJdDVFWk1aZGNTcGZVSA?oc=5
🔬 Science,2025-11-10 07:46:00,Why elephants never forget: The science behind their extraordinary long-term memory - The Times of India,Why elephants never forget: The science behind their extraordinary long-term memory  The Times of India,https://news.google.com/rss/articles/CBMi8gFBVV95cUxQUGNUZHJ5TmdLVGVpRl9EME02c3dRVWFnTUM5OC01Y3Ezc3hYYldKcURMdTdCZlVtLVIxb2RWUXVpQy0zbFAxV1Y5RXloaWc4bnBWdXJUcDFRaEtEd2JDUEJ0MzBNa2R6ZTMxckVPemFTZEM5RlZPc21XZmEzVHZBUFo2YWdwQXJQRkhiZDRMUXhRVEdJYTZFQ3NnbkxLUnZRSkxxdldGc2xYOHJVWmFQNUJfdUN6MFVYRndvUUFxcUhIeURKM0VxbF9kc0RrX05ZdVIyUE5yUFF0aktYMHZpY1VfcklLbVlldVNtU1dRV2pqZ9IB9wFBVV95cUxPM0xWRUs4cTBWWElPdGdiZllucmVGdms1UVZabWhERXRsdk5taE1GS0Q5Q2MwNVdQcGtnZWJva1VabkNPaFhnSkRWQ0VTTklKX3RhWTN4eXNXcENWNG5wYWNpWEdPYmVIWUU3eE9RV1VBaEFCc01rdDRicHE4WVBZZ0RTY1c5NkpRUXZPNkpFV1h5dUV0emdlcWs3WmhIRHV6SW5UR2lSeEhra19nMEpsckhZUVJzSW8zbm8wUlRCUE1oc25VWWVzV3BJNklFWjdMSU8zTDFkMUZ2Xzl4Rk1EUkpWcWZRUG9IcXNOUVdFX0VwaXJTc2RV?oc=5
🏅 Sports,2025-11-10 07:00:33,"Call for Submissions | CSLP Blog, NUJS Kolkata | Centre for Sports Law and Policy - SCC Online","Call for Submissions | CSLP Blog, NUJS Kolkata | Centre for Sports Law and Policy  SCC Online",https://news.google.com/rss/articles/CBMioAFBVV95cUxONGhwUlZwNENTU1NrVUw1MUlXZjRkNEszdzJQU0lhR0s1NldTLUdvS0tFbzNXTXNkU3hoSUVzUmFsaVhHSmdSb21JTU5hWGlidkY1WUgzRzgzbjBUeXJsNTUwczQ2SnQtTGM1RFhucmFKbTJZUG9VZndUdGx3bUNBemVNdTBzdXM4UkVfaVBFRDZHYXd0WGJIZEVyQzB6bXRR?oc=5
🔬 Science,2025-11-10 06:33:34,The science of weight loss – and why your brain is wired to keep you fat - The Conversation,The science of weight loss – and why your brain is wired to keep you fat  The Conversation,https://news.google.com/rss/articles/CBMiqAFBVV95cUxPb0hRbFFQdGhNZXBqVEpXWjlpTU53S1Y5eWVpNFY0dDhiSmdpM1JjN2drcnVDaExpT2ktWGJXSWMzU3RfWEh4V0kxWFNqQnBaVF9PQXNfUzhhRi1QMHNqZk1UbWZGUXBRaG4yR0d0WU1DXy1HX1VVYlJ4b2tTZEQ3akZlMWpZZy1KUEZWdF9IZzJEdkhicmRCSTQyVkd3WkdlM0ZXWXo2VFI?oc=5
💊 Health,2025-11-10 04:30:00,Put Down That Shot of Olive Oil and Just Use It in Salad Instead - health.com,Put Down That Shot of Olive Oil and Just Use It in Salad Instead  health.com,https://news.google.com/rss/articles/CBMiW0FVX3lxTE85R3cybk4wbmVXd2VXcDdyWC1BaWIxYUREbWVzb19RTjhOS0tyUkJ2UlF0bHY3WlNUZlVKNzM2ZUVlUmNyM19pZUM0eWl2OGdHelkwejFkeWJUZW8?oc=5
🏅 Sports,2025-11-09 20:16:35,"F1 Sao Paulo GP LIVE: Race, Sprint, Qualifying, Practice updates, results, stream, highlights from Brazil's Interlagos circuit - Sky Sports","F1 Sao Paulo GP LIVE: Race, Sprint, Qualifying, Practice updates, results, stream, highlights from Brazil's Interlagos circuit  Sky Sports",https://news.google.com/rss/articles/CBMiggJBVV95cUxQUl9xY0JfRUtEQ01wR01HZmtXWk1lc3RLMjNYRXFwS053MmZLT1lmTDNEY3g1R0pEQUlPME52Sjh5UGV1T21VdEVBSWpKVDc0WWM2b2VhV0JLNlBlRTI1SE9ReER3QzNIYUFyRmpyazdWOHJoeU8wQ2duSmw1ZWFZSWdSUmxsVU9qXzJTeG9RdGZRSVlFYWpMc0xQek04NkM3LXUycS1SLUFEX2pkZW1iNVJfc2VNcmRsdUdlY2c0NW1qdlNUSG1ZVElMTEVOSVd3aXFEdXZmQTM0cTRoeWZJOWpjQXZCbklnV0wtZWxfRC0wU05jN0NvMW1NWEo2VF9KcUE?oc=5
🏅 Sports,2025-11-09 18:38:00,Applying the Dravidian algorithm to sports - The Hindu,Applying the Dravidian algorithm to sports  The Hindu,https://news.google.com/rss/articles/CBMiowFBVV95cUxPRVEydElfcHl1TGVscUI3UzVoclpDT1JtSllBX0Q4LUc4cnRsdGJEY1diREkwZ2VKaHppek5XTVQ3aGNCSmtPWlgyLTBBMnZxLVVLWWhuVU10OFAzYjh4U1AzeXd3NkVVdm50Vkpqa0k0VEtkQV9kNktvVllDdjFZMGRhc1k0Z2RmNTVNRTd4WkNHUWFpVXBpZV9pUjdicjVuMEV30gGqAUFVX3lxTE9uUTlhM2VzTlJBM0VXQXg0N051M2JLOTBBMjhaNXJGYTBiWUF3clJhcVdWclpjV3htcEo4SnIzU3lZUmlfLWtMejBmSEFPQmJNR2Z3RlpOMjRyTWFWakEzNlFZMXVPOXl4Mm1HemdNb0dyc1loNzFhMzV2NTZKU01qbnhHRTQ1dzdRQkoxdzZlbFhMdmlURnRQWHFqd2FHRVlmTWpDVzJicG5B?oc=5
🏅 Sports,2025-11-09 18:04:00,Government urged to improve sports infrastructure in State - The Hindu,Government urged to improve sports infrastructure in State  The Hindu,https://news.google.com/rss/articles/CBMizAFBVV95cUxPT1JUVlN3MjR0RmppaGxkNFd2M3F2WTdTZmhBQmRsc3ByVWpKOUJGQWIxcjB2RW9SY25oOUVtX29MY05QQVlTWE5PRU1nSlBtUjRyaHRKM3EzVDEwNVg1ckdxRkduVG9UTUdfb2IwS2xUSEtKTS1wbXpkYkVKUmlrcE4yYmpsS2ZlZkxqLUdQRXpWMWt1ZkpHbm9UZnJYMHZuYTBnN0V4UkZxU3d6NjRFQUJhbWxuSk5fVHZpRnNPbjZPLWZCMG5iU3JDOE7SAdMBQVVfeXFMT21pZ25GOExHZW52dDNMQnJ2MS14RlVPWU5hVl9WYzhuN3pyVTJXdmhCTTg4Q29XY0tJd3Y4T0U5SVhJOXRiaURrX2gtVHdIZTJQakhfOFVpbGRVZkxRX3hpMWhLd2V0dDR4S1cyc3phZno0aEJCN3NDbHREblpyMDFfVnhydV9pR1oycDBfcUVVSzNBaXpnajJLZVllSWc4Z09NVFZSQjNwMkJXaTF1R3dEX0FacmJFdEhIQ19PejNKNmNXandrQ0RnOEZudWFXTmVLYw?oc=5
🖥️ Technology,2025-11-09 17:35:45,E-technology in the aid of farmers - ClearIAS,E-technology in the aid of farmers  ClearIAS,https://news.google.com/rss/articles/CBMiX0FVX3lxTE9EZlJjS3ZNZEpWdGFoLTAwZFBYY3NleFlNaThkNm5YZ2doV3I1eThzZi1JLVY2TFJKMGdKYjdkcTBLZmwtVnNHUlBfQ3Y4emRqNE1qT3ZBRF8wTTZkNC1j?oc=5
🔬 Science,2025-11-09 16:00:00,Cosmocité Science Center / Arcane Architectes - ArchDaily,Cosmocité Science Center / Arcane Architectes  ArchDaily,https://news.google.com/rss/articles/CBMigwFBVV95cUxQTWFzWVJVWnZBY1BjOTlOYk0zUXNqbGxielh6UmFaQmNyb1BEbG5wQk9WdXhhWHQ5cHhpTUhqR0hvNkN5elNPQTAtX1lsdUJUMHJyS1NrY1pFUHpmaXhfbDZrYWlFYkNDdEp5cHJOZ0FfZ1AxZUxiWlo4allxS3dSRjZTNA?oc=5
🖥️ Technology,2025-11-09 12:00:04,Is human imitation the right goal for technology? - Financial Times,Is human imitation the right goal for technology?  Financial Times,https://news.google.com/rss/articles/CBMicEFVX3lxTE9YTFdjZjFWMUdVQUlIakRrTG5EZHlBdzYzMjhMWmdfeXV3YjF2U09GRkpTY3BoSVhUZnFqN05RVzZmZEZsQWlEdldYSGFlbmJtZU4tX3hCaXlxYk9BS3ZlT1Y1M09Ya2c0UV9LVWxOU0E?oc=5
🏅 Sports,2025-11-09 08:00:00,"Connections: Sports Edition hints for Nov. 10, 2025, puzzle No. 413 - The New York Times","Connections: Sports Edition hints for Nov. 10, 2025, puzzle No. 413  The New York Times",https://news.google.com/rss/articles/CBMiowFBVV95cUxOckFBZWpDM2JSTnREU3F0YnJnb1d5WFlINXI2cDJxQzFIazlpUmtRWnlTX2ZOVnFEMHFiUEZ4WERrRFFyU01nb0ZXbVBUcFlVMGRuMjgzUlVxbm9yTXYxdXpSVmtzRU1DcGEyR0dCWEdIN05qUlhTbzd5WE1BcEJVS1dHLXVCWmllY3VKemswUHc1YVA2Vm5Kc253ZlNxNGxZbWg4?oc=5
💊 Health,2025-11-09 08:00:00,Technology to disrupt every aspect of healthcare: Narayana Health founder - Business Standard,Technology to disrupt every aspect of healthcare: Narayana Health founder  Business Standard,https://news.google.com/rss/articles/CBMi1wFBVV95cUxNY09vTDFhV25IT2dVemJOVnBIWUdGdURWQXJKM2xhUXdDSTB1Y2ZrTXNrajFieEItUmRUa3NjTmlRbFdUNk54My1ndnlqb25BSC1xQ1cwZjJaVU1OUzh3ZWZmMWxXdXU4TGZ1a3Q1SF9MMTNaa2RHSzJPd2ttVG81X0Y4LWJQb1M2anFiLXFuc3o0Rkc1OW1sNTc1VFYzRTAxOXRsUVhTMXdkNWlZTlB2M0FLUFhsSnFkSTdydnlOalE5RVllU2oxV19LeU1kdVI0N3FBYVBrRdIB3AFBVV95cUxNQTY1aktKRE12R3U3RGxCdEM0NjIzSFp6TmM3RUlKb3d6ZDhsMlZQSEZHZDEzVDRPcVlULU9CUXZNYVVuRHE3NmI1dnBJaXhZMmNwVmQ0a05pNGkzMkJzOF9HU2diNWhEZlhBZFE5bTVBNUZzajZhWWFPRk9SZjRhVmVmbHV5UG92c1FyRlZ5cGMtNU1JblRwRWFSaWdHVjFTSGtwV1VTdnRlQThIT3VDY3Y4NHJONDVnWE5lQkFCc1g3Z29MTHZkN3FEN0pYdWhRb3lnMmVxOFhjWjgz?oc=5
💊 Health,2025-11-09 08:00:00,Review to look at role of mental health issues in UK youth unemployment - The Guardian,Review to look at role of mental health issues in UK youth unemployment  The Guardian,https://news.google.com/rss/articles/CBMiqgFBVV95cUxPdGx1WmxJcnZoSHF4THB1QThDRms3dkwyS1dfTUJpVVlMb3dNUGctQ04wQnh1TUgyejZIQndUc013Tm9PQUk5NWVqNDdNdHFjYTBhUFQ1RjBYMDlWSGRpNEVKc1gtdEZwMmU5RW91cHJLa3hud3ZPYjZDWjBrYWdLR0RvRTRmdThkc0dGMVhVZWo1aWxhRnVDMmY5eU9tVTNFRkpDUVVQUDZtUQ?oc=5
🏅 Sports,2025-11-09 08:00:00,Sports on the air: Here’s what games are on TV and radio for the week of Nov. 9-15 - Deseret News,Sports on the air: Here’s what games are on TV and radio for the week of Nov. 9-15  Deseret News,https://news.google.com/rss/articles/CBMivwFBVV95cUxQYV9MUTVsWUNnNlIyYWlMMmVhemJ2c081c20zVXBjNVFDNWFCSU9OSGhoN004UDEtdkJ5YlpYMFhtZGxTU1NKbFBaNEptS25LTzBTZmhGNE1vcFNjV1JXNmhVUTRXcmE4RU9wOHJrUjZmU1ExdHVDbHhsNVRHeENhVGswQzg4Q1VqZjF0amNtaWFFUjg3RjNwVnNWWmQ5LUpFdTF1OWJadjRFdXFsdW1rdlRZcTN0akNWR0JJNUxXOA?oc=5
🖥️ Technology,2025-11-09 08:00:00,IIT Delhi open house inspires students with innovations in science and technology - The Times of India,IIT Delhi open house inspires students with innovations in science and technology  The Times of India,https://news.google.com/rss/articles/CBMi6gFBVV95cUxPVXpuRGJoaFdPbU9lWDJYRFRtUUZDSEZBOGJ2a1dvcmVmdkFfRlhlVUNXeV9Zczd0X0hPZENmTnpEVmtGZVd6REktX2lqTHVUZzEtYWxMdWpBNHIxOXhyekRjdTZEX2Y0Y2FOUi1Edk15NHdqZVFudlBLSTlySk9QbzdsTDZQYUpMcWptYUcxMk5PWUdkTGxwRHFxOWNQczdfNkJjVWNFb1JTSFJZYWtFUkpYWWdHRm5scmhtUjYyaWY1c3F0aENCLTV0RFJFLW1ZTHkwUDBURGJ0M3llbFI0RDlQcXBXQWJvUGfSAe8BQVVfeXFMTjh0WHZNQWwyNmkyVnFLMFpwUEs5bkdRTDBPcnpJUHJqX2VFMzJpc01TVGtEdEticjRvTDhtd1UzWHJVanhXTlJwSUhGT3JvdnI0WlBULWhUTGF1cnhXVXlnbkRidkxNOGF6a3BWd0FZUmxmUDA5M3JpSVBINmFhV0VBZ2tRN1VwXzVzZ1dvZmNFb01BaDhsTEJpVUZRUEpuYzZrTEdkcDZ5Z1I5NlNyUlFEOWJFRl84aVRsZzM4TGw3a1g2SVV3R0phUGZKU0lwRDlKUlhjQ2diRHZ4ZVhBd0NzaU8ySHJBdmF0UHkyRWc?oc=5
🏅 Sports,2025-11-09 08:00:00,US sports betting crisis grows as MLB’s Clase and Ortiz indicted over alleged rigged pitches - The Guardian,US sports betting crisis grows as MLB’s Clase and Ortiz indicted over alleged rigged pitches  The Guardian,https://news.google.com/rss/articles/CBMiowFBVV95cUxPS0k2WnJtRHczMFByS1p2NEZDZnVkbzNieHlGVnFaLUxjSUJ3azZjenhINE1QWmVCcUJDZXFJUzlEYlF2MFhyeWFVZEUxUmJZeXJlaTlQNWlWelRVQXJESjB0WjVEN0tBVng1c2g1ZWNnRlc0cWExakxrVlZZVElhcWwxWXU3SjFhaWVmdDhHMXpZT21DbEk5dDdKVGh4Und5YUtR?oc=5
🔬 Science,2025-11-09 07:16:00,An Expert Explains | Why Indian science fails to produce Nobel laureates - The Indian Express,An Expert Explains | Why Indian science fails to produce Nobel laureates  The Indian Express,https://news.google.com/rss/articles/CBMiwwFBVV95cUxOdDR1ZXBNN0dfY3NYQ2E3U2FTdElHVGQ1T1VmQ2ZZZlVYcDlQNEg5OHZVaWFDajVfQ29vT2hkTmluT2lPV05fd3pJeEkxTWRMSEhsZi1QSFcxSlAxUmhfN3dXLW11cGx4TVJJRlRodWF6TEFLZXpYQ0M5WDQ3MHZXTzVsY1lfNzhpWkRZZlBaalpIdzItV2N2RXh4M1VPTmxqTExVZmVTSzBkN2xHRWRhLUNmbWNUUHlJUlBCaUFUNkF1eTjSAcoBQVVfeXFMTW9EQ3ZmbFVadVNpMlA1bmhtX2lpV2wxS3RwWW5KenhkN2h3dTU4b2pyQUF4TkJfS2FpNHRfTWd0NlJLQzRKYkFXQm9JVnBXbGFET09ZRmh2bG1wdVV2Yl9KYmluTnk3b2Y3T0w5X1Brb2R5dno2UDB0UjNqY29DbXRxbFphNGQ5eno0YXhpRG1GMlRXb3piQXpOcTI4cWxIMlVrbWFKWEM4OTJ0NE1nbGxsR1RodExObTU3UWJVakNOa0RaUjRKWHkzUQ?oc=5
🖥️ Technology,2025-11-09 04:33:00,Sachin Chaudhari honored with SCRS-WUST Global Excellence Award 2025 for SAP technology leadership - The Times of India,Sachin Chaudhari honored with SCRS-WUST Global Excellence Award 2025 for SAP technology leadership  The Times of India,https://news.google.com/rss/articles/CBMi_wFBVV95cUxOeWNOVGFxWmc1YXE3VFJiWWpmYl8wckdrQlI5UnF3RXFhb0hrQWE1YmNjeDdmRFlUYlo5RkVOZWNuV0ozcFViMGlrMklLdUJBT0NHbGQzUXpKQ2FiTFNSVklVSEhSNzAzYkM5YmEzemtpcWp4dzI3WWNONktXYVJMTzRUQzFVcnV2TEw2cVdyT09CUVk2WEhIQzFQSE5nRjhlcnhkTVVnM3lOSC1wN25JM1FVWTNUYVpjYThscHZPdVpyckdqbEE2TW94TUYyR25xZDlwaTZLQXJ1R0hiN3ZLd0FFMGdPWmItQ3RmQm1QaEl4UTNfLVBpUkp5REIxN0XSAYQCQVVfeXFMUDN2VTNtSU9EQTdPSDRCaThsTXJlaFVKS0F3SVkwMHpXQjhhTHdqdGZBTXNQNUluaThfcGp3T2dUakxvWkVsWnlTYl92X19YSWJtSUYyUmdtNTk0NDVtYTdNQkFVaUY1b3VJSzNWdnEtcnQwTHZZN1BZNlU1Y29SS1Z3LWJXeVpGclpGa1lJQWEzYmhzc2hIU2tackdWckxYNFV0bjlac2JJLWdLOEFoUnFhRXR1Rnl5NV9taVhib29fT2p2TVlUTHpTTnI1NDJwZWU4MlFESmNPNVdyOTBpSmQ0ZU5MMVVCX1pfTmdySkk5MHlZclByZVFDNGxqVmhGM1ZUUkw?oc=5
🖥️ Technology,2025-11-09 04:30:15,OLED vs Micro-LED: Which display technology will shape the future of home entertainment? | Technology News - Hindustan Times,OLED vs Micro-LED: Which display technology will shape the future of home entertainment? | Technology News  Hindustan Times,https://news.google.com/rss/articles/CBMi4wFBVV95cUxOUlB4SVFaT0NzZ3ktNDZKVC1qMVlpMHpxa0JzQkRabnpXMDlHeFowN3l2XzB6MXMxVW5SYnFJQU1rQm9nQlJkUWRRUWh3Nlo0MW9kbE5lRkpIZmlaOUNDcDlEcnJlTHNKREJSWnpONVI2QXhqRWh3YnNBb1NEZmVaTmJXQ0lGLXQzdDBUUmRkT3lYUU10RzV0ZTFIX0tmTi00NmpqMVNLMFdqMnZZZzlZaDVfdVFOUmR6ZWE4NU9WTVZ2d0RZLXZwS1NCbkdtN3Atb2NzVHhqaDBGSUpXVllJS0VNQdIB6AFBVV95cUxOWWZ3UllPaGxMREFCSk0tX2t6TGdLSTVmeXhpQVR6eE1DSFo5eENRTEdVbnhXUjZYRFZKa1NDRGdBa05Rb0VfNXN4TkRqaWRxa25iVDA0MnFzWndxSFV4NUFqQVNWUWtjR3pQNHozRmItSXZELTBDMTZKWkEtSXhqSjNRZkxGeFNfNXByYlA1RjJSejREX1QzTFBVc3RVd1ZSLUYyQ1NEZ1ZTUnRCdVBjRDROMG9kU08tcWlmWFFqWC1qX0FCWE53Q1Y3SGhhRURwOEVCRWpENDNSRkVGcXFhdWZqbzN6T0tY?oc=5
🏅 Sports,2025-11-09 03:37:20,"15th National Games: Where sports, cutting-edge technologies converge - news.cgtn.com","15th National Games: Where sports, cutting-edge technologies converge  news.cgtn.com",https://news.google.com/rss/articles/CBMiwgFBVV95cUxPZG1RMl84TTFpRktodHpEVmM0YmMzdkdkZTg2aC11T2NzMDBqSm9hdGN2NWpXNHRsd25NUFJhR2FZaktfazFRZlQ3bXloa0tCMWJYMDJzdHVsTmd6azFucXUxSFNhZWZVS1ZhRExIaEo2Uy1zWW9oT1ZxcXNHZldPWHhlSHpWUHNZT3BfSVlncWR3SWJ6TF9fVUp5UWtJQVIzUGJEd2NBcEw5ZTZZN1lna08xS3ZsMFdWTURMTTFzdVl2QQ?oc=5
🔬 Science,2025-11-08 22:02:00,"Prof Rajaraman, 'Pitamah' of India's computer science education, dies at 92 - The Times of India","Prof Rajaraman, 'Pitamah' of India's computer science education, dies at 92  The Times of India",https://news.google.com/rss/articles/CBMi1AFBVV95cUxNOFlTT0ZEel9jRWRyVzRNdHdqWTgwcjJ2a3pjMXc3NFJNZXFBc1VKOEJlc2ZLRlJDal8yVXIwTlhDQUl2dGMtbzB2TDVKNlRfMHl5a1V4ekl4c2NCV2xyVFdMY0lWdTBfdjJVZGpubC1Uem10MEpsd2xoNnNvUWRkWkNGdlN4WUtDZHZMbFdYaTFhYzR2TzZvbU85VmlPVV9HMElQRUFqQ3lQQTJoa2tWVmxjSUNYV1VFM2pLempVTWw0U3RndGZBenROUkY5NjVLVk5IUtIB2gFBVV95cUxPenpoRnRWZmktSm8wU2pOYTR4YzZ4cnlHeWFxNHpWYjY3Y2FvN0diMkFORzBTQlphTjhfUFI0MVUyaWlQVXQwOTBQelhiYTJyRGFSMkVLTmQ0LWtZVWUxUGIyNENESEtBdjJiWkZrYzZkZXNDYlE5S1hRRUx2a2JBNW1hdGh1YzlRYXNuemY5MW5LVl9rd3llUnNTbjNSMGUxYmNXTm10WG9BUVNBb1dtMmMtVVRkcV9pRWJDeXBNWldWR21rYzNOV1NzZUJfcEc2VzZmSUlRQW45dw?oc=5
🏅 Sports,2025-11-08 15:45:00,1ST INTER-DEPARTMENTAL SPORTS MEET HELD AT CHIEPHOBOZOU - DIPR Nagaland,1ST INTER-DEPARTMENTAL SPORTS MEET HELD AT CHIEPHOBOZOU  DIPR Nagaland,https://news.google.com/rss/articles/CBMiiwFBVV95cUxNSGV5cmlacEx6dmZLaHVicW5hWFdaVzhsOXFEVEZ0UFlUNXZ3MFEtcUswcE1SZGI1R0VUdTRqQmVjNWdOSlJWcEd6elllTzJJUV9LcV9udjA5S0FuaUtyU3I2Rnd5SFJNakZ6amJzbGNrLU1NcHRmN3pmQ3ZlUWxVNmxKLXhGeW1iZmlj?oc=5
🖥️ Technology,2025-11-08 08:00:00,Climate technology start-up initiative set to take off in Tiruchi - The Hindu,Climate technology start-up initiative set to take off in Tiruchi  The Hindu,https://news.google.com/rss/articles/CBMi0wFBVV95cUxPQWliUFVUSEg0ZjNjQTVBR3BvRlhJNUt1N3A3eXliSFVrS1BjeXZxSFBjYzZrWF9CeExwM25NcklPdFd3TTM5am9JZjlHQjhxRTlFUUFONmhqeGoyc2c0S3BvTkRaR19idHk1ZUY2Z2ZTVTU1cDAxN0ptd2ZGZVQtOU5DUE9uQjJLR01fbnNZa3ZiUVhlVXpCRkFzNHZFcDUwZ05Sekh6bk9tdGhWUlU3aXAxOUM5dzlnR0tFXzRRdmtTMWRWc1VaX1FRd0lUdG1zek040gHaAUFVX3lxTFBvYTNTeDlsTHVWT2J6cUhTRHhBXzVscjFZTWw5bGNHSWxxZ05JR0ZDdjBRamY0RjVyb3VkZXlsazdmU0NYd3VrVm1tWmxReVp1M0htaFFpUDVGeUFFVThWWEVvTVJJZVJGXzVrTVNaS3J6U1h6WW4wZEJiTC1LcVlYSWlSRFNJUFAzMW1xODBTRjJUdVhDekg1RzRHV0pIZG5zeWowZDhiNW51Y3hCd290SFpqSG5XeWl3YVJ6R3JfbEw4RFJEQTVTajJSQWR0bzZlQWwyZ1ZiQUFB?oc=5
🔬 Science,2025-11-08 08:00:00,Students put ideas to test as State School Science Festival opens in Palakkad - The Hindu,Students put ideas to test as State School Science Festival opens in Palakkad  The Hindu,https://news.google.com/rss/articles/CBMi2wFBVV95cUxPWk5KVmNEcnV1V2g0Q3Nsbkp5T0ZKRUNjQjFEY3VLZmhtcVBJYloycm5tUm5fT3pLcGtneDd5dDZuZm1TTm81emUzTWVIVTlMTDlSa1lIVFgwNC12RFF6SW9PdC1zWTg2ck5BZld6cG5oRDVJOGtsX3RPMTk1OTlFTGVwWGxESXlLclAzZGI5RHRZWTZpd3l6d09PZHNQSFliWkMzSmlyd3cydFltWlN0ZEwtdHZMWVczMm1raDhrNDNvc3h2WXZXaC1DLW95OGVoQUphcERyUk1BRlXSAeIBQVVfeXFMT1dOTVZ0SW05b3hhaVlnSmpwa1Z4MEVfcDJMYm9TSFR6YW5qUjRLMVotNndfc040dW9TWXFzenJNQURxUk9MMFVpV0p6NUlvdEJiVTB2ZTlPR1dxdmItVm4zcDdicm5IU0dmZVJSay1Ta1BOa0xpVGlJdmRITHNnMWRqSXlnZ0F5TGdTSE9yNjFjd2RRSWFIbG42c1FmZkFTOGZkUTlMT1hYX3hDdmFNVUd0TjJJbmdNVHIybmg0OHNYWDFISnZQUER0aEN3T2FvMkNNRm53NXBPX0E5Ym54eHhkQQ?oc=5
🔬 Science,2025-11-08 08:00:00,"Some people love AI, others hate it. Here's why. - Live Science","Some people love AI, others hate it. Here's why.  Live Science",https://news.google.com/rss/articles/CBMiqwFBVV95cUxQcXV0aURTZWRwcWNTVS1xVk0yOFl1eHB0SGllbmRZRWlkWkRsdF9qdFFMWG1KbzNXLWJqUGI5akFXX3lFZFJBYUtnRjFmbWVnVkd3NDFwZ2lYLUV2VGowRmhfaWFMUmxZdlllVFlYb1FOSGp4dWhjX0RYN3Jvbm9SSzVWbXlyQmEydldJYkxQa01DR05MRE0xc3JfdFpjUjd0MFRSR3Q0VmQtVTQ?oc=5
🔬 Science,2025-11-08 08:00:00,"Why does boiling water have bubbles, except in a microwave? - Live Science","Why does boiling water have bubbles, except in a microwave?  Live Science",https://news.google.com/rss/articles/CBMimwFBVV95cUxQNEk4NTBlakM0U0dxZHJManptY1VlNW1FZUJLSWF5YVhWM19XNlpOZUdLWGhPbmRxNjdhUWxIYTFMQ0lxbjUwYmdtOTZnVU1yZFZLVklIQXZhUTFnRjNsSjJ5U0h6SHpsNmRWU1pVRzZyR1dUeEhDRVVKY0J2YXJFdGJNS0Q5ZXpTUXU1RmVCM1pjd3dBblZwWmwxYw?oc=5
🔬 Science,2025-11-08 08:00:00,Scientists find brain cells that could stop Alzheimer’s - ScienceDaily,Scientists find brain cells that could stop Alzheimer’s  ScienceDaily,https://news.google.com/rss/articles/CBMib0FVX3lxTE9vdDczaW9DN1RQQ3ItVU5TMzV2UGd3RDRqR0tiN0drZ25MT0o0WTE4bFhqWWRWRERtVkJlLVYzNUU2TVhtc25CeXFtNjR5NVZuNC1iNWtITHR2VWhvczRpc0hmNWlzQzlVME9UTkJMNA?oc=5
🔬 Science,2025-11-08 08:00:00,"Scientists Reveal a Clever Trick to Help Win Rock, Paper, Scissors - ScienceAlert","Scientists Reveal a Clever Trick to Help Win Rock, Paper, Scissors  ScienceAlert",https://news.google.com/rss/articles/CBMimAFBVV95cUxOaFg3VmpSMUIxOXowTEJXUkJscVFVaWpjbU9WTno0RWJWSDd0SnFPb2VkcFh3M0ZaODJjMnpzVXRxRGV0WWVtcDVOWUhUc29yU1JhaDN5TXlfb0hEVFNVVmdPOUZzNG9xNEpGSkl0UURZU2VvZHUyM2RVMjIwY2RjRU5GQlA3RjNYMkY3M2JvRURxY0pmalBTUQ?oc=5
🏅 Sports,2025-11-08 08:00:00,"Connections: Sports Edition hints for Nov. 9, 2025, puzzle No. 412 - The Athletic - The New York Times","Connections: Sports Edition hints for Nov. 9, 2025, puzzle No. 412 - The Athletic  The New York Times",https://news.google.com/rss/articles/CBMitAFBVV95cUxPV1VZUUdOdDhfUEsyZHZiVnBPbHVfMnJoa3dzMVpHTWRDMXlldmJ0WldKbVI1cXB1UUZWT2dVWjI3RVY1aWVmWHdWNUNreDVzVFdZTHNPd2hBZ0R6b0ctcFc5b2Z2MXI2ZnBiY3NpQjRTbk9XVGhmRmRVMElGNnNsMHBreFIyTnJJRGJLZXhpUkU0b203Q3VFRG1VVDRGRlJTeVJSb0djbS1rQkVYTHp4Uk04RXE?oc=5
🔬 Science,2025-11-08 05:58:00,Andhra Pradesh govt school students clinched awards at national science expo - The Times of India,Andhra Pradesh govt school students clinched awards at national science expo  The Times of India,https://news.google.com/rss/articles/CBMi6gFBVV95cUxOU0JfRngtLXJSeThsU3lwNW1sY05yeEZOSDNhS0x0TjFIX0gwZTlDVnRTYmVWUGI2LTBxYXZYOE1jUlFULXprb2hkU09Vcmp3TE1HdXJQZ29SakpFUmVjOGctMGREa3RhYXpGbWZ4NGVVSWphN0o4SkpaTnVsbXBsX3pYN3Q3VVViOV9hbk5fQVpPWll6aUtqUVRQem9rY0RjWXZDcnR0VE1senpYdlRJdms5SDlaWkVsY2VtQ20tZGY1UWFTRkUyRXBkWHZjR0kxbmdPWDN4Zms5RlN2Rlg4eUxXQ2hTZk1qREHSAe8BQVVfeXFMUHVINGsxaTA1OGM5cFktOXFRS3BSYTFnNzZvQ1VaNk9tSmEyN3E3ekZRU3RpeVpNVlFBSUpScVFPcnZMV0RzMFlzX3AtV1BlcFVIQXRXN1hJbWZuc2N4NEhuYURkLThTcExseGQyNEdlR2tPOTJSZldKZUQ4UEdvQnZ1ZkxhMUp5X0FlNnlucDY5ZVJnSWdoZUhMTkc5ODRSYTM2aVF6d0lldWYycFF3dkRpWHh0UjBORnY5WVZqdGJpRXFtU3Z4c1Axc0c4YTIxSW9aZVBpSmlLSkN3cjdCSFlyWV82R3BWbzdveW9mMHM?oc=5
